item_id,source,annotator_id,cs_label,to_label,annotated_at,interval_id,ontology_version,is_reevaluation,triggered_refinement
seaexam_0,SeaExam,Khang,CS-E,NAT,2026-05-02T23:46:09.482Z,1,v1,,
seaexam_0,SeaExam,Ngoc,CA,NAT,2026-05-03T09:16:58.365Z,1,v1,,
seaexam_0,SeaExam,Nhu,CA,NAT,2026-05-02T21:46:09.482Z,1,v1,,
seaexam_1,SeaExam,Khang,CS-E,NAT,2026-05-02T23:46:09.482Z,1,v1,,
seaexam_1,SeaExam,Ngoc,CS-H,NAT,2026-05-03T09:16:58.365Z,1,v1,,
seaexam_1,SeaExam,Nhu,CS-H,NAT,2026-05-02T21:46:09.482Z,1,v1,,
seaexam_2,SeaExam,Khang,CS-E,NAT,2026-05-02T23:46:09.482Z,1,v1,,
seaexam_2,SeaExam,Ngoc,CS-H,NAT,2026-05-03T09:16:58.365Z,1,v1,,
seaexam_2,SeaExam,Nhu,CS-E,NAT,2026-05-02T21:46:09.482Z,1,v1,,
seaexam_3,SeaExam,Khang,CS-E,NAT,2026-05-02T23:46:09.482Z,1,v1,,
seaexam_3,SeaExam,Ngoc,CS-H,NAT,2026-05-03T09:16:58.365Z,1,v1,,
seaexam_3,SeaExam,Nhu,CS-H,NAT,2026-05-02T21:46:09.482Z,1,v1,,
seaexam_4,SeaExam,Khang,CA,NAT,2026-05-02T23:46:09.482Z,1,v1,,
seaexam_4,SeaExam,Ngoc,CS-H,NAT,2026-05-03T09:16:58.365Z,1,v1,,
seaexam_4,SeaExam,Nhu,CA,NAT,2026-05-02T21:46:09.482Z,1,v1,,
seaexam_5,SeaExam,Khang,CS-H,NAT,2026-05-02T23:46:09.482Z,1,v1,,
seaexam_5,SeaExam,Ngoc,CS-H,NAT,2026-05-03T09:16:58.365Z,1,v1,,
seaexam_5,SeaExam,Nhu,CS-H,NAT,2026-05-02T21:46:09.482Z,1,v1,,
seaexam_6,SeaExam,Khang,CS-H,NAT,2026-05-02T23:46:09.482Z,1,v1,,
seaexam_6,SeaExam,Ngoc,CS-H,NAT,2026-05-03T09:16:58.365Z,1,v1,,
seaexam_6,SeaExam,Nhu,CS-H,NAT,2026-05-02T21:46:09.482Z,1,v1,,
seaexam_7,SeaExam,Khang,CS-E,NAT,2026-05-02T23:46:09.482Z,1,v1,,
seaexam_7,SeaExam,Ngoc,CA,NAT,2026-05-03T09:16:58.365Z,1,v1,,
seaexam_7,SeaExam,Nhu,CS-E,NAT,2026-05-02T21:46:09.482Z,1,v1,,
seaexam_8,SeaExam,Khang,CS-E,NAT,2026-05-02T23:46:09.482Z,1,v1,,
seaexam_8,SeaExam,Ngoc,CS-H,NAT,2026-05-03T09:16:58.365Z,1,v1,,
seaexam_8,SeaExam,Nhu,CS-E,NAT,2026-05-02T21:46:09.482Z,1,v1,,
seaexam_9,SeaExam,Khang,CS-E,NAT,2026-05-02T23:46:09.482Z,1,v1,,
seaexam_9,SeaExam,Ngoc,CS-E,NAT,2026-05-03T09:16:58.365Z,1,v1,,
seaexam_9,SeaExam,Nhu,CS-E,NAT,2026-05-02T21:46:09.482Z,1,v1,,
seaexam_10,SeaExam,Khang,CS-E,NAT,2026-05-02T23:46:09.482Z,1,v1,,
seaexam_10,SeaExam,Ngoc,CA,NAT,2026-05-03T09:16:58.365Z,1,v1,,
seaexam_10,SeaExam,Nhu,CS-E,NAT,2026-05-02T21:46:09.482Z,1,v1,,
seaexam_11,SeaExam,Khang,CS-H,NAT,2026-05-02T23:46:09.482Z,1,v1,,
seaexam_11,SeaExam,Ngoc,CS-H,NAT,2026-05-03T09:16:58.365Z,1,v1,,
seaexam_11,SeaExam,Nhu,CS-H,NAT,2026-05-02T21:46:09.482Z,1,v1,,
seaexam_12,SeaExam,Khang,CA,NAT,2026-05-02T23:46:09.482Z,1,v1,,
seaexam_12,SeaExam,Ngoc,CS-H,NAT,2026-05-03T09:16:58.365Z,1,v1,,
seaexam_12,SeaExam,Nhu,CA,NAT,2026-05-02T21:46:09.482Z,1,v1,,
seaexam_13,SeaExam,Khang,CS-H,NAT,2026-05-02T23:46:09.482Z,1,v1,,
seaexam_13,SeaExam,Ngoc,CS-H,NAT,2026-05-03T09:16:58.365Z,1,v1,,
seaexam_13,SeaExam,Nhu,CS-H,NAT,2026-05-02T21:46:09.482Z,1,v1,,
seaexam_14,SeaExam,Khang,CS-P,NAT,2026-05-02T23:46:09.482Z,1,v1,,
seaexam_14,SeaExam,Ngoc,CS-H,NAT,2026-05-03T09:16:58.365Z,1,v1,,
seaexam_14,SeaExam,Nhu,CS-H,NAT,2026-05-02T21:46:09.482Z,1,v1,,
seaexam_15,SeaExam,Khang,CS-E,NAT,2026-05-02T23:46:09.482Z,1,v1,,
seaexam_15,SeaExam,Ngoc,CA,NAT,2026-05-03T09:16:58.365Z,1,v1,,
seaexam_15,SeaExam,Nhu,CS-E,NAT,2026-05-02T21:46:09.482Z,1,v1,,
seaexam_16,SeaExam,Khang,CS-H,NAT,2026-05-02T23:46:09.482Z,1,v1,,
seaexam_16,SeaExam,Ngoc,CS-H,NAT,2026-05-03T09:16:58.365Z,1,v1,,
seaexam_16,SeaExam,Nhu,CS-H,NAT,2026-05-02T21:46:09.482Z,1,v1,,
seaexam_17,SeaExam,Khang,CS-H,NAT,2026-05-02T23:46:09.482Z,1,v1,,
seaexam_17,SeaExam,Ngoc,CS-H,NAT,2026-05-03T09:16:58.365Z,1,v1,,
seaexam_17,SeaExam,Nhu,CS-H,NAT,2026-05-02T21:46:09.482Z,1,v1,,
seaexam_18,SeaExam,Khang,CS-E,NAT,2026-05-02T23:46:09.482Z,1,v1,,
seaexam_18,SeaExam,Ngoc,CA,NAT,2026-05-03T09:16:58.365Z,1,v1,,
seaexam_18,SeaExam,Nhu,CS-E,NAT,2026-05-02T21:46:09.482Z,1,v1,,
seaexam_19,SeaExam,Khang,CS-E,NAT,2026-05-02T23:46:09.482Z,1,v1,,
seaexam_19,SeaExam,Ngoc,CS-H,NAT,2026-05-03T09:16:58.365Z,1,v1,,
seaexam_19,SeaExam,Nhu,CS-E,NAT,2026-05-02T21:46:09.482Z,1,v1,,
seaexam_20,SeaExam,Khang,CS-E,NAT,2026-05-02T23:46:09.482Z,1,v1,,
seaexam_20,SeaExam,Ngoc,CS-E,NAT,2026-05-03T09:16:58.365Z,1,v1,,
seaexam_20,SeaExam,Nhu,CS-E,NAT,2026-05-02T21:46:09.482Z,1,v1,,
seaexam_21,SeaExam,Khang,CS-H,NAT,2026-05-02T23:46:09.482Z,1,v1,,
seaexam_21,SeaExam,Ngoc,CS-H,NAT,2026-05-03T09:16:58.365Z,1,v1,,
seaexam_21,SeaExam,Nhu,CS-H,NAT,2026-05-02T21:46:09.482Z,1,v1,,
seaexam_22,SeaExam,Khang,CS-H,NAT,2026-05-02T23:46:09.482Z,1,v1,,
seaexam_22,SeaExam,Ngoc,CS-H,TRA,2026-05-03T09:16:58.365Z,1,v1,,
seaexam_22,SeaExam,Nhu,CS-H,NAT,2026-05-02T21:46:09.482Z,1,v1,,
seaexam_23,SeaExam,Khang,CS-E,NAT,2026-05-02T23:46:09.482Z,1,v1,,
seaexam_23,SeaExam,Ngoc,CS-E,NAT,2026-05-03T09:16:58.365Z,1,v1,,
seaexam_23,SeaExam,Nhu,CS-E,NAT,2026-05-02T21:46:09.482Z,1,v1,,
seaexam_24,SeaExam,Khang,CS-E,NAT,2026-05-02T23:46:09.482Z,1,v1,,
seaexam_24,SeaExam,Ngoc,CS-H,NAT,2026-05-03T09:16:58.365Z,1,v1,,
seaexam_24,SeaExam,Nhu,CS-H,NAT,2026-05-02T21:46:09.482Z,1,v1,,
seaexam_25,SeaExam,Khang,CS-E,NAT,2026-05-02T23:46:09.482Z,1,v1,,
seaexam_25,SeaExam,Ngoc,CA,NAT,2026-05-03T09:16:58.365Z,1,v1,,
seaexam_25,SeaExam,Nhu,CS-E,NAT,2026-05-02T21:46:09.482Z,1,v1,,
seaexam_26,SeaExam,Khang,CS-E,NAT,2026-05-02T23:46:09.482Z,1,v1,,
seaexam_26,SeaExam,Ngoc,CS-E,NAT,2026-05-03T09:16:58.365Z,1,v1,,
seaexam_26,SeaExam,Nhu,CS-E,NAT,2026-05-02T21:46:09.482Z,1,v1,,
seaexam_27,SeaExam,Khang,CS-E,NAT,2026-05-02T23:46:09.482Z,1,v1,,
seaexam_27,SeaExam,Ngoc,CS-E,NAT,2026-05-03T09:16:58.365Z,1,v1,,
seaexam_27,SeaExam,Nhu,CS-E,NAT,2026-05-02T21:46:09.482Z,1,v1,,
seaexam_28,SeaExam,Khang,CS-H,NAT,2026-05-02T23:46:09.482Z,1,v1,,
seaexam_28,SeaExam,Ngoc,CS-H,NAT,2026-05-03T09:16:58.365Z,1,v1,,
seaexam_28,SeaExam,Nhu,CS-H,NAT,2026-05-02T21:46:09.482Z,1,v1,,
seaexam_29,SeaExam,Khang,CS-E,NAT,2026-05-02T23:46:09.482Z,1,v1,,
seaexam_29,SeaExam,Ngoc,CS-H,NAT,2026-05-03T09:16:58.365Z,1,v1,,
seaexam_29,SeaExam,Nhu,CS-E,NAT,2026-05-02T21:46:09.482Z,1,v1,,
seaexam_30,SeaExam,Khang,CS-H,NAT,2026-05-02T23:46:09.482Z,1,v1,,
seaexam_30,SeaExam,Ngoc,CS-H,NAT,2026-05-03T09:16:58.365Z,1,v1,,
seaexam_30,SeaExam,Nhu,CS-H,NAT,2026-05-02T21:46:09.482Z,1,v1,,
seaexam_31,SeaExam,Khang,CS-E,NAT,2026-05-02T23:46:09.482Z,1,v1,,
seaexam_31,SeaExam,Ngoc,CA,NAT,2026-05-03T09:16:58.365Z,1,v1,,
seaexam_31,SeaExam,Nhu,CS-E,NAT,2026-05-02T21:46:09.482Z,1,v1,,
seaexam_32,SeaExam,Khang,CA,NAT,2026-05-02T23:46:09.482Z,1,v1,,
seaexam_32,SeaExam,Ngoc,CA,NAT,2026-05-03T09:16:58.365Z,1,v1,,
seaexam_32,SeaExam,Nhu,CA,NAT,2026-05-02T21:46:09.482Z,1,v1,,
seaexam_33,SeaExam,Khang,CS-E,NAT,2026-05-02T23:46:09.482Z,1,v1,,
seaexam_33,SeaExam,Ngoc,CS-E,NAT,2026-05-03T09:16:58.365Z,1,v1,,
seaexam_33,SeaExam,Nhu,CS-E,NAT,2026-05-02T21:46:09.482Z,1,v1,,
seaexam_34,SeaExam,Khang,CS-E,NAT,2026-05-02T23:46:09.482Z,1,v1,,
seaexam_34,SeaExam,Ngoc,CS-H,NAT,2026-05-03T09:16:58.365Z,1,v1,,
seaexam_34,SeaExam,Nhu,CS-H,NAT,2026-05-02T21:46:09.482Z,1,v1,,
seaexam_35,SeaExam,Khang,CS-H,NAT,2026-05-02T23:46:09.482Z,1,v1,,
seaexam_35,SeaExam,Ngoc,CS-H,NAT,2026-05-03T09:16:58.365Z,1,v1,,
seaexam_35,SeaExam,Nhu,CS-H,NAT,2026-05-02T21:46:09.482Z,1,v1,,
seaexam_36,SeaExam,Khang,CA,NAT,2026-05-02T23:46:09.482Z,1,v1,,
seaexam_36,SeaExam,Ngoc,CA,NAT,2026-05-03T09:16:58.365Z,1,v1,,
seaexam_36,SeaExam,Nhu,CA,NAT,2026-05-02T21:46:09.482Z,1,v1,,
seaexam_37,SeaExam,Khang,CA,NAT,2026-05-02T23:46:09.482Z,1,v1,,
seaexam_37,SeaExam,Ngoc,CS-E,NAT,2026-05-03T09:16:58.365Z,1,v1,,
seaexam_37,SeaExam,Nhu,CA,NAT,2026-05-02T21:46:09.482Z,1,v1,,
seaexam_38,SeaExam,Khang,CS-E,NAT,2026-05-02T23:46:09.482Z,1,v1,,
seaexam_38,SeaExam,Ngoc,CS-E,NAT,2026-05-03T09:16:58.365Z,1,v1,,
seaexam_38,SeaExam,Nhu,CS-E,NAT,2026-05-02T21:46:09.482Z,1,v1,,
seaexam_39,SeaExam,Khang,CA,NAT,2026-05-02T23:46:09.482Z,1,v1,,
seaexam_39,SeaExam,Ngoc,CS-E,NAT,2026-05-03T09:16:58.365Z,1,v1,,
seaexam_39,SeaExam,Nhu,CA,NAT,2026-05-02T21:46:09.482Z,1,v1,,
seaexam_40,SeaExam,Khang,CS-E,NAT,2026-05-02T23:46:09.482Z,1,v1,,
seaexam_40,SeaExam,Ngoc,CS-E,NAT,2026-05-03T09:16:58.365Z,1,v1,,
seaexam_40,SeaExam,Nhu,CS-E,NAT,2026-05-02T21:46:09.482Z,1,v1,,
seaexam_41,SeaExam,Khang,CS-E,NAT,2026-05-02T23:46:09.482Z,1,v1,,
seaexam_41,SeaExam,Ngoc,CS-E,NAT,2026-05-03T09:16:58.365Z,1,v1,,
seaexam_41,SeaExam,Nhu,CS-E,NAT,2026-05-02T21:46:09.482Z,1,v1,,
seaexam_42,SeaExam,Khang,CS-E,NAT,2026-05-02T23:46:09.482Z,1,v1,,
seaexam_42,SeaExam,Ngoc,CS-E,NAT,2026-05-03T09:16:58.365Z,1,v1,,
seaexam_42,SeaExam,Nhu,CS-E,NAT,2026-05-02T21:46:09.482Z,1,v1,,
seaexam_43,SeaExam,Khang,CS-E,NAT,2026-05-02T23:46:09.482Z,1,v1,,
seaexam_43,SeaExam,Ngoc,CS-H,NAT,2026-05-03T09:16:58.365Z,1,v1,,
seaexam_43,SeaExam,Nhu,CS-H,NAT,2026-05-02T21:46:09.482Z,1,v1,,
seaexam_44,SeaExam,Khang,CS-H,NAT,2026-05-02T23:46:09.482Z,1,v1,,
seaexam_44,SeaExam,Ngoc,CS-H,NAT,2026-05-03T09:16:58.365Z,1,v1,,
seaexam_44,SeaExam,Nhu,CS-H,NAT,2026-05-02T21:46:09.482Z,1,v1,,
seaexam_45,SeaExam,Khang,CS-H,NAT,2026-05-02T23:46:09.482Z,1,v1,,
seaexam_45,SeaExam,Ngoc,CA,TRA,2026-05-03T09:16:58.365Z,1,v1,,
seaexam_45,SeaExam,Nhu,CS-H,NAT,2026-05-02T21:46:09.482Z,1,v1,,
seaexam_46,SeaExam,Khang,CS-H,NAT,2026-05-02T23:46:09.482Z,1,v1,,
seaexam_46,SeaExam,Ngoc,CA,NAT,2026-05-03T09:16:58.365Z,1,v1,,
seaexam_46,SeaExam,Nhu,CA,NAT,2026-05-02T21:46:09.482Z,1,v1,,
seaexam_47,SeaExam,Khang,CS-H,NAT,2026-05-02T23:46:09.482Z,1,v1,,
seaexam_47,SeaExam,Ngoc,CS-H,NAT,2026-05-03T09:16:58.365Z,1,v1,,
seaexam_47,SeaExam,Nhu,CS-H,NAT,2026-05-02T21:46:09.482Z,1,v1,,
seaexam_48,SeaExam,Khang,CA,NAT,2026-05-02T23:46:09.482Z,1,v1,,
seaexam_48,SeaExam,Ngoc,CS-H,NAT,2026-05-03T09:16:58.365Z,1,v1,,
seaexam_48,SeaExam,Nhu,CA,NAT,2026-05-02T21:46:09.482Z,1,v1,,
seaexam_49,SeaExam,Khang,CS-H,NAT,2026-05-02T23:46:09.482Z,1,v1,,
seaexam_49,SeaExam,Ngoc,CS-H,NAT,2026-05-03T09:16:58.365Z,1,v1,,
seaexam_49,SeaExam,Nhu,CS-H,NAT,2026-05-02T21:46:09.482Z,1,v1,,
seaexam_50,SeaExam,Khang,CS-H,NAT,2026-05-02T23:46:09.482Z,1,v1,,
seaexam_50,SeaExam,Ngoc,CS-H,TRA,2026-05-03T09:16:58.365Z,1,v1,,
seaexam_50,SeaExam,Nhu,CS-H,NAT,2026-05-02T21:46:09.482Z,1,v1,,
seaexam_51,SeaExam,Khang,CS-H,NAT,2026-05-02T23:46:09.482Z,1,v1,,
seaexam_51,SeaExam,Ngoc,CS-H,NAT,2026-05-03T09:16:58.365Z,1,v1,,
seaexam_51,SeaExam,Nhu,CS-H,NAT,2026-05-02T21:46:09.482Z,1,v1,,
seaexam_52,SeaExam,Khang,CS-E,NAT,2026-05-02T23:46:09.482Z,1,v1,,
seaexam_52,SeaExam,Ngoc,CS-H,NAT,2026-05-03T09:16:58.365Z,1,v1,,
seaexam_52,SeaExam,Nhu,CS-H,NAT,2026-05-02T21:46:09.482Z,1,v1,,
seaexam_53,SeaExam,Khang,CS-E,NAT,2026-05-02T23:46:09.482Z,1,v1,,
seaexam_53,SeaExam,Ngoc,CS-E,NAT,2026-05-03T09:16:58.365Z,1,v1,,
seaexam_53,SeaExam,Nhu,CS-E,NAT,2026-05-02T21:46:09.482Z,1,v1,,
seaexam_54,SeaExam,Khang,CA,NAT,2026-05-02T23:46:09.482Z,1,v1,,
seaexam_54,SeaExam,Ngoc,CS-E,NAT,2026-05-03T09:16:58.365Z,1,v1,,
seaexam_54,SeaExam,Nhu,CS-E,NAT,2026-05-02T21:46:09.482Z,1,v1,,
seaexam_55,SeaExam,Khang,CS-H,NAT,2026-05-02T23:46:09.482Z,1,v1,,
seaexam_55,SeaExam,Ngoc,CS-E,NAT,2026-05-03T09:16:58.365Z,1,v1,,
seaexam_55,SeaExam,Nhu,CS-H,NAT,2026-05-02T21:46:09.482Z,1,v1,,
seaexam_56,SeaExam,Khang,CS-H,NAT,2026-05-02T23:46:09.482Z,1,v1,,
seaexam_56,SeaExam,Ngoc,CS-E,NAT,2026-05-03T09:16:58.365Z,1,v1,,
seaexam_56,SeaExam,Nhu,CS-E,NAT,2026-05-02T21:46:09.482Z,1,v1,,
seaexam_57,SeaExam,Khang,CS-E,NAT,2026-05-02T23:46:09.482Z,1,v1,,
seaexam_57,SeaExam,Ngoc,CS-H,NAT,2026-05-03T09:16:58.365Z,1,v1,,
seaexam_57,SeaExam,Nhu,CS-E,NAT,2026-05-02T21:46:09.482Z,1,v1,,
seaexam_58,SeaExam,Khang,CS-H,NAT,2026-05-02T23:46:09.482Z,1,v1,,
seaexam_58,SeaExam,Ngoc,CS-H,NAT,2026-05-03T09:16:58.365Z,1,v1,,
seaexam_58,SeaExam,Nhu,CS-H,NAT,2026-05-02T21:46:09.482Z,1,v1,,
seaexam_59,SeaExam,Khang,CS-E,NAT,2026-05-02T23:46:09.482Z,1,v1,,
seaexam_59,SeaExam,Ngoc,CS-H,NAT,2026-05-04T23:30:53.750Z,1,v1,,
seaexam_59,SeaExam,Nhu,CS-H,NAT,2026-05-02T21:46:09.482Z,1,v1,,
seaexam_60,SeaExam,Khang,CS-H,NAT,2026-05-02T23:46:09.482Z,1,v1,,
seaexam_60,SeaExam,Ngoc,CS-H,NAT,2026-05-03T07:33:54.939Z,1,v1,,
seaexam_60,SeaExam,Nhu,CS-H,NAT,2026-05-02T21:46:09.482Z,1,v1,,
seaexam_61,SeaExam,Khang,CS-H,NAT,2026-05-02T23:46:09.482Z,1,v1,,
seaexam_61,SeaExam,Ngoc,CS-H,NAT,2026-05-03T07:33:54.939Z,1,v1,,
seaexam_61,SeaExam,Nhu,CS-H,NAT,2026-05-02T21:46:09.482Z,1,v1,,
seaexam_62,SeaExam,Khang,CS-H,NAT,2026-05-02T23:46:09.482Z,1,v1,,
seaexam_62,SeaExam,Ngoc,CS-H,NAT,2026-05-03T07:33:54.939Z,1,v1,,
seaexam_62,SeaExam,Nhu,CS-H,NAT,2026-05-02T21:46:09.482Z,1,v1,,
seaexam_63,SeaExam,Khang,CS-E,NAT,2026-05-02T23:46:09.482Z,1,v1,,
seaexam_63,SeaExam,Ngoc,CS-H,NAT,2026-05-03T07:33:54.939Z,1,v1,,
seaexam_63,SeaExam,Nhu,CS-E,NAT,2026-05-02T21:46:09.482Z,1,v1,,
seaexam_64,SeaExam,Khang,CS-H,NAT,2026-05-02T23:46:09.482Z,1,v1,,
seaexam_64,SeaExam,Ngoc,CS-H,NAT,2026-05-03T07:33:54.939Z,1,v1,,
seaexam_64,SeaExam,Nhu,CS-H,NAT,2026-05-02T21:46:09.482Z,1,v1,,
seaexam_65,SeaExam,Khang,CS-E,NAT,2026-05-02T23:46:09.482Z,1,v1,,
seaexam_65,SeaExam,Ngoc,CS-E,NAT,2026-05-03T07:33:54.939Z,1,v1,,
seaexam_65,SeaExam,Nhu,CS-E,NAT,2026-05-02T21:46:09.482Z,1,v1,,
seaexam_66,SeaExam,Khang,CS-H,NAT,2026-05-02T23:46:09.482Z,1,v1,,
seaexam_66,SeaExam,Ngoc,CS-H,NAT,2026-05-03T07:33:54.939Z,1,v1,,
seaexam_66,SeaExam,Nhu,CS-H,NAT,2026-05-02T21:46:09.482Z,1,v1,,
seaexam_67,SeaExam,Khang,CS-H,NAT,2026-05-02T23:46:09.482Z,1,v1,,
seaexam_67,SeaExam,Ngoc,CS-H,NAT,2026-05-03T07:33:54.939Z,1,v1,,
seaexam_67,SeaExam,Nhu,CS-H,NAT,2026-05-02T21:46:09.482Z,1,v1,,
seaexam_68,SeaExam,Khang,CS-H,NAT,2026-05-02T23:46:09.482Z,1,v1,,
seaexam_68,SeaExam,Ngoc,CS-H,TRA,2026-05-03T07:33:54.939Z,1,v1,,
seaexam_68,SeaExam,Nhu,CS-H,NAT,2026-05-02T21:46:09.482Z,1,v1,,
seaexam_69,SeaExam,Khang,CS-E,NAT,2026-05-02T23:46:09.482Z,1,v1,,
seaexam_69,SeaExam,Ngoc,CS-H,NAT,2026-05-03T07:33:54.939Z,1,v1,,
seaexam_69,SeaExam,Nhu,CS-H,NAT,2026-05-02T21:46:09.482Z,1,v1,,
seaexam_70,SeaExam,Khang,CS-H,NAT,2026-05-02T23:46:09.482Z,1,v1,,
seaexam_70,SeaExam,Ngoc,CS-H,TRA,2026-05-03T07:33:54.939Z,1,v1,,
seaexam_70,SeaExam,Nhu,CS-H,NAT,2026-05-02T21:46:09.482Z,1,v1,,
seaexam_71,SeaExam,Khang,CS-E,NAT,2026-05-02T23:46:09.482Z,1,v1,,
seaexam_71,SeaExam,Ngoc,CS-E,TRA,2026-05-03T07:33:54.939Z,1,v1,,
seaexam_71,SeaExam,Nhu,CS-E,NAT,2026-05-02T21:46:09.482Z,1,v1,,
seaexam_72,SeaExam,Khang,CS-H,NAT,2026-05-02T23:46:09.482Z,1,v1,,
seaexam_72,SeaExam,Ngoc,CS-H,TRA,2026-05-03T07:33:54.939Z,1,v1,,
seaexam_72,SeaExam,Nhu,CS-H,NAT,2026-05-02T21:46:09.482Z,1,v1,,
seaexam_73,SeaExam,Khang,CS-E,NAT,2026-05-02T23:46:09.482Z,1,v1,,
seaexam_73,SeaExam,Ngoc,CS-H,NAT,2026-05-03T07:33:54.939Z,1,v1,,
seaexam_73,SeaExam,Nhu,CS-E,NAT,2026-05-02T21:46:09.482Z,1,v1,,
seaexam_74,SeaExam,Khang,CA,NAT,2026-05-02T23:46:09.482Z,1,v1,,
seaexam_74,SeaExam,Ngoc,CA,NAT,2026-05-03T07:33:54.939Z,1,v1,,
seaexam_74,SeaExam,Nhu,CA,NAT,2026-05-02T21:46:09.482Z,1,v1,,
seaexam_75,SeaExam,Khang,CS-E,NAT,2026-05-02T23:46:09.482Z,1,v1,,
seaexam_75,SeaExam,Ngoc,CS-H,NAT,2026-05-03T07:33:54.939Z,1,v1,,
seaexam_75,SeaExam,Nhu,CS-H,NAT,2026-05-02T21:46:09.482Z,1,v1,,
seaexam_76,SeaExam,Khang,CS-H,NAT,2026-05-02T23:46:09.482Z,1,v1,,
seaexam_76,SeaExam,Ngoc,CS-H,NAT,2026-05-03T07:33:54.939Z,1,v1,,
seaexam_76,SeaExam,Nhu,CS-H,NAT,2026-05-02T21:46:09.482Z,1,v1,,
seaexam_77,SeaExam,Khang,CS-H,NAT,2026-05-02T23:46:09.482Z,1,v1,,
seaexam_77,SeaExam,Ngoc,CA,NAT,2026-05-03T07:33:54.939Z,1,v1,,
seaexam_77,SeaExam,Nhu,CS-H,NAT,2026-05-02T21:46:09.482Z,1,v1,,
seaexam_78,SeaExam,Khang,CA,NAT,2026-05-02T23:46:09.482Z,1,v1,,
seaexam_78,SeaExam,Ngoc,CA,NAT,2026-05-03T07:33:54.939Z,1,v1,,
seaexam_78,SeaExam,Nhu,CA,NAT,2026-05-02T21:46:09.482Z,1,v1,,
seaexam_79,SeaExam,Khang,CS-E,NAT,2026-05-02T23:46:09.482Z,1,v1,,
seaexam_79,SeaExam,Ngoc,CS-E,NAT,2026-05-03T07:33:54.939Z,1,v1,,
seaexam_79,SeaExam,Nhu,CS-E,NAT,2026-05-02T21:46:09.482Z,1,v1,,
seaexam_80,SeaExam,Khang,CS-H,NAT,2026-05-02T23:46:09.482Z,1,v1,,
seaexam_80,SeaExam,Ngoc,CA,NAT,2026-05-03T07:33:54.939Z,1,v1,,
seaexam_80,SeaExam,Nhu,CS-H,NAT,2026-05-02T21:46:09.482Z,1,v1,,
seaexam_81,SeaExam,Khang,CS-H,NAT,2026-05-02T23:46:09.482Z,1,v1,,
seaexam_81,SeaExam,Ngoc,CS-E,NAT,2026-05-03T07:33:54.939Z,1,v1,,
seaexam_81,SeaExam,Nhu,CS-H,NAT,2026-05-02T21:46:09.482Z,1,v1,,
seaexam_82,SeaExam,Khang,CS-E,NAT,2026-05-02T23:46:09.482Z,1,v1,,
seaexam_82,SeaExam,Ngoc,CS-H,NAT,2026-05-03T07:33:54.939Z,1,v1,,
seaexam_82,SeaExam,Nhu,CS-H,NAT,2026-05-02T21:46:09.482Z,1,v1,,
seaexam_83,SeaExam,Khang,CS-H,NAT,2026-05-02T23:46:09.482Z,1,v1,,
seaexam_83,SeaExam,Ngoc,CS-H,NAT,2026-05-03T07:33:54.939Z,1,v1,,
seaexam_83,SeaExam,Nhu,CS-H,NAT,2026-05-02T21:46:09.482Z,1,v1,,
seaexam_84,SeaExam,Khang,CS-E,NAT,2026-05-02T23:46:09.482Z,1,v1,,
seaexam_84,SeaExam,Ngoc,CS-H,NAT,2026-05-03T07:33:54.939Z,1,v1,,
seaexam_84,SeaExam,Nhu,CS-E,NAT,2026-05-02T21:46:09.482Z,1,v1,,
seaexam_85,SeaExam,Khang,CA,NAT,2026-05-02T23:46:09.482Z,1,v1,,
seaexam_85,SeaExam,Ngoc,CA,NAT,2026-05-03T07:33:54.939Z,1,v1,,
seaexam_85,SeaExam,Nhu,CA,NAT,2026-05-02T21:46:09.482Z,1,v1,,
seaexam_86,SeaExam,Khang,CS-H,NAT,2026-05-02T23:46:09.482Z,1,v1,,
seaexam_86,SeaExam,Ngoc,CS-H,NAT,2026-05-03T07:33:54.939Z,1,v1,,
seaexam_86,SeaExam,Nhu,CS-H,NAT,2026-05-02T21:46:09.482Z,1,v1,,
seaexam_87,SeaExam,Khang,CS-E,NAT,2026-05-02T23:46:09.482Z,1,v1,,
seaexam_87,SeaExam,Ngoc,CS-H,NAT,2026-05-03T07:33:54.939Z,1,v1,,
seaexam_87,SeaExam,Nhu,CS-H,NAT,2026-05-02T21:46:09.482Z,1,v1,,
seaexam_88,SeaExam,Khang,CS-E,NAT,2026-05-02T23:46:09.482Z,1,v1,,
seaexam_88,SeaExam,Ngoc,CS-E,NAT,2026-05-03T07:33:54.939Z,1,v1,,
seaexam_88,SeaExam,Nhu,CS-E,NAT,2026-05-02T21:46:09.482Z,1,v1,,
seaexam_89,SeaExam,Khang,CS-E,NAT,2026-05-02T23:46:09.482Z,1,v1,,
seaexam_89,SeaExam,Ngoc,CS-E,NAT,2026-05-03T07:33:54.939Z,1,v1,,
seaexam_89,SeaExam,Nhu,CS-E,NAT,2026-05-02T21:46:09.482Z,1,v1,,
seaexam_90,SeaExam,Khang,CS-E,NAT,2026-05-02T23:46:09.482Z,1,v1,,
seaexam_90,SeaExam,Ngoc,CS-E,NAT,2026-05-03T09:16:58.365Z,1,v1,,
seaexam_90,SeaExam,Nhu,CS-E,NAT,2026-05-02T21:46:09.482Z,1,v1,,
seaexam_91,SeaExam,Khang,CS-E,NAT,2026-05-02T23:46:09.482Z,1,v1,,
seaexam_91,SeaExam,Ngoc,CS-H,NAT,2026-05-03T09:16:58.365Z,1,v1,,
seaexam_91,SeaExam,Nhu,CS-H,NAT,2026-05-02T21:46:09.482Z,1,v1,,
seaexam_92,SeaExam,Khang,CS-E,NAT,2026-05-02T23:46:09.482Z,1,v1,,
seaexam_92,SeaExam,Ngoc,CS-H,NAT,2026-05-03T09:16:58.365Z,1,v1,,
seaexam_92,SeaExam,Nhu,CS-H,NAT,2026-05-02T21:46:09.482Z,1,v1,,
seaexam_93,SeaExam,Khang,CS-E,NAT,2026-05-02T23:46:09.482Z,1,v1,,
seaexam_93,SeaExam,Ngoc,CS-E,NAT,2026-05-03T09:16:58.365Z,1,v1,,
seaexam_93,SeaExam,Nhu,CS-E,NAT,2026-05-02T21:46:09.482Z,1,v1,,
seaexam_94,SeaExam,Khang,CS-E,NAT,2026-05-02T23:46:09.482Z,1,v1,,
seaexam_94,SeaExam,Ngoc,CA,NAT,2026-05-03T09:16:58.365Z,1,v1,,
seaexam_94,SeaExam,Nhu,CS-E,NAT,2026-05-02T21:46:09.482Z,1,v1,,
seaexam_95,SeaExam,Khang,CS-H,NAT,2026-05-02T23:46:09.482Z,1,v1,,
seaexam_95,SeaExam,Ngoc,CS-H,NAT,2026-05-03T09:16:58.365Z,1,v1,,
seaexam_95,SeaExam,Nhu,CS-H,NAT,2026-05-02T21:46:09.482Z,1,v1,,
seaexam_96,SeaExam,Khang,CS-H,NAT,2026-05-02T23:46:09.482Z,1,v1,,
seaexam_96,SeaExam,Ngoc,CA,NAT,2026-05-03T09:16:58.365Z,1,v1,,
seaexam_96,SeaExam,Nhu,CS-H,NAT,2026-05-02T21:46:09.482Z,1,v1,,
seaexam_97,SeaExam,Khang,CS-E,NAT,2026-05-02T23:46:09.482Z,1,v1,,
seaexam_97,SeaExam,Ngoc,CS-H,NAT,2026-05-03T09:16:58.365Z,1,v1,,
seaexam_97,SeaExam,Nhu,CS-E,NAT,2026-05-02T21:46:09.482Z,1,v1,,
seaexam_98,SeaExam,Khang,CS-H,NAT,2026-05-02T23:46:09.482Z,1,v1,,
seaexam_98,SeaExam,Ngoc,CS-H,NAT,2026-05-03T09:16:58.365Z,1,v1,,
seaexam_98,SeaExam,Nhu,CS-H,NAT,2026-05-02T21:46:09.482Z,1,v1,,
seaexam_99,SeaExam,Khang,CS-H,NAT,2026-05-02T23:46:09.482Z,1,v1,,
seaexam_99,SeaExam,Ngoc,CS-H,NAT,2026-05-03T09:16:58.365Z,1,v1,,
seaexam_99,SeaExam,Nhu,CS-H,NAT,2026-05-02T21:46:09.482Z,1,v1,,
seaexam_100,SeaExam,Khang,CS-H,NAT,2026-05-02T23:46:09.482Z,1,v1,,
seaexam_100,SeaExam,Ngoc,CA,NAT,2026-05-03T09:16:58.365Z,1,v1,,
seaexam_100,SeaExam,Nhu,CS-H,NAT,2026-05-02T21:46:09.482Z,1,v1,,
seaexam_101,SeaExam,Khang,CS-E,NAT,2026-05-02T23:46:09.482Z,1,v1,,
seaexam_101,SeaExam,Ngoc,CS-E,NAT,2026-05-03T09:16:58.365Z,1,v1,,
seaexam_101,SeaExam,Nhu,CS-E,NAT,2026-05-02T21:46:09.482Z,1,v1,,
seaexam_102,SeaExam,Khang,CS-E,NAT,2026-05-02T23:46:09.482Z,1,v1,,
seaexam_102,SeaExam,Ngoc,CS-H,NAT,2026-05-03T09:16:58.365Z,1,v1,,
seaexam_102,SeaExam,Nhu,CS-H,NAT,2026-05-02T21:46:09.482Z,1,v1,,
seaexam_103,SeaExam,Khang,CS-H,NAT,2026-05-02T23:46:09.482Z,1,v1,,
seaexam_103,SeaExam,Ngoc,CS-H,NAT,2026-05-03T09:16:58.365Z,1,v1,,
seaexam_103,SeaExam,Nhu,CS-H,NAT,2026-05-02T21:46:09.482Z,1,v1,,
seaexam_104,SeaExam,Khang,CS-H,NAT,2026-05-02T23:46:09.482Z,1,v1,,
seaexam_104,SeaExam,Ngoc,CS-E,NAT,2026-05-03T09:16:58.365Z,1,v1,,
seaexam_104,SeaExam,Nhu,CS-H,NAT,2026-05-02T21:46:09.482Z,1,v1,,
seaexam_105,SeaExam,Khang,CS-H,NAT,2026-05-02T23:46:09.482Z,1,v1,,
seaexam_105,SeaExam,Ngoc,CS-E,NAT,2026-05-03T09:16:58.365Z,1,v1,,
seaexam_105,SeaExam,Nhu,CS-H,NAT,2026-05-02T21:46:09.482Z,1,v1,,
seaexam_106,SeaExam,Khang,CS-H,NAT,2026-05-02T23:46:09.482Z,1,v1,,
seaexam_106,SeaExam,Ngoc,CS-E,NAT,2026-05-03T09:16:58.365Z,1,v1,,
seaexam_106,SeaExam,Nhu,CS-H,NAT,2026-05-02T21:46:09.482Z,1,v1,,
seaexam_107,SeaExam,Khang,CS-E,NAT,2026-05-02T23:46:09.482Z,1,v1,,
seaexam_107,SeaExam,Ngoc,CS-E,NAT,2026-05-03T09:16:58.365Z,1,v1,,
seaexam_107,SeaExam,Nhu,CS-E,NAT,2026-05-02T21:46:09.482Z,1,v1,,
seaexam_108,SeaExam,Khang,CS-E,NAT,2026-05-02T23:46:09.482Z,1,v1,,
seaexam_108,SeaExam,Ngoc,CS-H,NAT,2026-05-03T09:16:58.365Z,1,v1,,
seaexam_108,SeaExam,Nhu,CS-H,NAT,2026-05-02T21:46:09.482Z,1,v1,,
seaexam_109,SeaExam,Khang,CS-E,NAT,2026-05-02T23:46:09.482Z,1,v1,,
seaexam_109,SeaExam,Ngoc,CS-E,NAT,2026-05-03T09:16:58.365Z,1,v1,,
seaexam_109,SeaExam,Nhu,CS-E,NAT,2026-05-02T21:46:09.482Z,1,v1,,
seaexam_110,SeaExam,Khang,CS-E,NAT,2026-05-02T23:46:09.482Z,1,v1,,
seaexam_110,SeaExam,Ngoc,CS-E,NAT,2026-05-03T09:16:58.365Z,1,v1,,
seaexam_110,SeaExam,Nhu,CS-E,NAT,2026-05-02T21:46:09.482Z,1,v1,,
seaexam_111,SeaExam,Khang,CS-E,NAT,2026-05-02T23:46:09.482Z,1,v1,,
seaexam_111,SeaExam,Ngoc,CS-H,NAT,2026-05-03T09:16:58.365Z,1,v1,,
seaexam_111,SeaExam,Nhu,CS-H,NAT,2026-05-02T21:46:09.482Z,1,v1,,
seaexam_112,SeaExam,Khang,CS-E,NAT,2026-05-02T23:46:09.482Z,1,v1,,
seaexam_112,SeaExam,Ngoc,CS-H,NAT,2026-05-03T09:16:58.365Z,1,v1,,
seaexam_112,SeaExam,Nhu,CS-E,NAT,2026-05-02T21:46:09.482Z,1,v1,,
seaexam_113,SeaExam,Khang,CA,NAT,2026-05-02T23:46:09.482Z,1,v1,,
seaexam_113,SeaExam,Ngoc,CS-E,NAT,2026-05-03T09:16:58.365Z,1,v1,,
seaexam_113,SeaExam,Nhu,CA,NAT,2026-05-02T21:46:09.482Z,1,v1,,
seaexam_114,SeaExam,Khang,CS-H,NAT,2026-05-02T23:46:09.482Z,1,v1,,
seaexam_114,SeaExam,Ngoc,CS-H,NAT,2026-05-03T09:16:58.365Z,1,v1,,
seaexam_114,SeaExam,Nhu,CS-H,NAT,2026-05-02T21:46:09.482Z,1,v1,,
seaexam_115,SeaExam,Khang,CS-E,NAT,2026-05-02T23:46:09.482Z,1,v1,,
seaexam_115,SeaExam,Ngoc,CS-E,NAT,2026-05-03T09:16:58.365Z,1,v1,,
seaexam_115,SeaExam,Nhu,CS-E,NAT,2026-05-02T21:46:09.482Z,1,v1,,
seaexam_116,SeaExam,Khang,CS-H,NAT,2026-05-02T23:46:09.482Z,1,v1,,
seaexam_116,SeaExam,Ngoc,CS-H,NAT,2026-05-03T09:16:58.365Z,1,v1,,
seaexam_116,SeaExam,Nhu,CS-H,NAT,2026-05-02T21:46:09.482Z,1,v1,,
seaexam_117,SeaExam,Khang,CS-E,NAT,2026-05-02T23:46:09.482Z,1,v1,,
seaexam_117,SeaExam,Ngoc,CS-E,NAT,2026-05-03T09:16:58.365Z,1,v1,,
seaexam_117,SeaExam,Nhu,CS-E,NAT,2026-05-02T21:46:09.482Z,1,v1,,
seaexam_118,SeaExam,Khang,CS-E,NAT,2026-05-02T23:46:09.482Z,1,v1,,
seaexam_118,SeaExam,Ngoc,CS-H,NAT,2026-05-03T09:16:58.365Z,1,v1,,
seaexam_118,SeaExam,Nhu,CS-H,NAT,2026-05-02T21:46:09.482Z,1,v1,,
seaexam_119,SeaExam,Khang,CS-E,NAT,2026-05-02T23:46:09.482Z,1,v1,,
seaexam_119,SeaExam,Ngoc,CS-E,NAT,2026-05-03T09:16:58.365Z,1,v1,,
seaexam_119,SeaExam,Nhu,CS-E,NAT,2026-05-02T21:46:09.482Z,1,v1,,
seaexam_120,SeaExam,Khang,CS-E,NAT,2026-05-02T23:46:09.482Z,1,v1,,
seaexam_120,SeaExam,Ngoc,CS-E,NAT,2026-05-03T09:16:58.365Z,1,v1,,
seaexam_120,SeaExam,Nhu,CS-E,NAT,2026-05-02T21:46:09.482Z,1,v1,,
seaexam_121,SeaExam,Khang,CS-H,NAT,2026-05-02T23:46:09.482Z,1,v1,,
seaexam_121,SeaExam,Ngoc,CS-H,NAT,2026-05-03T09:16:58.365Z,1,v1,,
seaexam_121,SeaExam,Nhu,CS-H,NAT,2026-05-02T21:46:09.482Z,1,v1,,
seaexam_122,SeaExam,Khang,CA,NAT,2026-05-02T23:46:09.482Z,1,v1,,
seaexam_122,SeaExam,Ngoc,CS-L,NAT,2026-05-03T09:16:58.365Z,1,v1,,
seaexam_122,SeaExam,Nhu,CA,NAT,2026-05-02T21:46:09.482Z,1,v1,,
seaexam_123,SeaExam,Khang,CS-H,NAT,2026-05-02T23:46:09.482Z,1,v1,,
seaexam_123,SeaExam,Ngoc,CS-L,NAT,2026-05-03T09:16:58.365Z,1,v1,,
seaexam_123,SeaExam,Nhu,CS-L,NAT,2026-05-02T21:46:09.482Z,1,v1,,
seaexam_124,SeaExam,Khang,CS-H,NAT,2026-05-02T23:46:09.482Z,1,v1,,
seaexam_124,SeaExam,Ngoc,CS-H,NAT,2026-05-03T09:16:58.365Z,1,v1,,
seaexam_124,SeaExam,Nhu,CS-H,NAT,2026-05-02T21:46:09.482Z,1,v1,,
seaexam_125,SeaExam,Khang,CA,NAT,2026-05-02T23:46:09.482Z,1,v1,,
seaexam_125,SeaExam,Ngoc,CS-E,NAT,2026-05-03T09:16:58.365Z,1,v1,,
seaexam_125,SeaExam,Nhu,CA,NAT,2026-05-02T21:46:09.482Z,1,v1,,
seaexam_126,SeaExam,Khang,CS-H,NAT,2026-05-02T23:46:09.482Z,1,v1,,
seaexam_126,SeaExam,Ngoc,CS-H,NAT,2026-05-03T09:16:58.365Z,1,v1,,
seaexam_126,SeaExam,Nhu,CS-H,NAT,2026-05-02T21:46:09.482Z,1,v1,,
seaexam_127,SeaExam,Khang,CS-E,NAT,2026-05-02T23:46:09.482Z,1,v1,,
seaexam_127,SeaExam,Ngoc,CS-E,NAT,2026-05-03T09:16:58.365Z,1,v1,,
seaexam_127,SeaExam,Nhu,CS-E,NAT,2026-05-02T21:46:09.482Z,1,v1,,
seaexam_128,SeaExam,Khang,CS-H,NAT,2026-05-02T23:46:09.482Z,1,v1,,
seaexam_128,SeaExam,Ngoc,CS-L,NAT,2026-05-03T09:16:58.365Z,1,v1,,
seaexam_128,SeaExam,Nhu,CS-H,NAT,2026-05-02T21:46:09.482Z,1,v1,,
seaexam_129,SeaExam,Khang,CS-E,NAT,2026-05-02T23:46:09.482Z,1,v1,,
seaexam_129,SeaExam,Ngoc,CS-H,NAT,2026-05-03T09:16:58.365Z,1,v1,,
seaexam_129,SeaExam,Nhu,CS-H,NAT,2026-05-02T21:46:09.482Z,1,v1,,
seaexam_130,SeaExam,Khang,CS-H,NAT,2026-05-02T23:46:09.482Z,1,v1,,
seaexam_130,SeaExam,Ngoc,CA,NAT,2026-05-03T09:16:58.365Z,1,v1,,
seaexam_130,SeaExam,Nhu,CS-H,NAT,2026-05-02T21:46:09.482Z,1,v1,,
seaexam_131,SeaExam,Khang,CS-H,NAT,2026-05-02T23:46:09.482Z,1,v1,,
seaexam_131,SeaExam,Ngoc,CS-L,NAT,2026-05-03T09:16:58.365Z,1,v1,,
seaexam_131,SeaExam,Nhu,CS-H,NAT,2026-05-02T21:46:09.482Z,1,v1,,
seaexam_132,SeaExam,Khang,CS-H,NAT,2026-05-02T23:46:09.482Z,1,v1,,
seaexam_132,SeaExam,Ngoc,CA,NAT,2026-05-03T09:16:58.365Z,1,v1,,
seaexam_132,SeaExam,Nhu,CS-H,NAT,2026-05-02T21:46:09.482Z,1,v1,,
seaexam_133,SeaExam,Khang,CS-E,NAT,2026-05-02T23:46:09.482Z,1,v1,,
seaexam_133,SeaExam,Ngoc,CS-E,NAT,2026-05-03T09:16:58.365Z,1,v1,,
seaexam_133,SeaExam,Nhu,CS-E,NAT,2026-05-02T21:46:09.482Z,1,v1,,
seaexam_134,SeaExam,Khang,CS-H,NAT,2026-05-02T23:46:09.482Z,1,v1,,
seaexam_134,SeaExam,Ngoc,CS-H,NAT,2026-05-03T09:16:58.365Z,1,v1,,
seaexam_134,SeaExam,Nhu,CS-H,NAT,2026-05-02T21:46:09.482Z,1,v1,,
seaexam_135,SeaExam,Khang,CS-E,NAT,2026-05-02T23:46:09.482Z,1,v1,,
seaexam_135,SeaExam,Ngoc,CS-H,NAT,2026-05-03T09:16:58.365Z,1,v1,,
seaexam_135,SeaExam,Nhu,CS-H,NAT,2026-05-02T21:46:09.482Z,1,v1,,
seaexam_136,SeaExam,Khang,CS-E,NAT,2026-05-02T23:46:09.482Z,1,v1,,
seaexam_136,SeaExam,Ngoc,CS-E,NAT,2026-05-03T09:16:58.365Z,1,v1,,
seaexam_136,SeaExam,Nhu,CS-E,NAT,2026-05-02T21:46:09.482Z,1,v1,,
seaexam_137,SeaExam,Khang,CS-E,NAT,2026-05-02T23:46:09.482Z,1,v1,,
seaexam_137,SeaExam,Ngoc,CA,NAT,2026-05-03T09:16:58.365Z,1,v1,,
seaexam_137,SeaExam,Nhu,CA,NAT,2026-05-02T21:46:09.482Z,1,v1,,
seaexam_138,SeaExam,Khang,CS-E,NAT,2026-05-02T23:46:09.482Z,1,v1,,
seaexam_138,SeaExam,Ngoc,CS-E,NAT,2026-05-03T09:16:58.365Z,1,v1,,
seaexam_138,SeaExam,Nhu,CS-E,NAT,2026-05-02T21:46:09.482Z,1,v1,,
seaexam_139,SeaExam,Khang,CS-E,NAT,2026-05-02T23:46:09.482Z,1,v1,,
seaexam_139,SeaExam,Ngoc,CS-E,NAT,2026-05-03T09:16:58.365Z,1,v1,,
seaexam_139,SeaExam,Nhu,CS-E,NAT,2026-05-02T21:46:09.482Z,1,v1,,
seaexam_140,SeaExam,Khang,CS-E,NAT,2026-05-02T23:46:09.482Z,1,v1,,
seaexam_140,SeaExam,Ngoc,CS-H,NAT,2026-05-03T09:16:58.365Z,1,v1,,
seaexam_140,SeaExam,Nhu,CS-H,NAT,2026-05-02T21:46:09.482Z,1,v1,,
seaexam_141,SeaExam,Khang,CS-E,NAT,2026-05-02T23:46:09.482Z,1,v1,,
seaexam_141,SeaExam,Ngoc,CS-H,NAT,2026-05-03T09:16:58.365Z,1,v1,,
seaexam_141,SeaExam,Nhu,CS-H,NAT,2026-05-02T21:46:09.482Z,1,v1,,
seaexam_142,SeaExam,Khang,CS-H,NAT,2026-05-02T23:46:09.482Z,1,v1,,
seaexam_142,SeaExam,Ngoc,CS-H,NAT,2026-05-03T09:16:58.365Z,1,v1,,
seaexam_142,SeaExam,Nhu,CS-H,NAT,2026-05-02T21:46:09.482Z,1,v1,,
seaexam_143,SeaExam,Khang,CS-E,NAT,2026-05-02T23:46:09.482Z,1,v1,,
seaexam_143,SeaExam,Ngoc,CS-E,NAT,2026-05-03T09:16:58.365Z,1,v1,,
seaexam_143,SeaExam,Nhu,CS-E,NAT,2026-05-02T21:46:09.482Z,1,v1,,
seaexam_144,SeaExam,Khang,CS-E,NAT,2026-05-02T23:46:09.482Z,1,v1,,
seaexam_144,SeaExam,Ngoc,CS-H,NAT,2026-05-03T09:16:58.365Z,1,v1,,
seaexam_144,SeaExam,Nhu,CS-E,NAT,2026-05-02T21:46:09.482Z,1,v1,,
seaexam_145,SeaExam,Khang,CS-E,NAT,2026-05-02T23:46:09.482Z,1,v1,,
seaexam_145,SeaExam,Ngoc,CS-H,NAT,2026-05-03T09:16:58.365Z,1,v1,,
seaexam_145,SeaExam,Nhu,CS-H,NAT,2026-05-02T21:46:09.482Z,1,v1,,
seaexam_146,SeaExam,Khang,CA,NAT,2026-05-02T23:46:09.482Z,1,v1,,
seaexam_146,SeaExam,Ngoc,CS-L,NAT,2026-05-03T09:16:58.365Z,1,v1,,
seaexam_146,SeaExam,Nhu,CA,NAT,2026-05-02T21:46:09.482Z,1,v1,,
seaexam_147,SeaExam,Khang,CS-H,NAT,2026-05-02T23:46:09.482Z,1,v1,,
seaexam_147,SeaExam,Ngoc,CS-H,NAT,2026-05-03T09:16:58.365Z,1,v1,,
seaexam_147,SeaExam,Nhu,CS-H,NAT,2026-05-02T21:46:09.482Z,1,v1,,
seaexam_148,SeaExam,Khang,CS-H,NAT,2026-05-02T23:46:09.482Z,1,v1,,
seaexam_148,SeaExam,Ngoc,CS-H,NAT,2026-05-03T09:16:58.365Z,1,v1,,
seaexam_148,SeaExam,Nhu,CS-H,NAT,2026-05-02T21:46:09.482Z,1,v1,,
seaexam_149,SeaExam,Khang,CS-H,NAT,2026-05-02T23:46:09.482Z,1,v1,,
seaexam_149,SeaExam,Ngoc,CS-H,NAT,2026-05-03T09:16:58.365Z,1,v1,,
seaexam_149,SeaExam,Nhu,CS-H,NAT,2026-05-02T21:46:09.482Z,1,v1,,
seaexam_150,SeaExam,Khang,CS-E,NAT,2026-05-02T23:46:09.482Z,1,v1,,
seaexam_150,SeaExam,Ngoc,CS-E,NAT,2026-05-03T09:16:58.365Z,1,v1,,
seaexam_150,SeaExam,Nhu,CS-E,NAT,2026-05-02T21:46:09.482Z,1,v1,,
seaexam_151,SeaExam,Khang,CS-E,NAT,2026-05-02T23:46:09.482Z,1,v1,,
seaexam_151,SeaExam,Ngoc,CS-E,NAT,2026-05-03T09:16:58.365Z,1,v1,,
seaexam_151,SeaExam,Nhu,CS-E,NAT,2026-05-02T21:46:09.482Z,1,v1,,
seaexam_152,SeaExam,Khang,CA,NAT,2026-05-02T23:46:09.482Z,1,v1,,
seaexam_152,SeaExam,Ngoc,CS-E,NAT,2026-05-03T09:16:58.365Z,1,v1,,
seaexam_152,SeaExam,Nhu,CA,NAT,2026-05-02T21:46:09.482Z,1,v1,,
seaexam_153,SeaExam,Khang,CS-E,NAT,2026-05-02T23:46:09.482Z,1,v1,,
seaexam_153,SeaExam,Ngoc,CS-H,NAT,2026-05-03T09:16:58.365Z,1,v1,,
seaexam_153,SeaExam,Nhu,CS-E,NAT,2026-05-02T21:46:09.482Z,1,v1,,
seaexam_154,SeaExam,Khang,CS-E,NAT,2026-05-02T23:46:09.482Z,1,v1,,
seaexam_154,SeaExam,Ngoc,CS-H,NAT,2026-05-03T09:16:58.365Z,1,v1,,
seaexam_154,SeaExam,Nhu,CS-H,NAT,2026-05-02T21:46:09.482Z,1,v1,,
seaexam_155,SeaExam,Khang,CS-H,NAT,2026-05-02T23:46:09.482Z,1,v1,,
seaexam_155,SeaExam,Ngoc,CA,NAT,2026-05-03T09:16:58.365Z,1,v1,,
seaexam_155,SeaExam,Nhu,CS-H,NAT,2026-05-02T21:46:09.482Z,1,v1,,
seaexam_156,SeaExam,Khang,CA,NAT,2026-05-02T23:46:09.482Z,1,v1,,
seaexam_156,SeaExam,Ngoc,CS-E,NAT,2026-05-03T09:16:58.365Z,1,v1,,
seaexam_156,SeaExam,Nhu,CA,NAT,2026-05-02T21:46:09.482Z,1,v1,,
seaexam_157,SeaExam,Khang,CS-H,NAT,2026-05-02T23:46:09.482Z,1,v1,,
seaexam_157,SeaExam,Ngoc,CS-H,NAT,2026-05-03T09:16:58.365Z,1,v1,,
seaexam_157,SeaExam,Nhu,CS-H,NAT,2026-05-02T21:46:09.482Z,1,v1,,
seaexam_158,SeaExam,Khang,CS-H,NAT,2026-05-02T23:46:09.482Z,1,v1,,
seaexam_158,SeaExam,Ngoc,CS-H,NAT,2026-05-03T09:16:58.365Z,1,v1,,
seaexam_158,SeaExam,Nhu,CS-H,NAT,2026-05-02T21:46:09.482Z,1,v1,,
seaexam_159,SeaExam,Khang,CS-E,NAT,2026-05-02T23:46:09.482Z,1,v1,,
seaexam_159,SeaExam,Ngoc,CS-H,NAT,2026-05-03T09:16:58.365Z,1,v1,,
seaexam_159,SeaExam,Nhu,CS-E,NAT,2026-05-02T21:46:09.482Z,1,v1,,
seaexam_160,SeaExam,Khang,CS-E,NAT,2026-05-02T23:46:09.482Z,1,v1,,
seaexam_160,SeaExam,Ngoc,CS-E,NAT,2026-05-03T09:16:58.365Z,1,v1,,
seaexam_160,SeaExam,Nhu,CS-E,NAT,2026-05-02T21:46:09.482Z,1,v1,,
seaexam_161,SeaExam,Khang,CS-H,NAT,2026-05-02T23:46:09.482Z,1,v1,,
seaexam_161,SeaExam,Ngoc,CS-H,NAT,2026-05-03T09:16:58.365Z,1,v1,,
seaexam_161,SeaExam,Nhu,CS-H,NAT,2026-05-02T21:46:09.482Z,1,v1,,
seaexam_162,SeaExam,Khang,CS-H,NAT,2026-05-02T23:46:09.482Z,1,v1,,
seaexam_162,SeaExam,Ngoc,CA,NAT,2026-05-03T09:16:58.365Z,1,v1,,
seaexam_162,SeaExam,Nhu,CS-H,NAT,2026-05-02T21:46:09.482Z,1,v1,,
seaexam_163,SeaExam,Khang,CS-H,NAT,2026-05-02T23:46:09.482Z,1,v1,,
seaexam_163,SeaExam,Ngoc,CA,NAT,2026-05-03T09:16:58.365Z,1,v1,,
seaexam_163,SeaExam,Nhu,CS-H,NAT,2026-05-02T21:46:09.482Z,1,v1,,
seaexam_164,SeaExam,Khang,CS-E,NAT,2026-05-02T23:46:09.482Z,1,v1,,
seaexam_164,SeaExam,Ngoc,CA,TRA,2026-05-03T09:16:58.365Z,1,v1,,
seaexam_164,SeaExam,Nhu,CS-E,NAT,2026-05-02T21:46:09.482Z,1,v1,,
seaexam_165,SeaExam,Khang,CS-H,NAT,2026-05-02T23:46:09.482Z,1,v1,,
seaexam_165,SeaExam,Ngoc,CS-E,NAT,2026-05-03T09:16:58.365Z,1,v1,,
seaexam_165,SeaExam,Nhu,CS-H,NAT,2026-05-02T21:46:09.482Z,1,v1,,
seaexam_166,SeaExam,Khang,CS-H,NAT,2026-05-02T23:46:09.482Z,1,v1,,
seaexam_166,SeaExam,Ngoc,CS-H,NAT,2026-05-03T09:16:58.365Z,1,v1,,
seaexam_166,SeaExam,Nhu,CS-H,NAT,2026-05-02T21:46:09.482Z,1,v1,,
seaexam_167,SeaExam,Khang,CS-H,NAT,2026-05-02T23:46:09.482Z,1,v1,,
seaexam_167,SeaExam,Ngoc,CA,NAT,2026-05-03T09:16:58.365Z,1,v1,,
seaexam_167,SeaExam,Nhu,CA,NAT,2026-05-02T21:46:09.482Z,1,v1,,
seaexam_168,SeaExam,Khang,CS-H,NAT,2026-05-02T23:46:09.482Z,1,v1,,
seaexam_168,SeaExam,Ngoc,CS-H,NAT,2026-05-03T09:16:58.365Z,1,v1,,
seaexam_168,SeaExam,Nhu,CS-H,NAT,2026-05-02T21:46:09.482Z,1,v1,,
seaexam_169,SeaExam,Khang,CA,NAT,2026-05-02T23:46:09.482Z,1,v1,,
seaexam_169,SeaExam,Ngoc,CS-L,NAT,2026-05-03T09:16:58.365Z,1,v1,,
seaexam_169,SeaExam,Nhu,CA,NAT,2026-05-02T21:46:09.482Z,1,v1,,
seaexam_170,SeaExam,Khang,CS-H,NAT,2026-05-02T23:46:09.482Z,1,v1,,
seaexam_170,SeaExam,Ngoc,CS-H,NAT,2026-05-03T09:16:58.365Z,1,v1,,
seaexam_170,SeaExam,Nhu,CS-H,NAT,2026-05-02T21:46:09.482Z,1,v1,,
seaexam_171,SeaExam,Khang,CS-H,NAT,2026-05-02T23:46:09.482Z,1,v1,,
seaexam_171,SeaExam,Ngoc,CA,NAT,2026-05-03T09:16:58.365Z,1,v1,,
seaexam_171,SeaExam,Nhu,CS-H,NAT,2026-05-02T21:46:09.482Z,1,v1,,
seaexam_172,SeaExam,Khang,CS-E,NAT,2026-05-02T23:46:09.482Z,1,v1,,
seaexam_172,SeaExam,Ngoc,CS-E,NAT,2026-05-03T09:16:58.365Z,1,v1,,
seaexam_172,SeaExam,Nhu,CS-E,NAT,2026-05-02T21:46:09.482Z,1,v1,,
seaexam_173,SeaExam,Khang,CS-H,NAT,2026-05-02T23:46:09.482Z,1,v1,,
seaexam_173,SeaExam,Ngoc,CA,NAT,2026-05-03T09:16:58.365Z,1,v1,,
seaexam_173,SeaExam,Nhu,CS-H,NAT,2026-05-02T21:46:09.482Z,1,v1,,
seaexam_174,SeaExam,Khang,CS-H,NAT,2026-05-02T23:46:09.482Z,1,v1,,
seaexam_174,SeaExam,Ngoc,CA,NAT,2026-05-03T09:16:58.365Z,1,v1,,
seaexam_174,SeaExam,Nhu,CS-H,NAT,2026-05-02T21:46:09.482Z,1,v1,,
seaexam_175,SeaExam,Khang,CS-H,NAT,2026-05-02T23:46:09.482Z,1,v1,,
seaexam_175,SeaExam,Ngoc,CS-H,NAT,2026-05-03T09:16:58.365Z,1,v1,,
seaexam_175,SeaExam,Nhu,CS-H,NAT,2026-05-02T21:46:09.482Z,1,v1,,
seaexam_176,SeaExam,Khang,CS-E,NAT,2026-05-02T23:46:09.482Z,1,v1,,
seaexam_176,SeaExam,Ngoc,CS-E,NAT,2026-05-03T09:16:58.365Z,1,v1,,
seaexam_176,SeaExam,Nhu,CS-E,NAT,2026-05-02T21:46:09.482Z,1,v1,,
seaexam_177,SeaExam,Khang,CS-E,NAT,2026-05-02T23:46:09.482Z,1,v1,,
seaexam_177,SeaExam,Ngoc,CS-E,NAT,2026-05-03T09:16:58.365Z,1,v1,,
seaexam_177,SeaExam,Nhu,CS-E,NAT,2026-05-02T21:46:09.482Z,1,v1,,
seaexam_178,SeaExam,Khang,CA,NAT,2026-05-02T23:46:09.482Z,1,v1,,
seaexam_178,SeaExam,Ngoc,CS-E,NAT,2026-05-03T09:16:58.365Z,1,v1,,
seaexam_178,SeaExam,Nhu,CA,NAT,2026-05-02T21:46:09.482Z,1,v1,,
seaexam_179,SeaExam,Khang,CS-E,NAT,2026-05-02T23:46:09.482Z,1,v1,,
seaexam_179,SeaExam,Ngoc,CS-E,NAT,2026-05-03T09:16:58.365Z,1,v1,,
seaexam_179,SeaExam,Nhu,CS-E,NAT,2026-05-02T21:46:09.482Z,1,v1,,
seaexam_180,SeaExam,Khang,CS-E,NAT,2026-05-02T23:46:09.482Z,1,v1,,
seaexam_180,SeaExam,Ngoc,CS-E,NAT,2026-05-03T09:16:58.365Z,1,v1,,
seaexam_180,SeaExam,Nhu,CS-E,NAT,2026-05-02T21:46:09.482Z,1,v1,,
seaexam_181,SeaExam,Khang,CS-E,NAT,2026-05-02T23:46:09.482Z,1,v1,,
seaexam_181,SeaExam,Ngoc,CS-E,NAT,2026-05-03T09:16:58.365Z,1,v1,,
seaexam_181,SeaExam,Nhu,CS-E,NAT,2026-05-02T21:46:09.482Z,1,v1,,
seaexam_182,SeaExam,Khang,CS-E,NAT,2026-05-02T23:46:09.482Z,1,v1,,
seaexam_182,SeaExam,Ngoc,CS-E,NAT,2026-05-03T09:16:58.365Z,1,v1,,
seaexam_182,SeaExam,Nhu,CS-E,NAT,2026-05-02T21:46:09.482Z,1,v1,,
seaexam_183,SeaExam,Khang,CS-H,NAT,2026-05-02T23:46:09.482Z,1,v1,,
seaexam_183,SeaExam,Ngoc,CS-H,TRA,2026-05-03T09:16:58.365Z,1,v1,,
seaexam_183,SeaExam,Nhu,CS-H,NAT,2026-05-02T21:46:09.482Z,1,v1,,
seaexam_184,SeaExam,Khang,CS-E,NAT,2026-05-02T23:46:09.482Z,1,v1,,
seaexam_184,SeaExam,Ngoc,CS-E,NAT,2026-05-03T09:16:58.365Z,1,v1,,
seaexam_184,SeaExam,Nhu,CS-E,NAT,2026-05-02T21:46:09.482Z,1,v1,,
seaexam_185,SeaExam,Khang,CS-E,NAT,2026-05-02T23:46:09.482Z,1,v1,,
seaexam_185,SeaExam,Ngoc,CS-H,NAT,2026-05-03T09:16:58.365Z,1,v1,,
seaexam_185,SeaExam,Nhu,CS-H,NAT,2026-05-02T21:46:09.482Z,1,v1,,
seaexam_186,SeaExam,Khang,CS-H,NAT,2026-05-02T23:46:09.482Z,1,v1,,
seaexam_186,SeaExam,Ngoc,CS-H,NAT,2026-05-03T09:16:58.365Z,1,v1,,
seaexam_186,SeaExam,Nhu,CS-H,NAT,2026-05-02T21:46:09.482Z,1,v1,,
seaexam_187,SeaExam,Khang,CS-E,NAT,2026-05-02T23:46:09.482Z,1,v1,,
seaexam_187,SeaExam,Ngoc,CS-E,TRA,2026-05-03T09:16:58.365Z,1,v1,,
seaexam_187,SeaExam,Nhu,CS-E,NAT,2026-05-02T21:46:09.482Z,1,v1,,
seaexam_188,SeaExam,Khang,CS-H,NAT,2026-05-02T23:46:09.482Z,1,v1,,
seaexam_188,SeaExam,Ngoc,CA,NAT,2026-05-03T09:16:58.365Z,1,v1,,
seaexam_188,SeaExam,Nhu,CS-H,NAT,2026-05-02T21:46:09.482Z,1,v1,,
seaexam_189,SeaExam,Khang,CS-H,NAT,2026-05-02T23:46:09.482Z,1,v1,,
seaexam_189,SeaExam,Ngoc,CS-H,NAT,2026-05-03T09:16:58.365Z,1,v1,,
seaexam_189,SeaExam,Nhu,CS-H,NAT,2026-05-02T21:46:09.482Z,1,v1,,
seaexam_190,SeaExam,Khang,CS-H,NAT,2026-05-02T23:46:09.482Z,1,v1,,
seaexam_190,SeaExam,Ngoc,CA,NAT,2026-05-03T09:16:58.365Z,1,v1,,
seaexam_190,SeaExam,Nhu,CS-H,NAT,2026-05-02T21:46:09.482Z,1,v1,,
seaexam_191,SeaExam,Khang,CA,NAT,2026-05-02T23:46:09.482Z,1,v1,,
seaexam_191,SeaExam,Ngoc,CA,NAT,2026-05-03T09:16:58.365Z,1,v1,,
seaexam_191,SeaExam,Nhu,CA,NAT,2026-05-02T21:46:09.482Z,1,v1,,
seaexam_192,SeaExam,Khang,CS-H,NAT,2026-05-02T23:46:09.482Z,1,v1,,
seaexam_192,SeaExam,Ngoc,CS-H,NAT,2026-05-03T09:16:58.365Z,1,v1,,
seaexam_192,SeaExam,Nhu,CS-H,NAT,2026-05-02T21:46:09.482Z,1,v1,,
seaexam_193,SeaExam,Khang,CS-H,NAT,2026-05-02T23:46:09.482Z,1,v1,,
seaexam_193,SeaExam,Ngoc,CS-H,NAT,2026-05-03T09:16:58.365Z,1,v1,,
seaexam_193,SeaExam,Nhu,CS-H,NAT,2026-05-02T21:46:09.482Z,1,v1,,
seaexam_194,SeaExam,Khang,CS-H,NAT,2026-05-02T23:46:09.482Z,1,v1,,
seaexam_194,SeaExam,Ngoc,CA,NAT,2026-05-03T09:16:58.365Z,1,v1,,
seaexam_194,SeaExam,Nhu,CS-H,NAT,2026-05-02T21:46:09.482Z,1,v1,,
seaexam_195,SeaExam,Khang,CS-E,NAT,2026-05-02T23:46:09.482Z,1,v1,,
seaexam_195,SeaExam,Ngoc,CS-H,NAT,2026-05-03T09:16:58.365Z,1,v1,,
seaexam_195,SeaExam,Nhu,CS-H,NAT,2026-05-02T21:46:09.482Z,1,v1,,
seaexam_196,SeaExam,Khang,CS-H,NAT,2026-05-02T23:46:09.482Z,1,v1,,
seaexam_196,SeaExam,Ngoc,CS-L,NAT,2026-05-03T09:16:58.365Z,1,v1,,
seaexam_196,SeaExam,Nhu,CS-L,NAT,2026-05-02T21:46:09.482Z,1,v1,,
seaexam_197,SeaExam,Khang,CS-E,NAT,2026-05-02T23:46:09.482Z,1,v1,,
seaexam_197,SeaExam,Ngoc,CS-E,NAT,2026-05-03T09:16:58.365Z,1,v1,,
seaexam_197,SeaExam,Nhu,CS-E,NAT,2026-05-02T21:46:09.482Z,1,v1,,
seaexam_198,SeaExam,Khang,CS-H,NAT,2026-05-02T23:46:09.482Z,1,v1,,
seaexam_198,SeaExam,Ngoc,CS-H,NAT,2026-05-03T09:16:58.365Z,1,v1,,
seaexam_198,SeaExam,Nhu,CS-H,NAT,2026-05-02T21:46:09.482Z,1,v1,,
seaexam_199,SeaExam,Khang,CS-E,NAT,2026-05-02T23:46:09.482Z,1,v1,,
seaexam_199,SeaExam,Ngoc,CS-E,NAT,2026-05-03T09:16:58.365Z,1,v1,,
seaexam_199,SeaExam,Nhu,CS-E,NAT,2026-05-02T21:46:09.482Z,1,v1,,
seaexam_200,SeaExam,Khang,CS-H,NAT,2026-05-16T16:02:58.466Z,2,v2,,
seaexam_200,SeaExam,Ngoc,CS-H,NAT,2026-05-18T02:54:55.349Z,2,v2,,
seaexam_200,SeaExam,Nhu,CS-H,NAT,2026-05-16T15:02:58.466Z,2,v2,,
seaexam_201,SeaExam,Khang,CS-E,NAT,2026-05-16T16:02:58.466Z,2,v2,,
seaexam_201,SeaExam,Ngoc,CS-H,NAT,2026-05-18T02:54:55.350Z,2,v2,,
seaexam_201,SeaExam,Nhu,CS-E,NAT,2026-05-16T15:02:58.466Z,2,v2,,
seaexam_202,SeaExam,Khang,CS-H,NAT,2026-05-16T16:02:58.466Z,2,v2,,
seaexam_202,SeaExam,Ngoc,CS-H,NAT,2026-05-18T02:54:55.350Z,2,v2,,
seaexam_202,SeaExam,Nhu,CS-H,NAT,2026-05-16T15:02:58.466Z,2,v2,,
seaexam_203,SeaExam,Khang,CS-E,NAT,2026-05-16T16:02:58.466Z,2,v2,,
seaexam_203,SeaExam,Ngoc,CS-H,NAT,2026-05-18T02:54:55.350Z,2,v2,,
seaexam_203,SeaExam,Nhu,CS-E,NAT,2026-05-16T15:02:58.466Z,2,v2,,
seaexam_204,SeaExam,Khang,CA,NAT,2026-05-16T16:02:58.466Z,2,v2,,
seaexam_204,SeaExam,Ngoc,CS-L,NAT,2026-05-18T02:54:55.350Z,2,v2,,
seaexam_204,SeaExam,Nhu,CA,NAT,2026-05-16T15:02:58.466Z,2,v2,,
seaexam_205,SeaExam,Khang,CS-H,TRA,2026-05-16T16:02:58.466Z,2,v2,,
seaexam_205,SeaExam,Ngoc,CS-H,NAT,2026-05-18T02:54:55.350Z,2,v2,,
seaexam_205,SeaExam,Nhu,CS-H,NAT,2026-05-16T15:02:58.466Z,2,v2,,
seaexam_206,SeaExam,Khang,CS-H,NAT,2026-05-16T16:02:58.466Z,2,v2,,
seaexam_206,SeaExam,Ngoc,CS-H,NAT,2026-05-18T02:54:55.350Z,2,v2,,
seaexam_206,SeaExam,Nhu,CS-H,NAT,2026-05-16T15:02:58.466Z,2,v2,,
seaexam_207,SeaExam,Khang,CS-H,NAT,2026-05-16T16:02:58.466Z,2,v2,,
seaexam_207,SeaExam,Ngoc,CS-H,NAT,2026-05-18T02:54:55.350Z,2,v2,,
seaexam_207,SeaExam,Nhu,CS-H,NAT,2026-05-16T15:02:58.466Z,2,v2,,
seaexam_208,SeaExam,Khang,CS-L,NAT,2026-05-16T16:02:58.466Z,2,v2,,
seaexam_208,SeaExam,Ngoc,CS-L,NAT,2026-05-18T02:54:55.350Z,2,v2,,
seaexam_208,SeaExam,Nhu,CS-L,NAT,2026-05-16T15:02:58.466Z,2,v2,,
seaexam_209,SeaExam,Khang,CS-E,NAT,2026-05-16T16:02:58.466Z,2,v2,,
seaexam_209,SeaExam,Ngoc,CS-H,NAT,2026-05-18T02:54:55.350Z,2,v2,,
seaexam_209,SeaExam,Nhu,CS-E,NAT,2026-05-16T15:02:58.466Z,2,v2,,
seaexam_210,SeaExam,Khang,CS-H,NAT,2026-05-16T16:02:58.466Z,2,v2,,
seaexam_210,SeaExam,Ngoc,CS-H,NAT,2026-05-18T02:54:55.350Z,2,v2,,
seaexam_210,SeaExam,Nhu,CS-H,NAT,2026-05-16T15:02:58.466Z,2,v2,,
seaexam_211,SeaExam,Khang,CS-H,NAT,2026-05-16T16:02:58.466Z,2,v2,,
seaexam_211,SeaExam,Ngoc,CA,NAT,2026-05-18T02:54:55.350Z,2,v2,,
seaexam_211,SeaExam,Nhu,CA,NAT,2026-05-16T15:02:58.466Z,2,v2,,
seaexam_212,SeaExam,Khang,CS-H,NAT,2026-05-16T16:02:58.466Z,2,v2,,
seaexam_212,SeaExam,Ngoc,CS-H,NAT,2026-05-18T02:54:55.350Z,2,v2,,
seaexam_212,SeaExam,Nhu,CS-H,NAT,2026-05-16T15:02:58.466Z,2,v2,,
seaexam_213,SeaExam,Khang,CS-L,NAT,2026-05-16T16:02:58.466Z,2,v2,,
seaexam_213,SeaExam,Ngoc,CS-L,NAT,2026-05-18T02:54:55.350Z,2,v2,,
seaexam_213,SeaExam,Nhu,CS-L,NAT,2026-05-16T15:02:58.466Z,2,v2,,
seaexam_214,SeaExam,Khang,CS-E,NAT,2026-05-16T16:02:58.466Z,2,v2,,
seaexam_214,SeaExam,Ngoc,CS-E,NAT,2026-05-18T02:54:55.350Z,2,v2,,
seaexam_214,SeaExam,Nhu,CS-E,NAT,2026-05-16T15:02:58.466Z,2,v2,,
seaexam_215,SeaExam,Khang,CS-H,NAT,2026-05-16T16:02:58.466Z,2,v2,,
seaexam_215,SeaExam,Ngoc,CS-H,NAT,2026-05-18T02:54:55.350Z,2,v2,,
seaexam_215,SeaExam,Nhu,CS-H,NAT,2026-05-16T15:02:58.466Z,2,v2,,
seaexam_216,SeaExam,Khang,CS-H,NAT,2026-05-16T16:02:58.466Z,2,v2,,
seaexam_216,SeaExam,Ngoc,CS-H,NAT,2026-05-18T02:54:55.350Z,2,v2,,
seaexam_216,SeaExam,Nhu,CS-H,NAT,2026-05-16T15:02:58.466Z,2,v2,,
seaexam_217,SeaExam,Khang,CS-L,NAT,2026-05-16T16:02:58.466Z,2,v2,,
seaexam_217,SeaExam,Ngoc,CS-L,NAT,2026-05-18T02:54:55.350Z,2,v2,,
seaexam_217,SeaExam,Nhu,CS-L,NAT,2026-05-16T15:02:58.466Z,2,v2,,
seaexam_218,SeaExam,Khang,CS-H,NAT,2026-05-16T16:02:58.466Z,2,v2,,
seaexam_218,SeaExam,Ngoc,CS-H,NAT,2026-05-18T02:54:55.350Z,2,v2,,
seaexam_218,SeaExam,Nhu,CS-H,NAT,2026-05-16T15:02:58.466Z,2,v2,,
seaexam_219,SeaExam,Khang,CS-H,NAT,2026-05-16T16:02:58.466Z,2,v2,,
seaexam_219,SeaExam,Ngoc,CS-H,NAT,2026-05-18T02:54:55.350Z,2,v2,,
seaexam_219,SeaExam,Nhu,CS-H,NAT,2026-05-16T15:02:58.466Z,2,v2,,
seaexam_220,SeaExam,Khang,CS-H,NAT,2026-05-16T16:02:58.466Z,2,v2,,
seaexam_220,SeaExam,Ngoc,CS-H,NAT,2026-05-18T02:54:55.350Z,2,v2,,
seaexam_220,SeaExam,Nhu,CS-H,NAT,2026-05-16T15:02:58.466Z,2,v2,,
seaexam_221,SeaExam,Khang,CS-H,NAT,2026-05-16T16:02:58.466Z,2,v2,,
seaexam_221,SeaExam,Ngoc,CS-H,NAT,2026-05-18T02:54:55.350Z,2,v2,,
seaexam_221,SeaExam,Nhu,CS-H,NAT,2026-05-16T15:02:58.466Z,2,v2,,
seaexam_222,SeaExam,Khang,CS-H,NAT,2026-05-16T16:02:58.466Z,2,v2,,
seaexam_222,SeaExam,Ngoc,CS-H,NAT,2026-05-18T02:54:55.350Z,2,v2,,
seaexam_222,SeaExam,Nhu,CS-H,NAT,2026-05-16T15:02:58.466Z,2,v2,,
seaexam_223,SeaExam,Khang,CS-H,NAT,2026-05-16T16:02:58.466Z,2,v2,,
seaexam_223,SeaExam,Ngoc,CS-H,NAT,2026-05-18T02:54:55.350Z,2,v2,,
seaexam_223,SeaExam,Nhu,CS-H,NAT,2026-05-16T15:02:58.466Z,2,v2,,
seaexam_224,SeaExam,Khang,CS-H,NAT,2026-05-16T16:02:58.466Z,2,v2,,
seaexam_224,SeaExam,Ngoc,CS-H,NAT,2026-05-18T02:54:55.350Z,2,v2,,
seaexam_224,SeaExam,Nhu,CS-H,NAT,2026-05-16T15:02:58.466Z,2,v2,,
seaexam_225,SeaExam,Khang,CS-E,NAT,2026-05-16T16:02:58.466Z,2,v2,,
seaexam_225,SeaExam,Ngoc,CS-H,NAT,2026-05-18T02:54:55.350Z,2,v2,,
seaexam_225,SeaExam,Nhu,CS-H,NAT,2026-05-16T15:02:58.466Z,2,v2,,
seaexam_226,SeaExam,Khang,CS-E,NAT,2026-05-16T16:02:58.466Z,2,v2,,
seaexam_226,SeaExam,Ngoc,CS-E,NAT,2026-05-18T02:54:55.350Z,2,v2,,
seaexam_226,SeaExam,Nhu,CS-E,NAT,2026-05-16T15:02:58.466Z,2,v2,,
seaexam_227,SeaExam,Khang,CS-E,NAT,2026-05-16T16:02:58.466Z,2,v2,,
seaexam_227,SeaExam,Ngoc,CS-H,NAT,2026-05-18T02:54:55.350Z,2,v2,,
seaexam_227,SeaExam,Nhu,CS-H,NAT,2026-05-16T15:02:58.466Z,2,v2,,
seaexam_228,SeaExam,Khang,CS-L,NAT,2026-05-16T16:02:58.466Z,2,v2,,
seaexam_228,SeaExam,Ngoc,CS-L,NAT,2026-05-18T02:54:55.350Z,2,v2,,
seaexam_228,SeaExam,Nhu,CS-L,NAT,2026-05-16T15:02:58.466Z,2,v2,,
seaexam_229,SeaExam,Khang,CS-H,NAT,2026-05-16T16:02:58.466Z,2,v2,,
seaexam_229,SeaExam,Ngoc,CS-E,NAT,2026-05-18T02:54:55.350Z,2,v2,,
seaexam_229,SeaExam,Nhu,CS-H,NAT,2026-05-16T15:02:58.466Z,2,v2,,
seaexam_230,SeaExam,Khang,CS-E,NAT,2026-05-16T16:02:58.466Z,2,v2,,
seaexam_230,SeaExam,Ngoc,CS-E,NAT,2026-05-18T02:54:55.350Z,2,v2,,
seaexam_230,SeaExam,Nhu,CS-E,NAT,2026-05-16T15:02:58.466Z,2,v2,,
seaexam_231,SeaExam,Khang,CA,NAT,2026-05-16T16:02:58.466Z,2,v2,,
seaexam_231,SeaExam,Ngoc,CS-E,NAT,2026-05-18T02:54:55.350Z,2,v2,,
seaexam_231,SeaExam,Nhu,CA,NAT,2026-05-16T15:02:58.466Z,2,v2,,
seaexam_232,SeaExam,Khang,CS-E,NAT,2026-05-16T16:02:58.466Z,2,v2,,
seaexam_232,SeaExam,Ngoc,CS-E,NAT,2026-05-18T02:54:55.350Z,2,v2,,
seaexam_232,SeaExam,Nhu,CS-E,NAT,2026-05-16T15:02:58.466Z,2,v2,,
seaexam_233,SeaExam,Khang,CA,NAT,2026-05-16T16:02:58.466Z,2,v2,,
seaexam_233,SeaExam,Ngoc,CS-L,NAT,2026-05-18T02:54:55.350Z,2,v2,,
seaexam_233,SeaExam,Nhu,CA,NAT,2026-05-16T15:02:58.466Z,2,v2,,
seaexam_234,SeaExam,Khang,CS-E,NAT,2026-05-16T16:02:58.466Z,2,v2,,
seaexam_234,SeaExam,Ngoc,CS-E,NAT,2026-05-18T02:54:55.350Z,2,v2,,
seaexam_234,SeaExam,Nhu,CS-E,NAT,2026-05-16T15:02:58.466Z,2,v2,,
seaexam_235,SeaExam,Khang,CS-E,NAT,2026-05-16T16:02:58.466Z,2,v2,,
seaexam_235,SeaExam,Ngoc,CS-E,NAT,2026-05-18T02:54:55.350Z,2,v2,,
seaexam_235,SeaExam,Nhu,CS-E,NAT,2026-05-16T15:02:58.466Z,2,v2,,
seaexam_236,SeaExam,Khang,CS-H,NAT,2026-05-16T16:02:58.466Z,2,v2,,
seaexam_236,SeaExam,Ngoc,CS-H,NAT,2026-05-18T02:54:55.350Z,2,v2,,
seaexam_236,SeaExam,Nhu,CS-H,NAT,2026-05-16T15:02:58.466Z,2,v2,,
seaexam_237,SeaExam,Khang,CS-H,NAT,2026-05-16T16:02:58.466Z,2,v2,,
seaexam_237,SeaExam,Ngoc,CA,NAT,2026-05-18T02:54:55.350Z,2,v2,,
seaexam_237,SeaExam,Nhu,CA,NAT,2026-05-16T15:02:58.466Z,2,v2,,
seaexam_238,SeaExam,Khang,CS-H,NAT,2026-05-16T16:02:58.466Z,2,v2,,
seaexam_238,SeaExam,Ngoc,CA,NAT,2026-05-18T02:54:55.350Z,2,v2,,
seaexam_238,SeaExam,Nhu,CA,NAT,2026-05-16T15:02:58.466Z,2,v2,,
seaexam_239,SeaExam,Khang,CS-E,NAT,2026-05-16T16:02:58.466Z,2,v2,,
seaexam_239,SeaExam,Ngoc,CS-H,NAT,2026-05-18T02:54:55.350Z,2,v2,,
seaexam_239,SeaExam,Nhu,CS-H,NAT,2026-05-16T15:02:58.466Z,2,v2,,
seaexam_240,SeaExam,Khang,CS-H,NAT,2026-05-16T16:02:58.466Z,2,v2,,
seaexam_240,SeaExam,Ngoc,CS-H,NAT,2026-05-18T02:54:55.350Z,2,v2,,
seaexam_240,SeaExam,Nhu,CS-H,NAT,2026-05-16T15:02:58.466Z,2,v2,,
seaexam_241,SeaExam,Khang,CS-H,NAT,2026-05-16T16:02:58.466Z,2,v2,,
seaexam_241,SeaExam,Ngoc,CA,NAT,2026-05-18T02:54:55.350Z,2,v2,,
seaexam_241,SeaExam,Nhu,CA,NAT,2026-05-16T15:02:58.466Z,2,v2,,
seaexam_242,SeaExam,Khang,CS-H,NAT,2026-05-16T16:02:58.466Z,2,v2,,
seaexam_242,SeaExam,Ngoc,CS-L,NAT,2026-05-18T02:54:55.350Z,2,v2,,
seaexam_242,SeaExam,Nhu,CS-H,NAT,2026-05-16T15:02:58.466Z,2,v2,,
seaexam_243,SeaExam,Khang,CS-H,NAT,2026-05-16T16:02:58.466Z,2,v2,,
seaexam_243,SeaExam,Ngoc,CS-H,NAT,2026-05-18T02:54:55.350Z,2,v2,,
seaexam_243,SeaExam,Nhu,CS-H,NAT,2026-05-16T15:02:58.466Z,2,v2,,
seaexam_244,SeaExam,Khang,CA,NAT,2026-05-16T16:02:58.466Z,2,v2,,
seaexam_244,SeaExam,Ngoc,CA,NAT,2026-05-18T02:54:55.350Z,2,v2,,
seaexam_244,SeaExam,Nhu,CA,NAT,2026-05-16T15:02:58.466Z,2,v2,,
seaexam_245,SeaExam,Khang,CS-H,NAT,2026-05-16T16:02:58.466Z,2,v2,,
seaexam_245,SeaExam,Ngoc,CS-H,NAT,2026-05-18T02:54:55.350Z,2,v2,,
seaexam_245,SeaExam,Nhu,CS-H,NAT,2026-05-16T15:02:58.466Z,2,v2,,
seaexam_246,SeaExam,Khang,CS-H,NAT,2026-05-16T16:02:58.466Z,2,v2,,
seaexam_246,SeaExam,Ngoc,CA,NAT,2026-05-18T02:54:55.350Z,2,v2,,
seaexam_246,SeaExam,Nhu,CA,NAT,2026-05-16T15:02:58.466Z,2,v2,,
seaexam_247,SeaExam,Khang,CS-H,NAT,2026-05-16T16:02:58.466Z,2,v2,,
seaexam_247,SeaExam,Ngoc,CA,NAT,2026-05-18T02:54:55.350Z,2,v2,,
seaexam_247,SeaExam,Nhu,CA,NAT,2026-05-16T15:02:58.466Z,2,v2,,
seaexam_248,SeaExam,Khang,CA,NAT,2026-05-16T16:02:58.466Z,2,v2,,
seaexam_248,SeaExam,Ngoc,CA,NAT,2026-05-18T02:54:55.350Z,2,v2,,
seaexam_248,SeaExam,Nhu,CA,NAT,2026-05-16T15:02:58.466Z,2,v2,,
seaexam_249,SeaExam,Khang,CS-H,NAT,2026-05-16T16:02:58.466Z,2,v2,,
seaexam_249,SeaExam,Ngoc,CS-H,NAT,2026-05-18T02:54:55.350Z,2,v2,,
seaexam_249,SeaExam,Nhu,CS-H,NAT,2026-05-16T15:02:58.466Z,2,v2,,
seaexam_250,SeaExam,Khang,CS-H,NAT,2026-05-16T16:02:58.466Z,2,v2,,
seaexam_250,SeaExam,Ngoc,CS-H,NAT,2026-05-19T10:14:35.570Z,2,v2,,
seaexam_250,SeaExam,Nhu,CS-H,NAT,2026-05-16T15:02:58.466Z,2,v2,,
seaexam_251,SeaExam,Khang,CS-H,NAT,2026-05-16T16:02:58.466Z,2,v2,,
seaexam_251,SeaExam,Ngoc,CS-H,NAT,2026-05-19T10:14:35.570Z,2,v2,,
seaexam_251,SeaExam,Nhu,CS-H,NAT,2026-05-16T15:02:58.466Z,2,v2,,
seaexam_252,SeaExam,Khang,CS-H,NAT,2026-05-16T16:02:58.466Z,2,v2,,
seaexam_252,SeaExam,Ngoc,CS-H,NAT,2026-05-19T10:14:35.570Z,2,v2,,
seaexam_252,SeaExam,Nhu,CS-H,NAT,2026-05-16T15:02:58.466Z,2,v2,,
seaexam_253,SeaExam,Khang,CS-H,NAT,2026-05-16T16:02:58.466Z,2,v2,,
seaexam_253,SeaExam,Ngoc,CS-H,NAT,2026-05-19T10:14:35.570Z,2,v2,,
seaexam_253,SeaExam,Nhu,CS-H,NAT,2026-05-16T15:02:58.466Z,2,v2,,
seaexam_254,SeaExam,Khang,CS-H,NAT,2026-05-16T16:02:58.466Z,2,v2,,
seaexam_254,SeaExam,Ngoc,CS-H,NAT,2026-05-19T10:14:35.570Z,2,v2,,
seaexam_254,SeaExam,Nhu,CS-H,NAT,2026-05-16T15:02:58.466Z,2,v2,,
seaexam_255,SeaExam,Khang,CS-H,NAT,2026-05-16T16:02:58.466Z,2,v2,,
seaexam_255,SeaExam,Ngoc,CS-H,NAT,2026-05-19T10:14:35.570Z,2,v2,,
seaexam_255,SeaExam,Nhu,CS-H,NAT,2026-05-16T15:02:58.466Z,2,v2,,
seaexam_256,SeaExam,Khang,CA,NAT,2026-05-16T16:02:58.466Z,2,v2,,
seaexam_256,SeaExam,Ngoc,CA,NAT,2026-05-19T10:14:35.570Z,2,v2,,
seaexam_256,SeaExam,Nhu,CA,NAT,2026-05-16T15:02:58.466Z,2,v2,,
seaexam_257,SeaExam,Khang,CS-H,NAT,2026-05-16T16:02:58.466Z,2,v2,,
seaexam_257,SeaExam,Ngoc,CA,NAT,2026-05-19T10:14:35.570Z,2,v2,,
seaexam_257,SeaExam,Nhu,CA,NAT,2026-05-16T15:02:58.466Z,2,v2,,
seaexam_258,SeaExam,Khang,CS-H,NAT,2026-05-16T16:02:58.466Z,2,v2,,
seaexam_258,SeaExam,Ngoc,CA,NAT,2026-05-19T10:14:35.570Z,2,v2,,
seaexam_258,SeaExam,Nhu,CA,NAT,2026-05-16T15:02:58.466Z,2,v2,,
seaexam_259,SeaExam,Khang,CS-E,NAT,2026-05-16T16:02:58.466Z,2,v2,,
seaexam_259,SeaExam,Ngoc,CS-E,NAT,2026-05-19T10:14:35.570Z,2,v2,,
seaexam_259,SeaExam,Nhu,CS-E,NAT,2026-05-16T15:02:58.466Z,2,v2,,
seaexam_260,SeaExam,Khang,CS-H,NAT,2026-05-16T16:02:58.466Z,2,v2,,
seaexam_260,SeaExam,Ngoc,CS-H,NAT,2026-05-19T10:14:35.570Z,2,v2,,
seaexam_260,SeaExam,Nhu,CS-H,NAT,2026-05-16T15:02:58.466Z,2,v2,,
seaexam_261,SeaExam,Khang,CS-H,NAT,2026-05-16T16:02:58.466Z,2,v2,,
seaexam_261,SeaExam,Ngoc,CS-H,NAT,2026-05-19T10:14:35.570Z,2,v2,,
seaexam_261,SeaExam,Nhu,CS-H,NAT,2026-05-16T15:02:58.466Z,2,v2,,
seaexam_262,SeaExam,Khang,CS-H,NAT,2026-05-16T16:02:58.466Z,2,v2,,
seaexam_262,SeaExam,Ngoc,CS-H,NAT,2026-05-19T10:14:35.570Z,2,v2,,
seaexam_262,SeaExam,Nhu,CS-H,NAT,2026-05-16T15:02:58.466Z,2,v2,,
seaexam_263,SeaExam,Khang,CS-L,NAT,2026-05-16T16:02:58.466Z,2,v2,,
seaexam_263,SeaExam,Ngoc,CS-L,NAT,2026-05-19T10:14:35.570Z,2,v2,,
seaexam_263,SeaExam,Nhu,CS-L,NAT,2026-05-16T15:02:58.466Z,2,v2,,
seaexam_264,SeaExam,Khang,CS-H,NAT,2026-05-16T16:02:58.466Z,2,v2,,
seaexam_264,SeaExam,Ngoc,CS-H,NAT,2026-05-19T10:14:35.570Z,2,v2,,
seaexam_264,SeaExam,Nhu,CS-H,NAT,2026-05-16T15:02:58.466Z,2,v2,,
seaexam_265,SeaExam,Khang,CS-E,NAT,2026-05-16T16:02:58.466Z,2,v2,,
seaexam_265,SeaExam,Ngoc,CS-E,NAT,2026-05-19T10:14:35.570Z,2,v2,,
seaexam_265,SeaExam,Nhu,CS-E,NAT,2026-05-16T15:02:58.466Z,2,v2,,
seaexam_266,SeaExam,Khang,CS-H,NAT,2026-05-16T16:02:58.466Z,2,v2,,
seaexam_266,SeaExam,Ngoc,CS-H,NAT,2026-05-19T10:14:35.570Z,2,v2,,
seaexam_266,SeaExam,Nhu,CS-H,NAT,2026-05-16T15:02:58.466Z,2,v2,,
seaexam_267,SeaExam,Khang,CS-E,NAT,2026-05-16T16:02:58.466Z,2,v2,,
seaexam_267,SeaExam,Ngoc,UNK,NAT,2026-05-19T10:14:35.570Z,2,v2,,
seaexam_267,SeaExam,Nhu,CS-E,NAT,2026-05-16T15:02:58.466Z,2,v2,,
seaexam_268,SeaExam,Khang,CS-L,NAT,2026-05-16T16:02:58.466Z,2,v2,,
seaexam_268,SeaExam,Ngoc,CS-L,NAT,2026-05-19T10:14:35.570Z,2,v2,,
seaexam_268,SeaExam,Nhu,CS-L,NAT,2026-05-16T15:02:58.466Z,2,v2,,
seaexam_269,SeaExam,Khang,CA,NAT,2026-05-16T16:02:58.466Z,2,v2,,
seaexam_269,SeaExam,Ngoc,CA,NAT,2026-05-19T10:14:35.570Z,2,v2,,
seaexam_269,SeaExam,Nhu,CA,NAT,2026-05-16T15:02:58.466Z,2,v2,,
seaexam_270,SeaExam,Khang,CS-H,NAT,2026-05-16T16:02:58.466Z,2,v2,,
seaexam_270,SeaExam,Ngoc,CS-E,NAT,2026-05-19T10:14:35.570Z,2,v2,,
seaexam_270,SeaExam,Nhu,CS-H,NAT,2026-05-16T15:02:58.466Z,2,v2,,
seaexam_271,SeaExam,Khang,CS-H,NAT,2026-05-16T16:02:58.466Z,2,v2,,
seaexam_271,SeaExam,Ngoc,CS-H,NAT,2026-05-19T10:14:35.570Z,2,v2,,
seaexam_271,SeaExam,Nhu,CS-H,NAT,2026-05-16T15:02:58.466Z,2,v2,,
seaexam_272,SeaExam,Khang,CA,NAT,2026-05-16T16:02:58.466Z,2,v2,,
seaexam_272,SeaExam,Ngoc,CA,NAT,2026-05-19T10:14:35.570Z,2,v2,,
seaexam_272,SeaExam,Nhu,CA,NAT,2026-05-16T15:02:58.466Z,2,v2,,
seaexam_273,SeaExam,Khang,CS-H,NAT,2026-05-16T16:02:58.466Z,2,v2,,
seaexam_273,SeaExam,Ngoc,CS-E,NAT,2026-05-19T10:14:35.570Z,2,v2,,
seaexam_273,SeaExam,Nhu,CS-H,NAT,2026-05-16T15:02:58.466Z,2,v2,,
seaexam_274,SeaExam,Khang,CS-H,NAT,2026-05-16T16:02:58.466Z,2,v2,,
seaexam_274,SeaExam,Ngoc,CS-H,NAT,2026-05-19T10:14:35.570Z,2,v2,,
seaexam_274,SeaExam,Nhu,CS-H,NAT,2026-05-16T15:02:58.466Z,2,v2,,
seaexam_275,SeaExam,Khang,CA,NAT,2026-05-16T16:02:58.466Z,2,v2,,
seaexam_275,SeaExam,Ngoc,CA,NAT,2026-05-19T10:14:35.570Z,2,v2,,
seaexam_275,SeaExam,Nhu,CA,NAT,2026-05-16T15:02:58.466Z,2,v2,,
seaexam_276,SeaExam,Khang,CS-E,NAT,2026-05-16T16:02:58.466Z,2,v2,,
seaexam_276,SeaExam,Ngoc,CA,NAT,2026-05-19T10:14:35.570Z,2,v2,,
seaexam_276,SeaExam,Nhu,CS-E,NAT,2026-05-16T15:02:58.466Z,2,v2,,
seaexam_277,SeaExam,Khang,CS-E,NAT,2026-05-16T16:02:58.466Z,2,v2,,
seaexam_277,SeaExam,Ngoc,CS-E,NAT,2026-05-19T10:14:35.570Z,2,v2,,
seaexam_277,SeaExam,Nhu,CS-E,NAT,2026-05-16T15:02:58.466Z,2,v2,,
seaexam_278,SeaExam,Khang,CS-E,NAT,2026-05-16T16:02:58.466Z,2,v2,,
seaexam_278,SeaExam,Ngoc,CS-P,NAT,2026-05-19T10:14:35.570Z,2,v2,,
seaexam_278,SeaExam,Nhu,CS-E,NAT,2026-05-16T15:02:58.466Z,2,v2,,
seaexam_279,SeaExam,Khang,CS-E,NAT,2026-05-16T16:02:58.466Z,2,v2,,
seaexam_279,SeaExam,Ngoc,CS-H,NAT,2026-05-19T10:14:35.570Z,2,v2,,
seaexam_279,SeaExam,Nhu,CS-E,NAT,2026-05-16T15:02:58.466Z,2,v2,,
seaexam_280,SeaExam,Khang,CS-H,NAT,2026-05-16T16:02:58.466Z,2,v2,,
seaexam_280,SeaExam,Ngoc,CS-H,NAT,2026-05-19T10:14:35.570Z,2,v2,,
seaexam_280,SeaExam,Nhu,CS-H,NAT,2026-05-16T15:02:58.466Z,2,v2,,
seaexam_281,SeaExam,Khang,CS-E,NAT,2026-05-16T16:02:58.466Z,2,v2,,
seaexam_281,SeaExam,Ngoc,CS-E,NAT,2026-05-19T10:14:35.570Z,2,v2,,
seaexam_281,SeaExam,Nhu,CS-E,NAT,2026-05-16T15:02:58.466Z,2,v2,,
seaexam_282,SeaExam,Khang,CS-E,NAT,2026-05-16T16:02:58.466Z,2,v2,,
seaexam_282,SeaExam,Ngoc,CS-H,NAT,2026-05-19T10:14:35.570Z,2,v2,,
seaexam_282,SeaExam,Nhu,CS-H,NAT,2026-05-16T15:02:58.466Z,2,v2,,
seaexam_283,SeaExam,Khang,CS-E,NAT,2026-05-16T16:02:58.466Z,2,v2,,
seaexam_283,SeaExam,Ngoc,CS-E,NAT,2026-05-19T10:14:35.570Z,2,v2,,
seaexam_283,SeaExam,Nhu,CS-E,NAT,2026-05-16T15:02:58.466Z,2,v2,,
seaexam_284,SeaExam,Khang,CS-E,NAT,2026-05-16T16:02:58.466Z,2,v2,,
seaexam_284,SeaExam,Ngoc,CS-E,NAT,2026-05-19T10:14:35.570Z,2,v2,,
seaexam_284,SeaExam,Nhu,CS-E,NAT,2026-05-16T15:02:58.466Z,2,v2,,
seaexam_285,SeaExam,Khang,CS-H,NAT,2026-05-16T16:02:58.466Z,2,v2,,
seaexam_285,SeaExam,Ngoc,CS-H,NAT,2026-05-19T10:14:35.570Z,2,v2,,
seaexam_285,SeaExam,Nhu,CS-H,NAT,2026-05-16T15:02:58.466Z,2,v2,,
seaexam_286,SeaExam,Khang,CS-E,NAT,2026-05-16T16:02:58.466Z,2,v2,,
seaexam_286,SeaExam,Ngoc,CA,NAT,2026-05-19T10:14:35.570Z,2,v2,,
seaexam_286,SeaExam,Nhu,CS-E,NAT,2026-05-16T15:02:58.466Z,2,v2,,
seaexam_287,SeaExam,Khang,CS-H,NAT,2026-05-16T16:02:58.466Z,2,v2,,
seaexam_287,SeaExam,Ngoc,CS-H,NAT,2026-05-19T10:14:35.570Z,2,v2,,
seaexam_287,SeaExam,Nhu,CS-H,NAT,2026-05-16T15:02:58.466Z,2,v2,,
seaexam_288,SeaExam,Khang,CS-E,NAT,2026-05-16T16:02:58.466Z,2,v2,,
seaexam_288,SeaExam,Ngoc,CS-E,NAT,2026-05-19T10:14:35.570Z,2,v2,,
seaexam_288,SeaExam,Nhu,CS-E,NAT,2026-05-16T15:02:58.466Z,2,v2,,
seaexam_289,SeaExam,Khang,CS-E,NAT,2026-05-16T16:02:58.466Z,2,v2,,
seaexam_289,SeaExam,Ngoc,CS-H,NAT,2026-05-19T10:14:35.570Z,2,v2,,
seaexam_289,SeaExam,Nhu,CS-H,NAT,2026-05-16T15:02:58.466Z,2,v2,,
seaexam_290,SeaExam,Khang,CS-E,NAT,2026-05-16T16:02:58.466Z,2,v2,,
seaexam_290,SeaExam,Ngoc,CS-E,NAT,2026-05-19T10:14:35.570Z,2,v2,,
seaexam_290,SeaExam,Nhu,CS-E,NAT,2026-05-16T15:02:58.466Z,2,v2,,
seaexam_291,SeaExam,Khang,CS-H,NAT,2026-05-16T16:02:58.466Z,2,v2,,
seaexam_291,SeaExam,Ngoc,CS-H,NAT,2026-05-19T10:14:35.570Z,2,v2,,
seaexam_291,SeaExam,Nhu,CS-H,NAT,2026-05-16T15:02:58.466Z,2,v2,,
seaexam_292,SeaExam,Khang,CS-H,NAT,2026-05-16T16:02:58.466Z,2,v2,,
seaexam_292,SeaExam,Ngoc,CA,NAT,2026-05-19T10:14:35.570Z,2,v2,,
seaexam_292,SeaExam,Nhu,CA,NAT,2026-05-16T15:02:58.466Z,2,v2,,
seaexam_293,SeaExam,Khang,CA,NAT,2026-05-16T16:02:58.466Z,2,v2,,
seaexam_293,SeaExam,Ngoc,CA,NAT,2026-05-19T10:14:35.570Z,2,v2,,
seaexam_293,SeaExam,Nhu,CA,NAT,2026-05-16T15:02:58.466Z,2,v2,,
seaexam_294,SeaExam,Khang,CS-E,NAT,2026-05-16T16:02:58.466Z,2,v2,,
seaexam_294,SeaExam,Ngoc,CS-E,NAT,2026-05-19T10:14:35.570Z,2,v2,,
seaexam_294,SeaExam,Nhu,CS-E,NAT,2026-05-16T15:02:58.466Z,2,v2,,
seaexam_295,SeaExam,Khang,CS-H,NAT,2026-05-16T16:02:58.466Z,2,v2,,
seaexam_295,SeaExam,Ngoc,CA,NAT,2026-05-19T10:14:35.570Z,2,v2,,
seaexam_295,SeaExam,Nhu,CA,NAT,2026-05-16T15:02:58.466Z,2,v2,,
seaexam_296,SeaExam,Khang,CS-H,NAT,2026-05-16T16:02:58.466Z,2,v2,,
seaexam_296,SeaExam,Ngoc,CA,NAT,2026-05-19T10:14:35.570Z,2,v2,,
seaexam_296,SeaExam,Nhu,CS-H,NAT,2026-05-16T15:02:58.466Z,2,v2,,
seaexam_297,SeaExam,Khang,CS-H,NAT,2026-05-16T16:02:58.466Z,2,v2,,
seaexam_297,SeaExam,Ngoc,CS-H,NAT,2026-05-19T10:14:35.570Z,2,v2,,
seaexam_297,SeaExam,Nhu,CS-H,NAT,2026-05-16T15:02:58.466Z,2,v2,,
seaexam_298,SeaExam,Khang,CS-H,NAT,2026-05-16T16:02:58.466Z,2,v2,,
seaexam_298,SeaExam,Ngoc,CA,NAT,2026-05-19T10:14:35.570Z,2,v2,,
seaexam_298,SeaExam,Nhu,CA,NAT,2026-05-16T15:02:58.466Z,2,v2,,
seaexam_299,SeaExam,Khang,CS-E,NAT,2026-05-16T16:02:58.466Z,2,v2,,
seaexam_299,SeaExam,Ngoc,CS-E,NAT,2026-05-19T10:14:35.570Z,2,v2,,
seaexam_299,SeaExam,Nhu,CS-E,NAT,2026-05-16T15:02:58.466Z,2,v2,,
seaexam_300,SeaExam,Khang,CA,NAT,2026-05-16T16:02:58.466Z,2,v2,,
seaexam_300,SeaExam,Ngoc,CA,NAT,2026-05-19T10:14:35.570Z,2,v2,,
seaexam_300,SeaExam,Nhu,CA,NAT,2026-05-16T15:02:58.466Z,2,v2,,
seaexam_301,SeaExam,Khang,CS-H,NAT,2026-05-16T16:02:58.466Z,2,v2,,
seaexam_301,SeaExam,Ngoc,CS-H,NAT,2026-05-19T10:14:35.570Z,2,v2,,
seaexam_301,SeaExam,Nhu,CS-H,NAT,2026-05-16T15:02:58.466Z,2,v2,,
seaexam_302,SeaExam,Khang,CS-H,NAT,2026-05-16T16:02:58.466Z,2,v2,,
seaexam_302,SeaExam,Ngoc,CS-H,NAT,2026-05-19T10:14:35.570Z,2,v2,,
seaexam_302,SeaExam,Nhu,CS-H,NAT,2026-05-16T15:02:58.466Z,2,v2,,
seaexam_303,SeaExam,Khang,CS-H,NAT,2026-05-16T16:02:58.466Z,2,v2,,
seaexam_303,SeaExam,Ngoc,CS-H,NAT,2026-05-19T10:14:35.570Z,2,v2,,
seaexam_303,SeaExam,Nhu,CS-H,NAT,2026-05-16T15:02:58.466Z,2,v2,,
seaexam_304,SeaExam,Khang,CS-L,NAT,2026-05-16T16:02:58.466Z,2,v2,,
seaexam_304,SeaExam,Ngoc,CS-L,NAT,2026-05-19T10:14:35.570Z,2,v2,,
seaexam_304,SeaExam,Nhu,CS-L,NAT,2026-05-16T15:02:58.466Z,2,v2,,
seaexam_305,SeaExam,Khang,CS-H,NAT,2026-05-16T16:02:58.466Z,2,v2,,
seaexam_305,SeaExam,Ngoc,CS-H,NAT,2026-05-19T10:14:35.570Z,2,v2,,
seaexam_305,SeaExam,Nhu,CS-H,NAT,2026-05-16T15:02:58.466Z,2,v2,,
seaexam_306,SeaExam,Khang,CS-H,NAT,2026-05-16T16:02:58.466Z,2,v2,,
seaexam_306,SeaExam,Ngoc,CS-H,NAT,2026-05-19T10:14:35.570Z,2,v2,,
seaexam_306,SeaExam,Nhu,CS-H,NAT,2026-05-16T15:02:58.466Z,2,v2,,
seaexam_307,SeaExam,Khang,CS-E,NAT,2026-05-16T16:02:58.466Z,2,v2,,
seaexam_307,SeaExam,Ngoc,CS-H,NAT,2026-05-19T10:14:35.570Z,2,v2,,
seaexam_307,SeaExam,Nhu,CS-E,NAT,2026-05-16T15:02:58.466Z,2,v2,,
seaexam_308,SeaExam,Khang,CS-E,NAT,2026-05-16T16:02:58.466Z,2,v2,,
seaexam_308,SeaExam,Ngoc,CS-E,NAT,2026-05-19T10:14:35.570Z,2,v2,,
seaexam_308,SeaExam,Nhu,CS-E,NAT,2026-05-16T15:02:58.466Z,2,v2,,
seaexam_309,SeaExam,Khang,CS-H,NAT,2026-05-16T16:02:58.466Z,2,v2,,
seaexam_309,SeaExam,Ngoc,CS-H,NAT,2026-05-19T10:14:35.570Z,2,v2,,
seaexam_309,SeaExam,Nhu,CS-H,NAT,2026-05-16T15:02:58.466Z,2,v2,,
seaexam_310,SeaExam,Khang,CA,NAT,2026-05-16T16:02:58.466Z,2,v2,,
seaexam_310,SeaExam,Ngoc,CA,NAT,2026-05-19T10:14:35.570Z,2,v2,,
seaexam_310,SeaExam,Nhu,CA,NAT,2026-05-16T15:02:58.466Z,2,v2,,
seaexam_311,SeaExam,Khang,CS-E,NAT,2026-05-16T16:02:58.466Z,2,v2,,
seaexam_311,SeaExam,Ngoc,CS-E,NAT,2026-05-19T10:14:35.570Z,2,v2,,
seaexam_311,SeaExam,Nhu,CS-E,NAT,2026-05-16T15:02:58.466Z,2,v2,,
seaexam_312,SeaExam,Khang,CS-E,NAT,2026-05-16T16:02:58.466Z,2,v2,,
seaexam_312,SeaExam,Ngoc,CS-E,NAT,2026-05-19T10:14:35.570Z,2,v2,,
seaexam_312,SeaExam,Nhu,CS-E,NAT,2026-05-16T15:02:58.466Z,2,v2,,
seaexam_313,SeaExam,Khang,CS-H,NAT,2026-05-16T16:02:58.466Z,2,v2,,
seaexam_313,SeaExam,Ngoc,CS-H,NAT,2026-05-19T10:14:35.570Z,2,v2,,
seaexam_313,SeaExam,Nhu,CS-H,NAT,2026-05-16T15:02:58.466Z,2,v2,,
seaexam_314,SeaExam,Khang,CS-H,NAT,2026-05-16T16:02:58.466Z,2,v2,,
seaexam_314,SeaExam,Ngoc,CS-H,NAT,2026-05-19T10:14:35.570Z,2,v2,,
seaexam_314,SeaExam,Nhu,CS-H,NAT,2026-05-16T15:02:58.466Z,2,v2,,
seaexam_315,SeaExam,Khang,CS-H,NAT,2026-05-16T16:02:58.466Z,2,v2,,
seaexam_315,SeaExam,Ngoc,CS-H,NAT,2026-05-19T10:14:35.570Z,2,v2,,
seaexam_315,SeaExam,Nhu,CS-H,NAT,2026-05-16T15:02:58.466Z,2,v2,,
seaexam_316,SeaExam,Khang,CS-H,NAT,2026-05-16T16:02:58.466Z,2,v2,,
seaexam_316,SeaExam,Ngoc,CA,NAT,2026-05-19T10:14:35.570Z,2,v2,,
seaexam_316,SeaExam,Nhu,CA,NAT,2026-05-16T15:02:58.466Z,2,v2,,
seaexam_317,SeaExam,Khang,CS-E,NAT,2026-05-16T16:02:58.466Z,2,v2,,
seaexam_317,SeaExam,Ngoc,CS-E,NAT,2026-05-19T10:14:35.570Z,2,v2,,
seaexam_317,SeaExam,Nhu,CS-E,NAT,2026-05-16T15:02:58.466Z,2,v2,,
seaexam_318,SeaExam,Khang,CS-H,NAT,2026-05-16T16:02:58.466Z,2,v2,,
seaexam_318,SeaExam,Ngoc,CS-H,NAT,2026-05-19T10:14:35.570Z,2,v2,,
seaexam_318,SeaExam,Nhu,CS-H,NAT,2026-05-16T15:02:58.466Z,2,v2,,
seaexam_319,SeaExam,Khang,CS-H,NAT,2026-05-16T16:02:58.466Z,2,v2,,
seaexam_319,SeaExam,Ngoc,CS-H,NAT,2026-05-19T10:14:35.570Z,2,v2,,
seaexam_319,SeaExam,Nhu,CS-H,NAT,2026-05-16T15:02:58.466Z,2,v2,,
seaexam_320,SeaExam,Khang,CS-H,NAT,2026-05-16T16:02:58.466Z,2,v2,,
seaexam_320,SeaExam,Ngoc,CS-H,NAT,2026-05-19T10:14:35.570Z,2,v2,,
seaexam_320,SeaExam,Nhu,CS-H,NAT,2026-05-16T15:02:58.466Z,2,v2,,
seaexam_321,SeaExam,Khang,CS-H,NAT,2026-05-16T16:02:58.466Z,2,v2,,
seaexam_321,SeaExam,Ngoc,CA,NAT,2026-05-19T10:14:35.570Z,2,v2,,
seaexam_321,SeaExam,Nhu,CA,NAT,2026-05-16T15:02:58.466Z,2,v2,,
seaexam_322,SeaExam,Khang,CS-H,NAT,2026-05-16T16:02:58.466Z,2,v2,,
seaexam_322,SeaExam,Ngoc,CA,NAT,2026-05-19T10:14:35.570Z,2,v2,,
seaexam_322,SeaExam,Nhu,CA,NAT,2026-05-16T15:02:58.466Z,2,v2,,
seaexam_323,SeaExam,Khang,CS-H,NAT,2026-05-16T16:02:58.466Z,2,v2,,
seaexam_323,SeaExam,Ngoc,CS-H,NAT,2026-05-19T10:14:35.570Z,2,v2,,
seaexam_323,SeaExam,Nhu,CS-H,NAT,2026-05-16T15:02:58.466Z,2,v2,,
seaexam_324,SeaExam,Khang,CA,NAT,2026-05-16T16:02:58.466Z,2,v2,,
seaexam_324,SeaExam,Ngoc,CA,NAT,2026-05-19T10:14:35.570Z,2,v2,,
seaexam_324,SeaExam,Nhu,CA,NAT,2026-05-16T15:02:58.466Z,2,v2,,
seaexam_325,SeaExam,Khang,CS-H,NAT,2026-05-16T16:02:58.466Z,2,v2,,
seaexam_325,SeaExam,Ngoc,CS-H,NAT,2026-05-19T10:14:35.570Z,2,v2,,
seaexam_325,SeaExam,Nhu,CS-H,NAT,2026-05-16T15:02:58.466Z,2,v2,,
seaexam_326,SeaExam,Khang,CS-H,NAT,2026-05-16T16:02:58.466Z,2,v2,,
seaexam_326,SeaExam,Ngoc,CA,NAT,2026-05-19T10:14:35.570Z,2,v2,,
seaexam_326,SeaExam,Nhu,CA,NAT,2026-05-16T15:02:58.466Z,2,v2,,
seaexam_327,SeaExam,Khang,CS-E,NAT,2026-05-16T16:02:58.466Z,2,v2,,
seaexam_327,SeaExam,Ngoc,CS-E,NAT,2026-05-19T10:14:35.570Z,2,v2,,
seaexam_327,SeaExam,Nhu,CS-E,NAT,2026-05-16T15:02:58.466Z,2,v2,,
seaexam_328,SeaExam,Khang,CS-H,NAT,2026-05-16T16:02:58.466Z,2,v2,,
seaexam_328,SeaExam,Ngoc,CA,NAT,2026-05-19T10:14:35.570Z,2,v2,,
seaexam_328,SeaExam,Nhu,CA,NAT,2026-05-16T15:02:58.466Z,2,v2,,
seaexam_329,SeaExam,Khang,CS-H,NAT,2026-05-16T16:02:58.466Z,2,v2,,
seaexam_329,SeaExam,Ngoc,CS-H,NAT,2026-05-19T10:14:35.570Z,2,v2,,
seaexam_329,SeaExam,Nhu,CS-H,NAT,2026-05-16T15:02:58.466Z,2,v2,,
seaexam_330,SeaExam,Khang,CS-H,NAT,2026-05-16T16:02:58.466Z,2,v2,,
seaexam_330,SeaExam,Ngoc,CS-H,NAT,2026-05-19T10:14:35.570Z,2,v2,,
seaexam_330,SeaExam,Nhu,CS-H,NAT,2026-05-16T15:02:58.466Z,2,v2,,
seaexam_331,SeaExam,Khang,CS-E,NAT,2026-05-16T16:02:58.466Z,2,v2,,
seaexam_331,SeaExam,Ngoc,CS-E,NAT,2026-05-19T10:14:35.570Z,2,v2,,
seaexam_331,SeaExam,Nhu,CS-E,NAT,2026-05-16T15:02:58.466Z,2,v2,,
seaexam_332,SeaExam,Khang,CS-E,NAT,2026-05-16T16:02:58.466Z,2,v2,,
seaexam_332,SeaExam,Ngoc,CS-E,NAT,2026-05-19T10:14:35.570Z,2,v2,,
seaexam_332,SeaExam,Nhu,CS-E,NAT,2026-05-16T15:02:58.466Z,2,v2,,
seaexam_333,SeaExam,Khang,CS-E,NAT,2026-05-16T16:02:58.466Z,2,v2,,
seaexam_333,SeaExam,Ngoc,CS-E,NAT,2026-05-19T10:14:35.570Z,2,v2,,
seaexam_333,SeaExam,Nhu,CS-E,NAT,2026-05-16T15:02:58.466Z,2,v2,,
seaexam_334,SeaExam,Khang,CS-H,NAT,2026-05-16T16:02:58.466Z,2,v2,,
seaexam_334,SeaExam,Ngoc,CA,NAT,2026-05-19T10:14:35.570Z,2,v2,,
seaexam_334,SeaExam,Nhu,CS-H,NAT,2026-05-16T15:02:58.466Z,2,v2,,
seaexam_335,SeaExam,Khang,CS-L,NAT,2026-05-16T16:02:58.466Z,2,v2,,
seaexam_335,SeaExam,Ngoc,CS-L,NAT,2026-05-19T10:14:35.570Z,2,v2,,
seaexam_335,SeaExam,Nhu,CS-L,NAT,2026-05-16T15:02:58.466Z,2,v2,,
seaexam_336,SeaExam,Khang,CS-H,NAT,2026-05-16T16:02:58.466Z,2,v2,,
seaexam_336,SeaExam,Ngoc,CS-H,NAT,2026-05-19T10:14:35.570Z,2,v2,,
seaexam_336,SeaExam,Nhu,CS-H,NAT,2026-05-16T15:02:58.466Z,2,v2,,
seaexam_337,SeaExam,Khang,CS-E,NAT,2026-05-16T16:02:58.466Z,2,v2,,
seaexam_337,SeaExam,Ngoc,CS-E,NAT,2026-05-19T10:14:35.570Z,2,v2,,
seaexam_337,SeaExam,Nhu,CS-E,NAT,2026-05-16T15:02:58.466Z,2,v2,,
seaexam_338,SeaExam,Khang,CS-H,NAT,2026-05-16T16:02:58.466Z,2,v2,,
seaexam_338,SeaExam,Ngoc,CS-H,NAT,2026-05-19T10:14:35.570Z,2,v2,,
seaexam_338,SeaExam,Nhu,CS-H,NAT,2026-05-16T15:02:58.466Z,2,v2,,
seaexam_339,SeaExam,Khang,CS-H,NAT,2026-05-16T16:02:58.466Z,2,v2,,
seaexam_339,SeaExam,Ngoc,CS-H,NAT,2026-05-19T10:14:35.570Z,2,v2,,
seaexam_339,SeaExam,Nhu,CS-H,NAT,2026-05-16T15:02:58.466Z,2,v2,,
seaexam_340,SeaExam,Khang,CS-H,NAT,2026-05-16T16:02:58.466Z,2,v2,,
seaexam_340,SeaExam,Ngoc,CA,NAT,2026-05-19T10:14:35.570Z,2,v2,,
seaexam_340,SeaExam,Nhu,CS-H,NAT,2026-05-16T15:02:58.466Z,2,v2,,
seaexam_341,SeaExam,Khang,CS-H,NAT,2026-05-16T16:02:58.466Z,2,v2,,
seaexam_341,SeaExam,Ngoc,CS-E,NAT,2026-05-19T10:14:35.570Z,2,v2,,
seaexam_341,SeaExam,Nhu,CS-H,NAT,2026-05-16T15:02:58.466Z,2,v2,,
seaexam_342,SeaExam,Khang,CS-E,NAT,2026-05-16T16:02:58.466Z,2,v2,,
seaexam_342,SeaExam,Ngoc,CS-H,NAT,2026-05-19T10:14:35.570Z,2,v2,,
seaexam_342,SeaExam,Nhu,CS-E,NAT,2026-05-16T15:02:58.466Z,2,v2,,
seaexam_343,SeaExam,Khang,CS-L,NAT,2026-05-16T16:02:58.466Z,2,v2,,
seaexam_343,SeaExam,Ngoc,CS-L,NAT,2026-05-19T10:14:35.570Z,2,v2,,
seaexam_343,SeaExam,Nhu,CS-L,NAT,2026-05-16T15:02:58.466Z,2,v2,,
seaexam_344,SeaExam,Khang,CS-H,NAT,2026-05-16T16:02:58.466Z,2,v2,,
seaexam_344,SeaExam,Ngoc,CS-H,NAT,2026-05-19T10:14:35.570Z,2,v2,,
seaexam_344,SeaExam,Nhu,CS-H,NAT,2026-05-16T15:02:58.466Z,2,v2,,
seaexam_345,SeaExam,Khang,CS-E,NAT,2026-05-16T16:02:58.466Z,2,v2,,
seaexam_345,SeaExam,Ngoc,CS-E,NAT,2026-05-19T10:14:35.570Z,2,v2,,
seaexam_345,SeaExam,Nhu,CS-E,NAT,2026-05-16T15:02:58.466Z,2,v2,,
seaexam_346,SeaExam,Khang,CS-H,NAT,2026-05-16T16:02:58.466Z,2,v2,,
seaexam_346,SeaExam,Ngoc,CS-H,NAT,2026-05-19T10:14:35.570Z,2,v2,,
seaexam_346,SeaExam,Nhu,CS-H,NAT,2026-05-16T15:02:58.466Z,2,v2,,
seaexam_347,SeaExam,Khang,CS-H,NAT,2026-05-16T16:02:58.466Z,2,v2,,
seaexam_347,SeaExam,Ngoc,CS-H,NAT,2026-05-19T10:14:35.570Z,2,v2,,
seaexam_347,SeaExam,Nhu,CS-H,NAT,2026-05-16T15:02:58.466Z,2,v2,,
seaexam_348,SeaExam,Khang,CS-E,NAT,2026-05-16T16:02:58.466Z,2,v2,,
seaexam_348,SeaExam,Ngoc,CS-E,NAT,2026-05-19T10:14:35.570Z,2,v2,,
seaexam_348,SeaExam,Nhu,CS-E,NAT,2026-05-16T15:02:58.466Z,2,v2,,
seaexam_349,SeaExam,Khang,CS-H,NAT,2026-05-16T16:02:58.466Z,2,v2,,
seaexam_349,SeaExam,Ngoc,CA,NAT,2026-05-19T10:14:35.570Z,2,v2,,
seaexam_349,SeaExam,Nhu,CS-H,NAT,2026-05-16T15:02:58.466Z,2,v2,,
seaexam_350,SeaExam,Khang,CS-E,NAT,2026-05-16T16:02:58.466Z,2,v2,,
seaexam_350,SeaExam,Ngoc,CS-E,NAT,2026-05-19T10:14:35.570Z,2,v2,,
seaexam_350,SeaExam,Nhu,CS-E,NAT,2026-05-16T15:02:58.466Z,2,v2,,
seaexam_351,SeaExam,Khang,CS-H,NAT,2026-05-16T16:02:58.466Z,2,v2,,
seaexam_351,SeaExam,Ngoc,CA,NAT,2026-05-19T10:14:35.570Z,2,v2,,
seaexam_351,SeaExam,Nhu,CA,NAT,2026-05-16T15:02:58.466Z,2,v2,,
seaexam_352,SeaExam,Khang,CS-H,NAT,2026-05-16T16:02:58.466Z,2,v2,,
seaexam_352,SeaExam,Ngoc,CS-H,NAT,2026-05-19T10:14:35.570Z,2,v2,,
seaexam_352,SeaExam,Nhu,CS-H,NAT,2026-05-16T15:02:58.466Z,2,v2,,
seaexam_353,SeaExam,Khang,CS-H,NAT,2026-05-16T16:02:58.466Z,2,v2,,
seaexam_353,SeaExam,Ngoc,CS-H,NAT,2026-05-19T10:14:35.570Z,2,v2,,
seaexam_353,SeaExam,Nhu,CS-H,NAT,2026-05-16T15:02:58.466Z,2,v2,,
seaexam_354,SeaExam,Khang,CS-H,NAT,2026-05-16T16:02:58.466Z,2,v2,,
seaexam_354,SeaExam,Ngoc,CS-H,NAT,2026-05-19T10:14:35.570Z,2,v2,,
seaexam_354,SeaExam,Nhu,CS-H,NAT,2026-05-16T15:02:58.466Z,2,v2,,
seaexam_355,SeaExam,Khang,CS-H,NAT,2026-05-16T16:02:58.466Z,2,v2,,
seaexam_355,SeaExam,Ngoc,CS-H,NAT,2026-05-19T10:14:35.570Z,2,v2,,
seaexam_355,SeaExam,Nhu,CS-H,NAT,2026-05-16T15:02:58.466Z,2,v2,,
seaexam_356,SeaExam,Khang,CS-H,NAT,2026-05-16T16:02:58.466Z,2,v2,,
seaexam_356,SeaExam,Ngoc,CS-H,NAT,2026-05-19T10:14:35.570Z,2,v2,,
seaexam_356,SeaExam,Nhu,CS-H,NAT,2026-05-16T15:02:58.466Z,2,v2,,
seaexam_357,SeaExam,Khang,CS-H,NAT,2026-05-16T16:02:58.466Z,2,v2,,
seaexam_357,SeaExam,Ngoc,CS-H,NAT,2026-05-19T10:14:35.570Z,2,v2,,
seaexam_357,SeaExam,Nhu,CS-H,NAT,2026-05-16T15:02:58.466Z,2,v2,,
seaexam_358,SeaExam,Khang,CS-E,NAT,2026-05-16T16:02:58.466Z,2,v2,,
seaexam_358,SeaExam,Ngoc,CS-E,NAT,2026-05-19T10:14:35.570Z,2,v2,,
seaexam_358,SeaExam,Nhu,CS-E,NAT,2026-05-16T15:02:58.466Z,2,v2,,
seaexam_359,SeaExam,Khang,CA,NAT,2026-05-16T16:02:58.466Z,2,v2,,
seaexam_359,SeaExam,Ngoc,CA,NAT,2026-05-19T10:14:35.570Z,2,v2,,
seaexam_359,SeaExam,Nhu,CA,NAT,2026-05-16T15:02:58.466Z,2,v2,,
seaexam_360,SeaExam,Khang,CS-E,NAT,2026-05-16T16:02:58.466Z,2,v2,,
seaexam_360,SeaExam,Ngoc,CS-E,NAT,2026-05-19T10:14:35.570Z,2,v2,,
seaexam_360,SeaExam,Nhu,CS-E,NAT,2026-05-16T15:02:58.466Z,2,v2,,
seaexam_361,SeaExam,Khang,CS-H,NAT,2026-05-16T16:02:58.466Z,2,v2,,
seaexam_361,SeaExam,Ngoc,CS-H,NAT,2026-05-19T10:14:35.570Z,2,v2,,
seaexam_361,SeaExam,Nhu,CS-H,NAT,2026-05-16T15:02:58.466Z,2,v2,,
seaexam_362,SeaExam,Khang,CA,NAT,2026-05-16T16:02:58.466Z,2,v2,,
seaexam_362,SeaExam,Ngoc,CS-H,NAT,2026-05-19T10:14:35.570Z,2,v2,,
seaexam_362,SeaExam,Nhu,CA,NAT,2026-05-16T15:02:58.466Z,2,v2,,
seaexam_363,SeaExam,Khang,CS-H,NAT,2026-05-16T16:02:58.466Z,2,v2,,
seaexam_363,SeaExam,Ngoc,CS-H,NAT,2026-05-19T10:14:35.570Z,2,v2,,
seaexam_363,SeaExam,Nhu,CS-H,NAT,2026-05-16T15:02:58.466Z,2,v2,,
seaexam_364,SeaExam,Khang,CS-H,NAT,2026-05-16T16:02:58.466Z,2,v2,,
seaexam_364,SeaExam,Ngoc,CS-H,NAT,2026-05-19T10:14:35.570Z,2,v2,,
seaexam_364,SeaExam,Nhu,CS-H,NAT,2026-05-16T15:02:58.466Z,2,v2,,
seaexam_365,SeaExam,Khang,CS-E,NAT,2026-05-16T16:02:58.466Z,2,v2,,
seaexam_365,SeaExam,Ngoc,CS-E,NAT,2026-05-19T10:14:35.570Z,2,v2,,
seaexam_365,SeaExam,Nhu,CS-E,NAT,2026-05-16T15:02:58.466Z,2,v2,,
seaexam_366,SeaExam,Khang,CS-E,NAT,2026-05-16T16:02:58.466Z,2,v2,,
seaexam_366,SeaExam,Ngoc,CA,NAT,2026-05-19T10:14:35.570Z,2,v2,,
seaexam_366,SeaExam,Nhu,CA,NAT,2026-05-16T15:02:58.466Z,2,v2,,
seaexam_367,SeaExam,Khang,CS-E,NAT,2026-05-16T16:02:58.466Z,2,v2,,
seaexam_367,SeaExam,Ngoc,CA,NAT,2026-05-19T10:14:35.570Z,2,v2,,
seaexam_367,SeaExam,Nhu,CA,NAT,2026-05-16T15:02:58.466Z,2,v2,,
seaexam_368,SeaExam,Khang,CS-H,NAT,2026-05-16T16:02:58.466Z,2,v2,,
seaexam_368,SeaExam,Ngoc,CS-H,NAT,2026-05-19T10:14:35.570Z,2,v2,,
seaexam_368,SeaExam,Nhu,CS-H,NAT,2026-05-16T15:02:58.466Z,2,v2,,
seaexam_369,SeaExam,Khang,CS-H,NAT,2026-05-16T16:02:58.466Z,2,v2,,
seaexam_369,SeaExam,Ngoc,CS-H,NAT,2026-05-19T10:14:35.570Z,2,v2,,
seaexam_369,SeaExam,Nhu,CS-H,NAT,2026-05-16T15:02:58.466Z,2,v2,,
seaexam_370,SeaExam,Khang,CS-L,NAT,2026-05-16T16:02:58.466Z,2,v2,,
seaexam_370,SeaExam,Ngoc,CS-L,NAT,2026-05-19T10:14:35.570Z,2,v2,,
seaexam_370,SeaExam,Nhu,CS-L,NAT,2026-05-16T15:02:58.466Z,2,v2,,
seaexam_371,SeaExam,Khang,CS-E,NAT,2026-05-16T16:02:58.466Z,2,v2,,
seaexam_371,SeaExam,Ngoc,CA,NAT,2026-05-19T10:14:35.570Z,2,v2,,
seaexam_371,SeaExam,Nhu,CA,NAT,2026-05-16T15:02:58.466Z,2,v2,,
seaexam_372,SeaExam,Khang,CS-E,NAT,2026-05-16T16:02:58.466Z,2,v2,,
seaexam_372,SeaExam,Ngoc,CS-E,NAT,2026-05-19T10:14:35.570Z,2,v2,,
seaexam_372,SeaExam,Nhu,CS-E,NAT,2026-05-16T15:02:58.466Z,2,v2,,
seaexam_373,SeaExam,Khang,CS-H,NAT,2026-05-16T16:02:58.466Z,2,v2,,
seaexam_373,SeaExam,Ngoc,CA,NAT,2026-05-19T10:14:35.570Z,2,v2,,
seaexam_373,SeaExam,Nhu,CS-H,NAT,2026-05-16T15:02:58.466Z,2,v2,,
seaexam_374,SeaExam,Khang,CS-E,NAT,2026-05-16T16:02:58.466Z,2,v2,,
seaexam_374,SeaExam,Ngoc,CS-E,NAT,2026-05-19T10:14:35.570Z,2,v2,,
seaexam_374,SeaExam,Nhu,CS-E,NAT,2026-05-16T15:02:58.466Z,2,v2,,
seaexam_375,SeaExam,Khang,CS-H,NAT,2026-05-16T16:02:58.466Z,2,v2,,
seaexam_375,SeaExam,Ngoc,CS-H,NAT,2026-05-19T10:14:35.570Z,2,v2,,
seaexam_375,SeaExam,Nhu,CS-H,NAT,2026-05-16T15:02:58.466Z,2,v2,,
seaexam_376,SeaExam,Khang,CA,NAT,2026-05-16T16:02:58.466Z,2,v2,,
seaexam_376,SeaExam,Ngoc,CS-E,NAT,2026-05-19T10:14:35.570Z,2,v2,,
seaexam_376,SeaExam,Nhu,CA,NAT,2026-05-16T15:02:58.466Z,2,v2,,
seaexam_377,SeaExam,Khang,CS-H,NAT,2026-05-16T16:02:58.466Z,2,v2,,
seaexam_377,SeaExam,Ngoc,CS-H,NAT,2026-05-19T10:14:35.570Z,2,v2,,
seaexam_377,SeaExam,Nhu,CS-H,NAT,2026-05-16T15:02:58.466Z,2,v2,,
seaexam_378,SeaExam,Khang,CS-H,NAT,2026-05-16T16:02:58.466Z,2,v2,,
seaexam_378,SeaExam,Ngoc,CS-H,NAT,2026-05-19T10:14:35.570Z,2,v2,,
seaexam_378,SeaExam,Nhu,CS-H,NAT,2026-05-16T15:02:58.466Z,2,v2,,
seaexam_379,SeaExam,Khang,CS-L,NAT,2026-05-16T16:02:58.466Z,2,v2,,
seaexam_379,SeaExam,Ngoc,CS-L,NAT,2026-05-19T10:14:35.570Z,2,v2,,
seaexam_379,SeaExam,Nhu,CS-L,NAT,2026-05-16T15:02:58.466Z,2,v2,,
seaexam_380,SeaExam,Khang,CS-E,NAT,2026-05-16T16:02:58.466Z,2,v2,,
seaexam_380,SeaExam,Ngoc,CS-E,NAT,2026-05-19T10:14:35.570Z,2,v2,,
seaexam_380,SeaExam,Nhu,CS-E,NAT,2026-05-16T15:02:58.466Z,2,v2,,
seaexam_381,SeaExam,Khang,CS-E,NAT,2026-05-16T16:02:58.466Z,2,v2,,
seaexam_381,SeaExam,Ngoc,CS-E,NAT,2026-05-19T10:14:35.570Z,2,v2,,
seaexam_381,SeaExam,Nhu,CS-E,NAT,2026-05-16T15:02:58.466Z,2,v2,,
seaexam_382,SeaExam,Khang,CS-L,NAT,2026-05-16T16:02:58.466Z,2,v2,,
seaexam_382,SeaExam,Ngoc,CS-L,NAT,2026-05-19T10:14:35.570Z,2,v2,,
seaexam_382,SeaExam,Nhu,CS-L,NAT,2026-05-16T15:02:58.466Z,2,v2,,
seaexam_383,SeaExam,Khang,CS-H,NAT,2026-05-16T16:02:58.466Z,2,v2,,
seaexam_383,SeaExam,Ngoc,CS-H,NAT,2026-05-19T10:14:35.570Z,2,v2,,
seaexam_383,SeaExam,Nhu,CS-H,NAT,2026-05-16T15:02:58.466Z,2,v2,,
seaexam_384,SeaExam,Khang,CS-H,NAT,2026-05-16T16:02:58.466Z,2,v2,,
seaexam_384,SeaExam,Ngoc,CS-H,NAT,2026-05-19T10:14:35.570Z,2,v2,,
seaexam_384,SeaExam,Nhu,CS-H,NAT,2026-05-16T15:02:58.466Z,2,v2,,
seaexam_385,SeaExam,Khang,CS-L,NAT,2026-05-16T16:02:58.466Z,2,v2,,
seaexam_385,SeaExam,Ngoc,CS-L,NAT,2026-05-19T10:14:35.570Z,2,v2,,
seaexam_385,SeaExam,Nhu,CS-L,NAT,2026-05-16T15:02:58.466Z,2,v2,,
seaexam_386,SeaExam,Khang,CS-H,NAT,2026-05-16T16:02:58.466Z,2,v2,,
seaexam_386,SeaExam,Ngoc,CS-H,NAT,2026-05-19T10:14:35.570Z,2,v2,,
seaexam_386,SeaExam,Nhu,CS-H,NAT,2026-05-16T15:02:58.466Z,2,v2,,
seaexam_387,SeaExam,Khang,CS-E,NAT,2026-05-16T16:02:58.466Z,2,v2,,
seaexam_387,SeaExam,Ngoc,CS-E,NAT,2026-05-19T10:14:35.570Z,2,v2,,
seaexam_387,SeaExam,Nhu,CS-E,NAT,2026-05-16T15:02:58.466Z,2,v2,,
seaexam_388,SeaExam,Khang,CS-H,NAT,2026-05-16T16:02:58.466Z,2,v2,,
seaexam_388,SeaExam,Ngoc,CS-H,NAT,2026-05-19T10:14:35.570Z,2,v2,,
seaexam_388,SeaExam,Nhu,CS-H,NAT,2026-05-16T15:02:58.466Z,2,v2,,
seaexam_389,SeaExam,Khang,CS-H,NAT,2026-05-16T16:02:58.466Z,2,v2,,
seaexam_389,SeaExam,Ngoc,CS-H,NAT,2026-05-19T10:14:35.570Z,2,v2,,
seaexam_389,SeaExam,Nhu,CS-H,NAT,2026-05-16T15:02:58.466Z,2,v2,,
seaexam_390,SeaExam,Khang,CS-H,NAT,2026-05-16T16:02:58.466Z,2,v2,,
seaexam_390,SeaExam,Ngoc,CS-H,NAT,2026-05-19T10:14:35.570Z,2,v2,,
seaexam_390,SeaExam,Nhu,CS-H,NAT,2026-05-16T15:02:58.466Z,2,v2,,
seaexam_391,SeaExam,Khang,CS-H,NAT,2026-05-16T16:02:58.466Z,2,v2,,
seaexam_391,SeaExam,Ngoc,CS-H,NAT,2026-05-19T10:14:35.570Z,2,v2,,
seaexam_391,SeaExam,Nhu,CS-H,NAT,2026-05-16T15:02:58.466Z,2,v2,,
seaexam_392,SeaExam,Khang,CS-H,NAT,2026-05-16T16:02:58.466Z,2,v2,,
seaexam_392,SeaExam,Ngoc,CS-H,NAT,2026-05-19T10:14:35.570Z,2,v2,,
seaexam_392,SeaExam,Nhu,CS-H,NAT,2026-05-16T15:02:58.466Z,2,v2,,
seaexam_393,SeaExam,Khang,CS-E,NAT,2026-05-16T16:02:58.466Z,2,v2,,
seaexam_393,SeaExam,Ngoc,CS-E,NAT,2026-05-19T10:14:35.570Z,2,v2,,
seaexam_393,SeaExam,Nhu,CS-E,NAT,2026-05-16T15:02:58.466Z,2,v2,,
seaexam_394,SeaExam,Khang,CS-H,NAT,2026-05-16T16:02:58.466Z,2,v2,,
seaexam_394,SeaExam,Ngoc,CS-H,NAT,2026-05-19T10:14:35.570Z,2,v2,,
seaexam_394,SeaExam,Nhu,CS-H,NAT,2026-05-16T15:02:58.466Z,2,v2,,
seaexam_395,SeaExam,Khang,CS-L,NAT,2026-05-16T16:02:58.466Z,2,v2,,
seaexam_395,SeaExam,Ngoc,CS-L,NAT,2026-05-19T10:14:35.570Z,2,v2,,
seaexam_395,SeaExam,Nhu,CS-L,NAT,2026-05-16T15:02:58.466Z,2,v2,,
seaexam_396,SeaExam,Khang,CS-E,NAT,2026-05-16T16:02:58.466Z,2,v2,,
seaexam_396,SeaExam,Ngoc,CS-E,NAT,2026-05-19T10:14:35.570Z,2,v2,,
seaexam_396,SeaExam,Nhu,CS-E,NAT,2026-05-16T15:02:58.466Z,2,v2,,
seaexam_397,SeaExam,Khang,CS-E,NAT,2026-05-16T16:02:58.466Z,2,v2,,
seaexam_397,SeaExam,Ngoc,CS-E,NAT,2026-05-19T10:14:35.570Z,2,v2,,
seaexam_397,SeaExam,Nhu,CS-E,NAT,2026-05-16T15:02:58.466Z,2,v2,,
seaexam_398,SeaExam,Khang,CS-E,NAT,2026-05-16T16:02:58.466Z,2,v2,,
seaexam_398,SeaExam,Ngoc,CS-E,NAT,2026-05-19T10:14:35.570Z,2,v2,,
seaexam_398,SeaExam,Nhu,CS-E,NAT,2026-05-16T15:02:58.466Z,2,v2,,
seaexam_399,SeaExam,Khang,CS-H,NAT,2026-05-16T16:02:58.466Z,2,v2,,
seaexam_399,SeaExam,Ngoc,CS-H,NAT,2026-05-19T10:14:35.570Z,2,v2,,
seaexam_399,SeaExam,Nhu,CS-H,NAT,2026-05-16T15:02:58.466Z,2,v2,,
seaexam_400,SeaExam,Khang,CS-H,NAT,2026-05-16T16:02:58.466Z,2,v2,,
seaexam_400,SeaExam,Ngoc,CA,NAT,2026-05-19T10:14:35.570Z,2,v2,,
seaexam_400,SeaExam,Nhu,CA,NAT,2026-05-16T15:02:58.466Z,2,v2,,
seaexam_401,SeaExam,Khang,CS-E,NAT,2026-05-16T16:02:58.466Z,2,v2,,
seaexam_401,SeaExam,Ngoc,CA,NAT,2026-05-19T10:14:35.570Z,2,v2,,
seaexam_401,SeaExam,Nhu,CA,NAT,2026-05-16T15:02:58.466Z,2,v2,,
seaexam_402,SeaExam,Khang,CA,NAT,2026-05-16T16:02:58.466Z,2,v2,,
seaexam_402,SeaExam,Ngoc,CA,NAT,2026-05-19T10:14:35.570Z,2,v2,,
seaexam_402,SeaExam,Nhu,CA,NAT,2026-05-16T15:02:58.466Z,2,v2,,
seaexam_403,SeaExam,Khang,CA,NAT,2026-05-16T16:02:58.466Z,2,v2,,
seaexam_403,SeaExam,Ngoc,CS-E,NAT,2026-05-19T10:14:35.570Z,2,v2,,
seaexam_403,SeaExam,Nhu,CA,NAT,2026-05-16T15:02:58.466Z,2,v2,,
seaexam_404,SeaExam,Khang,CS-H,NAT,2026-05-16T16:02:58.466Z,2,v2,,
seaexam_404,SeaExam,Ngoc,CS-H,NAT,2026-05-19T10:14:35.570Z,2,v2,,
seaexam_404,SeaExam,Nhu,CS-H,NAT,2026-05-16T15:02:58.466Z,2,v2,,
seaexam_405,SeaExam,Khang,CS-H,NAT,2026-05-16T16:02:58.466Z,2,v2,,
seaexam_405,SeaExam,Ngoc,CS-H,NAT,2026-05-19T10:14:35.570Z,2,v2,,
seaexam_405,SeaExam,Nhu,CS-H,NAT,2026-05-16T15:02:58.466Z,2,v2,,
seaexam_406,SeaExam,Khang,CS-E,NAT,2026-05-16T16:02:58.466Z,2,v2,,
seaexam_406,SeaExam,Ngoc,CS-H,NAT,2026-05-19T10:14:35.570Z,2,v2,,
seaexam_406,SeaExam,Nhu,CS-E,NAT,2026-05-16T15:02:58.466Z,2,v2,,
seaexam_407,SeaExam,Khang,CS-H,NAT,2026-05-16T16:02:58.466Z,2,v2,,
seaexam_407,SeaExam,Ngoc,CA,NAT,2026-05-19T10:14:35.570Z,2,v2,,
seaexam_407,SeaExam,Nhu,CA,NAT,2026-05-16T15:02:58.466Z,2,v2,,
seaexam_408,SeaExam,Khang,CS-H,NAT,2026-05-16T16:02:58.466Z,2,v2,,
seaexam_408,SeaExam,Ngoc,CS-H,NAT,2026-05-19T10:14:35.570Z,2,v2,,
seaexam_408,SeaExam,Nhu,CS-H,NAT,2026-05-16T15:02:58.466Z,2,v2,,
seaexam_409,SeaExam,Khang,CS-H,NAT,2026-05-16T16:02:58.466Z,2,v2,,
seaexam_409,SeaExam,Ngoc,CS-H,NAT,2026-05-19T10:14:35.570Z,2,v2,,
seaexam_409,SeaExam,Nhu,CS-H,NAT,2026-05-16T15:02:58.466Z,2,v2,,
seaexam_410,SeaExam,Khang,CA,NAT,2026-05-16T16:02:58.466Z,2,v2,,
seaexam_410,SeaExam,Ngoc,CA,NAT,2026-05-19T10:14:35.570Z,2,v2,,
seaexam_410,SeaExam,Nhu,CA,NAT,2026-05-16T15:02:58.466Z,2,v2,,
seaexam_411,SeaExam,Khang,CS-H,NAT,2026-05-16T16:02:58.466Z,2,v2,,
seaexam_411,SeaExam,Ngoc,CS-H,NAT,2026-05-19T10:14:35.570Z,2,v2,,
seaexam_411,SeaExam,Nhu,CS-H,NAT,2026-05-16T15:02:58.466Z,2,v2,,
seaexam_412,SeaExam,Khang,CA,NAT,2026-05-16T16:02:58.466Z,2,v2,,
seaexam_412,SeaExam,Ngoc,CA,NAT,2026-05-19T10:14:35.570Z,2,v2,,
seaexam_412,SeaExam,Nhu,CA,NAT,2026-05-16T15:02:58.466Z,2,v2,,
seaexam_413,SeaExam,Khang,CS-H,NAT,2026-05-16T16:02:58.466Z,2,v2,,
seaexam_413,SeaExam,Ngoc,CS-H,NAT,2026-05-19T10:14:35.570Z,2,v2,,
seaexam_413,SeaExam,Nhu,CS-H,NAT,2026-05-16T15:02:58.466Z,2,v2,,
seaexam_414,SeaExam,Khang,CS-H,NAT,2026-05-16T16:02:58.466Z,2,v2,,
seaexam_414,SeaExam,Ngoc,CS-H,NAT,2026-05-19T10:14:35.570Z,2,v2,,
seaexam_414,SeaExam,Nhu,CS-H,NAT,2026-05-16T15:02:58.466Z,2,v2,,
seaexam_415,SeaExam,Khang,CS-L,NAT,2026-05-16T16:02:58.466Z,2,v2,,
seaexam_415,SeaExam,Ngoc,CS-L,NAT,2026-05-19T10:14:35.570Z,2,v2,,
seaexam_415,SeaExam,Nhu,CS-L,NAT,2026-05-16T15:02:58.466Z,2,v2,,
seaexam_416,SeaExam,Khang,CS-H,NAT,2026-05-16T16:02:58.466Z,2,v2,,
seaexam_416,SeaExam,Ngoc,CS-H,NAT,2026-05-19T10:14:35.570Z,2,v2,,
seaexam_416,SeaExam,Nhu,CS-H,NAT,2026-05-16T15:02:58.466Z,2,v2,,
seaexam_417,SeaExam,Khang,CS-L,NAT,2026-05-16T16:02:58.466Z,2,v2,,
seaexam_417,SeaExam,Ngoc,CA,NAT,2026-05-19T10:14:35.570Z,2,v2,,
seaexam_417,SeaExam,Nhu,CS-L,NAT,2026-05-16T15:02:58.466Z,2,v2,,
seaexam_418,SeaExam,Khang,CS-H,NAT,2026-05-16T16:02:58.466Z,2,v2,,
seaexam_418,SeaExam,Ngoc,CA,NAT,2026-05-19T10:14:35.570Z,2,v2,,
seaexam_418,SeaExam,Nhu,CA,NAT,2026-05-16T15:02:58.466Z,2,v2,,
seaexam_419,SeaExam,Khang,CS-E,NAT,2026-05-16T16:02:58.466Z,2,v2,,
seaexam_419,SeaExam,Ngoc,CS-E,NAT,2026-05-19T10:14:35.570Z,2,v2,,
seaexam_419,SeaExam,Nhu,CS-E,NAT,2026-05-16T15:02:58.466Z,2,v2,,
seaexam_420,SeaExam,Khang,CS-E,NAT,2026-05-16T16:02:58.466Z,2,v2,,
seaexam_420,SeaExam,Ngoc,CS-E,NAT,2026-05-19T10:14:35.570Z,2,v2,,
seaexam_420,SeaExam,Nhu,CS-E,NAT,2026-05-16T15:02:58.466Z,2,v2,,
seaexam_421,SeaExam,Khang,CS-H,NAT,2026-05-16T16:02:58.466Z,2,v2,,
seaexam_421,SeaExam,Ngoc,CS-H,NAT,2026-05-19T10:14:35.570Z,2,v2,,
seaexam_421,SeaExam,Nhu,CS-H,NAT,2026-05-16T15:02:58.466Z,2,v2,,
seaexam_422,SeaExam,Khang,CS-H,NAT,2026-05-16T16:02:58.466Z,2,v2,,
seaexam_422,SeaExam,Ngoc,CS-H,NAT,2026-05-19T10:14:35.570Z,2,v2,,
seaexam_422,SeaExam,Nhu,CS-H,NAT,2026-05-16T15:02:58.466Z,2,v2,,
seaexam_423,SeaExam,Khang,CA,NAT,2026-05-16T16:02:58.466Z,2,v2,,
seaexam_423,SeaExam,Ngoc,CS-E,NAT,2026-05-19T10:14:35.570Z,2,v2,,
seaexam_423,SeaExam,Nhu,CA,NAT,2026-05-16T15:02:58.466Z,2,v2,,
seaexam_424,SeaExam,Khang,CS-H,NAT,2026-05-16T16:02:58.466Z,2,v2,,
seaexam_424,SeaExam,Ngoc,CS-H,NAT,2026-05-19T10:14:35.570Z,2,v2,,
seaexam_424,SeaExam,Nhu,CS-H,NAT,2026-05-16T15:02:58.466Z,2,v2,,
seaexam_425,SeaExam,Khang,CA,NAT,2026-05-16T16:02:58.466Z,2,v2,,
seaexam_425,SeaExam,Ngoc,CA,NAT,2026-05-19T10:14:35.570Z,2,v2,,
seaexam_425,SeaExam,Nhu,CA,NAT,2026-05-16T15:02:58.466Z,2,v2,,
seaexam_426,SeaExam,Khang,CS-E,NAT,2026-05-16T16:02:58.466Z,2,v2,,
seaexam_426,SeaExam,Ngoc,CS-H,NAT,2026-05-19T10:14:35.570Z,2,v2,,
seaexam_426,SeaExam,Nhu,CS-E,NAT,2026-05-16T15:02:58.466Z,2,v2,,
seaexam_427,SeaExam,Khang,CS-E,NAT,2026-05-16T16:02:58.466Z,2,v2,,
seaexam_427,SeaExam,Ngoc,CS-E,NAT,2026-05-19T10:14:35.570Z,2,v2,,
seaexam_427,SeaExam,Nhu,CS-E,NAT,2026-05-16T15:02:58.466Z,2,v2,,
seaexam_428,SeaExam,Khang,CS-H,NAT,2026-05-16T16:02:58.466Z,2,v2,,
seaexam_428,SeaExam,Ngoc,CS-H,NAT,2026-05-19T10:14:35.570Z,2,v2,,
seaexam_428,SeaExam,Nhu,CS-H,NAT,2026-05-16T15:02:58.466Z,2,v2,,
seaexam_429,SeaExam,Khang,CS-H,NAT,2026-05-16T16:02:58.467Z,2,v2,,
seaexam_429,SeaExam,Ngoc,CS-H,NAT,2026-05-19T10:14:35.570Z,2,v2,,
seaexam_429,SeaExam,Nhu,CS-H,NAT,2026-05-16T15:02:58.467Z,2,v2,,
seaexam_430,SeaExam,Khang,CS-H,NAT,2026-05-16T16:02:58.467Z,2,v2,,
seaexam_430,SeaExam,Ngoc,CS-H,NAT,2026-05-19T10:14:35.570Z,2,v2,,
seaexam_430,SeaExam,Nhu,CS-H,NAT,2026-05-16T15:02:58.467Z,2,v2,,
seaexam_431,SeaExam,Khang,CS-H,NAT,2026-05-16T16:02:58.467Z,2,v2,,
seaexam_431,SeaExam,Ngoc,CS-H,NAT,2026-05-19T10:14:35.570Z,2,v2,,
seaexam_431,SeaExam,Nhu,CS-H,NAT,2026-05-16T15:02:58.467Z,2,v2,,
seaexam_432,SeaExam,Khang,CA,NAT,2026-05-16T16:02:58.467Z,2,v2,,
seaexam_432,SeaExam,Ngoc,CA,NAT,2026-05-19T10:14:35.570Z,2,v2,,
seaexam_432,SeaExam,Nhu,CA,NAT,2026-05-16T15:02:58.467Z,2,v2,,
seaexam_433,SeaExam,Khang,CS-H,NAT,2026-05-16T16:02:58.467Z,2,v2,,
seaexam_433,SeaExam,Ngoc,CS-H,NAT,2026-05-19T10:14:35.570Z,2,v2,,
seaexam_433,SeaExam,Nhu,CS-H,NAT,2026-05-16T15:02:58.467Z,2,v2,,
seaexam_434,SeaExam,Khang,CS-L,NAT,2026-05-16T16:02:58.467Z,2,v2,,
seaexam_434,SeaExam,Ngoc,CA,NAT,2026-05-19T10:14:35.570Z,2,v2,,
seaexam_434,SeaExam,Nhu,CS-L,NAT,2026-05-16T15:02:58.467Z,2,v2,,
seaexam_435,SeaExam,Khang,CS-H,NAT,2026-05-16T16:02:58.467Z,2,v2,,
seaexam_435,SeaExam,Ngoc,CA,NAT,2026-05-19T10:14:35.570Z,2,v2,,
seaexam_435,SeaExam,Nhu,CA,NAT,2026-05-16T15:02:58.467Z,2,v2,,
seaexam_436,SeaExam,Khang,CS-H,NAT,2026-05-16T16:02:58.467Z,2,v2,,
seaexam_436,SeaExam,Ngoc,CS-H,NAT,2026-05-19T10:14:35.570Z,2,v2,,
seaexam_436,SeaExam,Nhu,CS-H,NAT,2026-05-16T15:02:58.467Z,2,v2,,
seaexam_437,SeaExam,Khang,CS-H,NAT,2026-05-16T16:02:58.467Z,2,v2,,
seaexam_437,SeaExam,Ngoc,CS-H,NAT,2026-05-19T10:14:35.570Z,2,v2,,
seaexam_437,SeaExam,Nhu,CS-H,NAT,2026-05-16T15:02:58.467Z,2,v2,,
seaexam_438,SeaExam,Khang,CS-H,NAT,2026-05-16T16:02:58.467Z,2,v2,,
seaexam_438,SeaExam,Ngoc,CS-H,NAT,2026-05-19T10:14:35.570Z,2,v2,,
seaexam_438,SeaExam,Nhu,CS-H,NAT,2026-05-16T15:02:58.467Z,2,v2,,
seaexam_439,SeaExam,Khang,CA,NAT,2026-05-16T16:02:58.467Z,2,v2,,
seaexam_439,SeaExam,Ngoc,CS-H,NAT,2026-05-19T10:14:35.570Z,2,v2,,
seaexam_439,SeaExam,Nhu,CA,NAT,2026-05-16T15:02:58.467Z,2,v2,,
seaexam_440,SeaExam,Khang,CS-H,NAT,2026-05-16T16:02:58.467Z,2,v2,,
seaexam_440,SeaExam,Ngoc,CS-H,NAT,2026-05-19T10:14:35.570Z,2,v2,,
seaexam_440,SeaExam,Nhu,CS-H,NAT,2026-05-16T15:02:58.467Z,2,v2,,
seaexam_441,SeaExam,Khang,CA,NAT,2026-05-16T16:02:58.467Z,2,v2,,
seaexam_441,SeaExam,Ngoc,CA,NAT,2026-05-19T10:14:35.570Z,2,v2,,
seaexam_441,SeaExam,Nhu,CA,NAT,2026-05-16T15:02:58.467Z,2,v2,,
seaexam_442,SeaExam,Khang,CS-E,NAT,2026-05-16T16:02:58.467Z,2,v2,,
seaexam_442,SeaExam,Ngoc,CS-E,NAT,2026-05-19T10:14:35.570Z,2,v2,,
seaexam_442,SeaExam,Nhu,CS-E,NAT,2026-05-16T15:02:58.467Z,2,v2,,
seaexam_443,SeaExam,Khang,CS-E,NAT,2026-05-16T16:02:58.467Z,2,v2,,
seaexam_443,SeaExam,Ngoc,CS-E,NAT,2026-05-19T10:14:35.570Z,2,v2,,
seaexam_443,SeaExam,Nhu,CS-E,NAT,2026-05-16T15:02:58.467Z,2,v2,,
seaexam_444,SeaExam,Khang,CS-E,NAT,2026-05-16T16:02:58.467Z,2,v2,,
seaexam_444,SeaExam,Ngoc,CS-E,NAT,2026-05-19T10:14:35.570Z,2,v2,,
seaexam_444,SeaExam,Nhu,CS-E,NAT,2026-05-16T15:02:58.467Z,2,v2,,
seaexam_445,SeaExam,Khang,CS-H,NAT,2026-05-16T16:02:58.467Z,2,v2,,
seaexam_445,SeaExam,Ngoc,CA,NAT,2026-05-19T10:14:35.570Z,2,v2,,
seaexam_445,SeaExam,Nhu,CS-H,NAT,2026-05-16T15:02:58.467Z,2,v2,,
seaexam_446,SeaExam,Khang,CS-H,NAT,2026-05-16T16:02:58.467Z,2,v2,,
seaexam_446,SeaExam,Ngoc,CA,NAT,2026-05-19T10:14:35.570Z,2,v2,,
seaexam_446,SeaExam,Nhu,CA,NAT,2026-05-16T15:02:58.467Z,2,v2,,
seaexam_447,SeaExam,Khang,CS-H,NAT,2026-05-16T16:02:58.467Z,2,v2,,
seaexam_447,SeaExam,Ngoc,CS-H,NAT,2026-05-19T10:14:35.570Z,2,v2,,
seaexam_447,SeaExam,Nhu,CS-H,NAT,2026-05-16T15:02:58.467Z,2,v2,,
seaexam_448,SeaExam,Khang,CS-H,NAT,2026-05-16T16:02:58.467Z,2,v2,,
seaexam_448,SeaExam,Ngoc,CS-H,NAT,2026-05-19T10:14:35.570Z,2,v2,,
seaexam_448,SeaExam,Nhu,CS-H,NAT,2026-05-16T15:02:58.467Z,2,v2,,
seaexam_449,SeaExam,Khang,CA,NAT,2026-05-16T16:02:58.467Z,2,v2,,
seaexam_449,SeaExam,Ngoc,CA,NAT,2026-05-19T10:14:35.570Z,2,v2,,
seaexam_449,SeaExam,Nhu,CA,NAT,2026-05-16T15:02:58.467Z,2,v2,,
seaexam_450,SeaExam,Khang,CS-H,NAT,2026-05-16T16:02:58.467Z,2,v2,,
seaexam_450,SeaExam,Ngoc,CS-H,NAT,2026-05-19T10:14:35.570Z,2,v2,,
seaexam_450,SeaExam,Nhu,CS-H,NAT,2026-05-16T15:02:58.467Z,2,v2,,
seaexam_451,SeaExam,Khang,CS-E,NAT,2026-05-16T16:02:58.467Z,2,v2,,
seaexam_451,SeaExam,Ngoc,CS-E,NAT,2026-05-19T10:14:35.570Z,2,v2,,
seaexam_451,SeaExam,Nhu,CS-E,NAT,2026-05-16T15:02:58.467Z,2,v2,,
seaexam_452,SeaExam,Khang,CS-H,NAT,2026-05-16T16:02:58.467Z,2,v2,,
seaexam_452,SeaExam,Ngoc,CA,NAT,2026-05-19T10:14:35.570Z,2,v2,,
seaexam_452,SeaExam,Nhu,CA,NAT,2026-05-16T15:02:58.467Z,2,v2,,
seaexam_453,SeaExam,Khang,CA,NAT,2026-05-16T16:02:58.467Z,2,v2,,
seaexam_453,SeaExam,Ngoc,CS-H,NAT,2026-05-19T10:14:35.570Z,2,v2,,
seaexam_453,SeaExam,Nhu,CA,NAT,2026-05-16T15:02:58.467Z,2,v2,,
seaexam_454,SeaExam,Khang,CS-H,NAT,2026-05-16T16:02:58.467Z,2,v2,,
seaexam_454,SeaExam,Ngoc,CA,NAT,2026-05-19T10:14:35.570Z,2,v2,,
seaexam_454,SeaExam,Nhu,CA,NAT,2026-05-16T15:02:58.467Z,2,v2,,
seaexam_455,SeaExam,Khang,CS-E,NAT,2026-05-16T16:02:58.467Z,2,v2,,
seaexam_455,SeaExam,Ngoc,CS-E,NAT,2026-05-19T10:14:35.570Z,2,v2,,
seaexam_455,SeaExam,Nhu,CS-E,NAT,2026-05-16T15:02:58.467Z,2,v2,,
seaexam_456,SeaExam,Khang,CS-L,NAT,2026-05-16T16:02:58.467Z,2,v2,,
seaexam_456,SeaExam,Ngoc,CS-L,NAT,2026-05-19T10:14:35.570Z,2,v2,,
seaexam_456,SeaExam,Nhu,CS-L,NAT,2026-05-16T15:02:58.467Z,2,v2,,
seaexam_457,SeaExam,Khang,CS-H,NAT,2026-05-16T16:02:58.467Z,2,v2,,
seaexam_457,SeaExam,Ngoc,CS-H,NAT,2026-05-19T10:14:35.570Z,2,v2,,
seaexam_457,SeaExam,Nhu,CS-H,NAT,2026-05-16T15:02:58.467Z,2,v2,,
seaexam_458,SeaExam,Khang,CS-H,NAT,2026-05-16T16:02:58.467Z,2,v2,,
seaexam_458,SeaExam,Ngoc,CS-H,NAT,2026-05-19T10:14:35.570Z,2,v2,,
seaexam_458,SeaExam,Nhu,CS-H,NAT,2026-05-16T15:02:58.467Z,2,v2,,
seaexam_459,SeaExam,Khang,CS-E,NAT,2026-05-16T16:02:58.467Z,2,v2,,
seaexam_459,SeaExam,Ngoc,CS-H,NAT,2026-05-19T10:14:35.570Z,2,v2,,
seaexam_459,SeaExam,Nhu,CS-E,NAT,2026-05-16T15:02:58.467Z,2,v2,,
seaexam_460,SeaExam,Khang,CS-H,NAT,2026-05-16T16:02:58.467Z,2,v2,,
seaexam_460,SeaExam,Ngoc,CS-H,NAT,2026-05-19T10:14:35.570Z,2,v2,,
seaexam_460,SeaExam,Nhu,CS-H,NAT,2026-05-16T15:02:58.467Z,2,v2,,
seaexam_461,SeaExam,Khang,CA,NAT,2026-05-16T16:02:58.467Z,2,v2,,
seaexam_461,SeaExam,Ngoc,CA,NAT,2026-05-19T10:14:35.570Z,2,v2,,
seaexam_461,SeaExam,Nhu,CA,NAT,2026-05-16T15:02:58.467Z,2,v2,,
seaexam_462,SeaExam,Khang,CS-E,NAT,2026-05-16T16:02:58.467Z,2,v2,,
seaexam_462,SeaExam,Ngoc,CS-E,NAT,2026-05-19T10:14:35.570Z,2,v2,,
seaexam_462,SeaExam,Nhu,CS-E,NAT,2026-05-16T15:02:58.467Z,2,v2,,
seaexam_463,SeaExam,Khang,CS-H,NAT,2026-05-16T16:02:58.467Z,2,v2,,
seaexam_463,SeaExam,Ngoc,CS-H,NAT,2026-05-19T10:14:35.570Z,2,v2,,
seaexam_463,SeaExam,Nhu,CS-H,NAT,2026-05-16T15:02:58.467Z,2,v2,,
seaexam_464,SeaExam,Khang,CS-H,NAT,2026-05-16T16:02:58.467Z,2,v2,,
seaexam_464,SeaExam,Ngoc,CS-H,NAT,2026-05-19T10:14:35.570Z,2,v2,,
seaexam_464,SeaExam,Nhu,CS-H,NAT,2026-05-16T15:02:58.467Z,2,v2,,
seaexam_465,SeaExam,Khang,CS-H,NAT,2026-05-16T16:02:58.467Z,2,v2,,
seaexam_465,SeaExam,Ngoc,CS-H,NAT,2026-05-19T10:14:35.570Z,2,v2,,
seaexam_465,SeaExam,Nhu,CS-H,NAT,2026-05-16T15:02:58.467Z,2,v2,,
seaexam_466,SeaExam,Khang,CA,NAT,2026-05-16T16:02:58.467Z,2,v2,,
seaexam_466,SeaExam,Ngoc,CA,NAT,2026-05-19T10:14:35.570Z,2,v2,,
seaexam_466,SeaExam,Nhu,CA,NAT,2026-05-16T15:02:58.467Z,2,v2,,
seaexam_467,SeaExam,Khang,CS-H,NAT,2026-05-16T16:02:58.467Z,2,v2,,
seaexam_467,SeaExam,Ngoc,CS-H,NAT,2026-05-19T10:14:35.570Z,2,v2,,
seaexam_467,SeaExam,Nhu,CS-H,NAT,2026-05-16T15:02:58.467Z,2,v2,,
seaexam_468,SeaExam,Khang,CA,NAT,2026-05-16T16:02:58.467Z,2,v2,,
seaexam_468,SeaExam,Ngoc,CA,NAT,2026-05-19T10:14:35.570Z,2,v2,,
seaexam_468,SeaExam,Nhu,CA,NAT,2026-05-16T15:02:58.467Z,2,v2,,
seaexam_469,SeaExam,Khang,CS-E,NAT,2026-05-16T16:02:58.467Z,2,v2,,
seaexam_469,SeaExam,Ngoc,CA,NAT,2026-05-19T10:14:35.571Z,2,v2,,
seaexam_469,SeaExam,Nhu,CA,NAT,2026-05-16T15:02:58.467Z,2,v2,,
seaexam_470,SeaExam,Khang,CS-E,NAT,2026-05-16T16:02:58.467Z,2,v2,,
seaexam_470,SeaExam,Ngoc,CS-H,NAT,2026-05-19T10:14:35.571Z,2,v2,,
seaexam_470,SeaExam,Nhu,CS-E,NAT,2026-05-16T15:02:58.467Z,2,v2,,
seaexam_471,SeaExam,Khang,CS-H,NAT,2026-05-16T16:02:58.467Z,2,v2,,
seaexam_471,SeaExam,Ngoc,CA,NAT,2026-05-19T10:14:35.571Z,2,v2,,
seaexam_471,SeaExam,Nhu,CA,NAT,2026-05-16T15:02:58.467Z,2,v2,,
seaexam_472,SeaExam,Khang,CS-H,NAT,2026-05-16T16:02:58.467Z,2,v2,,
seaexam_472,SeaExam,Ngoc,CS-H,NAT,2026-05-19T10:14:35.571Z,2,v2,,
seaexam_472,SeaExam,Nhu,CS-H,NAT,2026-05-16T15:02:58.467Z,2,v2,,
seaexam_473,SeaExam,Khang,CS-E,NAT,2026-05-16T16:02:58.467Z,2,v2,,
seaexam_473,SeaExam,Ngoc,CS-L,NAT,2026-05-19T10:14:35.571Z,2,v2,,
seaexam_473,SeaExam,Nhu,CS-L,NAT,2026-05-16T15:02:58.467Z,2,v2,,
seaexam_474,SeaExam,Khang,CS-E,NAT,2026-05-16T16:02:58.467Z,2,v2,,
seaexam_474,SeaExam,Ngoc,CS-E,NAT,2026-05-19T10:14:35.571Z,2,v2,,
seaexam_474,SeaExam,Nhu,CS-E,NAT,2026-05-16T15:02:58.467Z,2,v2,,
seaexam_475,SeaExam,Khang,CS-E,NAT,2026-05-16T16:02:58.467Z,2,v2,,
seaexam_475,SeaExam,Ngoc,CS-E,NAT,2026-05-19T10:14:35.571Z,2,v2,,
seaexam_475,SeaExam,Nhu,CS-E,NAT,2026-05-16T15:02:58.467Z,2,v2,,
seaexam_476,SeaExam,Khang,CS-H,NAT,2026-05-16T16:02:58.467Z,2,v2,,
seaexam_476,SeaExam,Ngoc,CS-H,NAT,2026-05-19T10:14:35.571Z,2,v2,,
seaexam_476,SeaExam,Nhu,CS-H,NAT,2026-05-16T15:02:58.467Z,2,v2,,
seaexam_477,SeaExam,Khang,CS-E,NAT,2026-05-16T16:02:58.467Z,2,v2,,
seaexam_477,SeaExam,Ngoc,CS-H,NAT,2026-05-19T10:14:35.571Z,2,v2,,
seaexam_477,SeaExam,Nhu,CS-E,NAT,2026-05-16T15:02:58.467Z,2,v2,,
seaexam_478,SeaExam,Khang,CS-H,NAT,2026-05-16T16:02:58.467Z,2,v2,,
seaexam_478,SeaExam,Ngoc,CS-H,NAT,2026-05-19T10:14:35.571Z,2,v2,,
seaexam_478,SeaExam,Nhu,CS-H,NAT,2026-05-16T15:02:58.467Z,2,v2,,
seaexam_479,SeaExam,Khang,CS-E,NAT,2026-05-16T16:02:58.467Z,2,v2,,
seaexam_479,SeaExam,Ngoc,CS-E,NAT,2026-05-19T10:14:35.571Z,2,v2,,
seaexam_479,SeaExam,Nhu,CS-E,NAT,2026-05-16T15:02:58.467Z,2,v2,,
seaexam_480,SeaExam,Khang,CS-E,NAT,2026-05-16T16:02:58.467Z,2,v2,,
seaexam_480,SeaExam,Ngoc,CS-E,NAT,2026-05-19T10:14:35.571Z,2,v2,,
seaexam_480,SeaExam,Nhu,CS-E,NAT,2026-05-16T15:02:58.467Z,2,v2,,
seaexam_481,SeaExam,Khang,CS-L,NAT,2026-05-16T16:02:58.467Z,2,v2,,
seaexam_481,SeaExam,Ngoc,CS-L,NAT,2026-05-19T10:14:35.571Z,2,v2,,
seaexam_481,SeaExam,Nhu,CS-L,NAT,2026-05-16T15:02:58.467Z,2,v2,,
seaexam_482,SeaExam,Khang,CS-H,NAT,2026-05-16T16:02:58.467Z,2,v2,,
seaexam_482,SeaExam,Ngoc,CS-H,NAT,2026-05-19T10:14:35.571Z,2,v2,,
seaexam_482,SeaExam,Nhu,CS-H,NAT,2026-05-16T15:02:58.467Z,2,v2,,
seaexam_483,SeaExam,Khang,CS-E,NAT,2026-05-16T16:02:58.467Z,2,v2,,
seaexam_483,SeaExam,Ngoc,CS-E,NAT,2026-05-19T10:14:35.571Z,2,v2,,
seaexam_483,SeaExam,Nhu,CS-E,NAT,2026-05-16T15:02:58.467Z,2,v2,,
seaexam_484,SeaExam,Khang,CS-E,NAT,2026-05-16T16:02:58.467Z,2,v2,,
seaexam_484,SeaExam,Ngoc,CS-E,NAT,2026-05-19T10:14:35.571Z,2,v2,,
seaexam_484,SeaExam,Nhu,CS-E,NAT,2026-05-16T15:02:58.467Z,2,v2,,
seaexam_485,SeaExam,Khang,CS-E,NAT,2026-05-16T16:02:58.467Z,2,v2,,
seaexam_485,SeaExam,Ngoc,CS-E,NAT,2026-05-19T10:14:35.571Z,2,v2,,
seaexam_485,SeaExam,Nhu,CS-E,NAT,2026-05-16T15:02:58.467Z,2,v2,,
seaexam_486,SeaExam,Khang,CA,NAT,2026-05-16T16:02:58.467Z,2,v2,,
seaexam_486,SeaExam,Ngoc,CS-H,NAT,2026-05-19T10:14:35.571Z,2,v2,,
seaexam_486,SeaExam,Nhu,CS-H,NAT,2026-05-16T15:02:58.467Z,2,v2,,
seaexam_487,SeaExam,Khang,CS-E,NAT,2026-05-16T16:02:58.467Z,2,v2,,
seaexam_487,SeaExam,Ngoc,CS-E,NAT,2026-05-19T10:14:35.571Z,2,v2,,
seaexam_487,SeaExam,Nhu,CS-E,NAT,2026-05-16T15:02:58.467Z,2,v2,,
seaexam_488,SeaExam,Khang,CS-L,NAT,2026-05-16T16:02:58.467Z,2,v2,,
seaexam_488,SeaExam,Ngoc,CS-L,NAT,2026-05-19T10:14:35.571Z,2,v2,,
seaexam_488,SeaExam,Nhu,CS-L,NAT,2026-05-16T15:02:58.467Z,2,v2,,
seaexam_489,SeaExam,Khang,CS-H,NAT,2026-05-16T16:02:58.467Z,2,v2,,
seaexam_489,SeaExam,Ngoc,CS-H,NAT,2026-05-19T10:14:35.571Z,2,v2,,
seaexam_489,SeaExam,Nhu,CS-H,NAT,2026-05-16T15:02:58.467Z,2,v2,,
seaexam_490,SeaExam,Khang,CS-H,NAT,2026-05-16T16:02:58.467Z,2,v2,,
seaexam_490,SeaExam,Ngoc,CS-H,NAT,2026-05-19T10:14:35.571Z,2,v2,,
seaexam_490,SeaExam,Nhu,CS-H,NAT,2026-05-16T15:02:58.467Z,2,v2,,
seaexam_491,SeaExam,Khang,CS-H,NAT,2026-05-16T16:02:58.467Z,2,v2,,
seaexam_491,SeaExam,Ngoc,CA,NAT,2026-05-19T10:14:35.571Z,2,v2,,
seaexam_491,SeaExam,Nhu,CA,NAT,2026-05-16T15:02:58.467Z,2,v2,,
seaexam_492,SeaExam,Khang,CA,NAT,2026-05-16T16:02:58.467Z,2,v2,,
seaexam_492,SeaExam,Ngoc,CS-L,NAT,2026-05-19T10:14:35.571Z,2,v2,,
seaexam_492,SeaExam,Nhu,CA,NAT,2026-05-16T15:02:58.467Z,2,v2,,
seaexam_493,SeaExam,Khang,CS-H,NAT,2026-05-16T16:02:58.467Z,2,v2,,
seaexam_493,SeaExam,Ngoc,CS-H,NAT,2026-05-19T10:14:35.571Z,2,v2,,
seaexam_493,SeaExam,Nhu,CS-H,NAT,2026-05-16T15:02:58.467Z,2,v2,,
seaexam_494,SeaExam,Khang,CA,NAT,2026-05-16T16:02:58.467Z,2,v2,,
seaexam_494,SeaExam,Ngoc,CS-E,NAT,2026-05-19T10:14:35.571Z,2,v2,,
seaexam_494,SeaExam,Nhu,CA,NAT,2026-05-16T15:02:58.467Z,2,v2,,
seaexam_495,SeaExam,Khang,CS-E,NAT,2026-05-16T16:02:58.467Z,2,v2,,
seaexam_495,SeaExam,Ngoc,CS-H,NAT,2026-05-19T10:14:35.571Z,2,v2,,
seaexam_495,SeaExam,Nhu,CS-E,NAT,2026-05-16T15:02:58.467Z,2,v2,,
seaexam_496,SeaExam,Khang,CS-H,NAT,2026-05-16T16:02:58.467Z,2,v2,,
seaexam_496,SeaExam,Ngoc,CA,NAT,2026-05-19T10:14:35.571Z,2,v2,,
seaexam_496,SeaExam,Nhu,CA,NAT,2026-05-16T15:02:58.467Z,2,v2,,
seaexam_497,SeaExam,Khang,CS-E,NAT,2026-05-16T16:02:58.467Z,2,v2,,
seaexam_497,SeaExam,Ngoc,CS-E,NAT,2026-05-19T10:14:35.571Z,2,v2,,
seaexam_497,SeaExam,Nhu,CS-E,NAT,2026-05-16T15:02:58.467Z,2,v2,,
seaexam_498,SeaExam,Khang,CS-H,NAT,2026-05-16T16:02:58.467Z,2,v2,,
seaexam_498,SeaExam,Ngoc,CS-H,NAT,2026-05-19T10:14:35.571Z,2,v2,,
seaexam_498,SeaExam,Nhu,CS-H,NAT,2026-05-16T15:02:58.467Z,2,v2,,
seaexam_499,SeaExam,Khang,CS-E,NAT,2026-05-16T16:02:58.467Z,2,v2,,
seaexam_499,SeaExam,Ngoc,CS-H,NAT,2026-05-19T10:14:35.571Z,2,v2,,
seaexam_499,SeaExam,Nhu,CS-E,NAT,2026-05-16T15:02:58.467Z,2,v2,,
seaexam_500,SeaExam,Khang,CS-H,NAT,2026-05-16T16:02:58.467Z,2,v2,,
seaexam_500,SeaExam,Ngoc,CA,NAT,2026-05-19T10:14:35.571Z,2,v2,,
seaexam_500,SeaExam,Nhu,CA,NAT,2026-05-16T15:02:58.467Z,2,v2,,
seaexam_501,SeaExam,Khang,CS-H,NAT,2026-05-16T16:02:58.467Z,2,v2,,
seaexam_501,SeaExam,Ngoc,CA,NAT,2026-05-19T10:14:35.571Z,2,v2,,
seaexam_501,SeaExam,Nhu,CA,NAT,2026-05-16T15:02:58.467Z,2,v2,,
seaexam_502,SeaExam,Khang,CS-E,NAT,2026-05-16T16:02:58.467Z,2,v2,,
seaexam_502,SeaExam,Ngoc,CS-H,NAT,2026-05-19T10:14:35.571Z,2,v2,,
seaexam_502,SeaExam,Nhu,CS-H,NAT,2026-05-16T15:02:58.467Z,2,v2,,
seaexam_503,SeaExam,Khang,CS-E,NAT,2026-05-16T16:02:58.467Z,2,v2,,
seaexam_503,SeaExam,Ngoc,CS-E,NAT,2026-05-19T10:14:35.571Z,2,v2,,
seaexam_503,SeaExam,Nhu,CS-E,NAT,2026-05-16T15:02:58.467Z,2,v2,,
seaexam_504,SeaExam,Khang,CS-E,NAT,2026-05-16T16:02:58.467Z,2,v2,,
seaexam_504,SeaExam,Ngoc,CS-E,NAT,2026-05-19T10:14:35.571Z,2,v2,,
seaexam_504,SeaExam,Nhu,CS-E,NAT,2026-05-16T15:02:58.467Z,2,v2,,
seaexam_505,SeaExam,Khang,CA,NAT,2026-05-16T16:02:58.467Z,2,v2,,
seaexam_505,SeaExam,Ngoc,CA,NAT,2026-05-19T10:14:35.571Z,2,v2,,
seaexam_505,SeaExam,Nhu,CA,NAT,2026-05-16T15:02:58.467Z,2,v2,,
seaexam_506,SeaExam,Khang,CS-E,NAT,2026-05-16T16:02:58.467Z,2,v2,,
seaexam_506,SeaExam,Ngoc,CS-E,NAT,2026-05-19T10:14:35.571Z,2,v2,,
seaexam_506,SeaExam,Nhu,CS-E,NAT,2026-05-16T15:02:58.467Z,2,v2,,
seaexam_507,SeaExam,Khang,CS-H,NAT,2026-05-16T16:02:58.467Z,2,v2,,
seaexam_507,SeaExam,Ngoc,CS-H,NAT,2026-05-19T10:14:35.571Z,2,v2,,
seaexam_507,SeaExam,Nhu,CS-H,NAT,2026-05-16T15:02:58.467Z,2,v2,,
seaexam_508,SeaExam,Khang,CS-H,NAT,2026-05-16T16:02:58.467Z,2,v2,,
seaexam_508,SeaExam,Ngoc,CS-H,NAT,2026-05-19T10:14:35.571Z,2,v2,,
seaexam_508,SeaExam,Nhu,CS-H,NAT,2026-05-16T15:02:58.467Z,2,v2,,
seaexam_509,SeaExam,Khang,CS-H,NAT,2026-05-16T16:02:58.467Z,2,v2,,
seaexam_509,SeaExam,Ngoc,CS-H,NAT,2026-05-19T10:14:35.571Z,2,v2,,
seaexam_509,SeaExam,Nhu,CS-H,NAT,2026-05-16T15:02:58.467Z,2,v2,,
seaexam_510,SeaExam,Khang,CS-H,NAT,2026-05-16T16:02:58.467Z,2,v2,,
seaexam_510,SeaExam,Ngoc,CS-H,NAT,2026-05-19T10:14:35.571Z,2,v2,,
seaexam_510,SeaExam,Nhu,CS-H,NAT,2026-05-16T15:02:58.467Z,2,v2,,
seaexam_511,SeaExam,Khang,CS-H,NAT,2026-05-16T16:02:58.467Z,2,v2,,
seaexam_511,SeaExam,Ngoc,CS-H,NAT,2026-05-19T10:14:35.571Z,2,v2,,
seaexam_511,SeaExam,Nhu,CS-H,NAT,2026-05-16T15:02:58.467Z,2,v2,,
seaexam_512,SeaExam,Khang,CS-H,NAT,2026-05-16T16:02:58.467Z,2,v2,,
seaexam_512,SeaExam,Ngoc,CS-H,NAT,2026-05-19T10:14:35.571Z,2,v2,,
seaexam_512,SeaExam,Nhu,CS-H,NAT,2026-05-16T15:02:58.467Z,2,v2,,
seaexam_513,SeaExam,Khang,CS-H,NAT,2026-05-16T16:02:58.467Z,2,v2,,
seaexam_513,SeaExam,Ngoc,CS-H,NAT,2026-05-19T10:14:35.571Z,2,v2,,
seaexam_513,SeaExam,Nhu,CS-H,NAT,2026-05-16T15:02:58.467Z,2,v2,,
seaexam_514,SeaExam,Khang,CS-E,NAT,2026-05-16T16:02:58.467Z,2,v2,,
seaexam_514,SeaExam,Ngoc,CS-E,NAT,2026-05-19T10:14:35.571Z,2,v2,,
seaexam_514,SeaExam,Nhu,CS-E,NAT,2026-05-16T15:02:58.467Z,2,v2,,
seaexam_515,SeaExam,Khang,CS-E,NAT,2026-05-16T16:02:58.467Z,2,v2,,
seaexam_515,SeaExam,Ngoc,CA,NAT,2026-05-19T10:14:35.571Z,2,v2,,
seaexam_515,SeaExam,Nhu,CS-E,NAT,2026-05-16T15:02:58.467Z,2,v2,,
seaexam_516,SeaExam,Khang,CS-E,NAT,2026-05-16T16:02:58.467Z,2,v2,,
seaexam_516,SeaExam,Ngoc,CS-E,NAT,2026-05-19T10:14:35.571Z,2,v2,,
seaexam_516,SeaExam,Nhu,CS-E,NAT,2026-05-16T15:02:58.467Z,2,v2,,
seaexam_517,SeaExam,Khang,CS-H,NAT,2026-05-16T16:02:58.467Z,2,v2,,
seaexam_517,SeaExam,Ngoc,CS-H,NAT,2026-05-19T10:14:35.571Z,2,v2,,
seaexam_517,SeaExam,Nhu,CS-H,NAT,2026-05-16T15:02:58.467Z,2,v2,,
seaexam_518,SeaExam,Khang,CS-H,NAT,2026-05-16T16:02:58.467Z,2,v2,,
seaexam_518,SeaExam,Ngoc,CS-H,NAT,2026-05-19T10:14:35.571Z,2,v2,,
seaexam_518,SeaExam,Nhu,CS-H,NAT,2026-05-16T15:02:58.467Z,2,v2,,
seaexam_519,SeaExam,Khang,CS-H,NAT,2026-05-16T16:02:58.467Z,2,v2,,
seaexam_519,SeaExam,Ngoc,CS-H,NAT,2026-05-19T10:14:35.571Z,2,v2,,
seaexam_519,SeaExam,Nhu,CS-H,NAT,2026-05-16T15:02:58.467Z,2,v2,,
seaexam_520,SeaExam,Khang,CS-E,NAT,2026-05-16T16:02:58.467Z,2,v2,,
seaexam_520,SeaExam,Ngoc,CS-E,NAT,2026-05-19T10:14:35.571Z,2,v2,,
seaexam_520,SeaExam,Nhu,CS-E,NAT,2026-05-16T15:02:58.467Z,2,v2,,
seaexam_521,SeaExam,Khang,CS-H,NAT,2026-05-16T16:02:58.467Z,2,v2,,
seaexam_521,SeaExam,Ngoc,CS-H,NAT,2026-05-19T10:14:35.571Z,2,v2,,
seaexam_521,SeaExam,Nhu,CS-H,NAT,2026-05-16T15:02:58.467Z,2,v2,,
seaexam_522,SeaExam,Khang,CS-E,NAT,2026-05-16T16:02:58.467Z,2,v2,,
seaexam_522,SeaExam,Ngoc,CS-E,NAT,2026-05-19T10:14:35.571Z,2,v2,,
seaexam_522,SeaExam,Nhu,CS-E,NAT,2026-05-16T15:02:58.467Z,2,v2,,
seaexam_523,SeaExam,Khang,CS-H,NAT,2026-05-16T16:02:58.467Z,2,v2,,
seaexam_523,SeaExam,Ngoc,CS-H,NAT,2026-05-19T10:14:35.571Z,2,v2,,
seaexam_523,SeaExam,Nhu,CS-H,NAT,2026-05-16T15:02:58.467Z,2,v2,,
seaexam_524,SeaExam,Khang,CS-E,NAT,2026-05-16T16:02:58.467Z,2,v2,,
seaexam_524,SeaExam,Ngoc,CS-E,NAT,2026-05-19T10:14:35.571Z,2,v2,,
seaexam_524,SeaExam,Nhu,CS-E,NAT,2026-05-16T15:02:58.467Z,2,v2,,
seaexam_525,SeaExam,Khang,CS-H,NAT,2026-05-16T16:02:58.467Z,2,v2,,
seaexam_525,SeaExam,Ngoc,CA,NAT,2026-05-19T10:14:35.571Z,2,v2,,
seaexam_525,SeaExam,Nhu,CS-H,NAT,2026-05-16T15:02:58.467Z,2,v2,,
seaexam_526,SeaExam,Khang,CA,NAT,2026-05-16T16:02:58.467Z,2,v2,,
seaexam_526,SeaExam,Ngoc,CA,NAT,2026-05-19T10:14:35.571Z,2,v2,,
seaexam_526,SeaExam,Nhu,CA,NAT,2026-05-16T15:02:58.467Z,2,v2,,
seaexam_527,SeaExam,Khang,CS-E,NAT,2026-05-16T16:02:58.467Z,2,v2,,
seaexam_527,SeaExam,Ngoc,CS-H,NAT,2026-05-19T10:14:35.571Z,2,v2,,
seaexam_527,SeaExam,Nhu,CS-H,NAT,2026-05-16T15:02:58.467Z,2,v2,,
seaexam_528,SeaExam,Khang,CS-H,NAT,2026-05-16T16:02:58.467Z,2,v2,,
seaexam_528,SeaExam,Ngoc,CS-H,NAT,2026-05-19T10:14:35.571Z,2,v2,,
seaexam_528,SeaExam,Nhu,CS-H,NAT,2026-05-16T15:02:58.467Z,2,v2,,
seaexam_529,SeaExam,Khang,CS-E,NAT,2026-05-16T16:02:58.467Z,2,v2,,
seaexam_529,SeaExam,Ngoc,CS-E,NAT,2026-05-19T10:14:35.571Z,2,v2,,
seaexam_529,SeaExam,Nhu,CS-E,NAT,2026-05-16T15:02:58.467Z,2,v2,,
seaexam_530,SeaExam,Khang,CS-H,NAT,2026-05-16T16:02:58.467Z,2,v2,,
seaexam_530,SeaExam,Ngoc,CA,NAT,2026-05-19T10:14:35.571Z,2,v2,,
seaexam_530,SeaExam,Nhu,CS-H,NAT,2026-05-16T15:02:58.467Z,2,v2,,
seaexam_531,SeaExam,Khang,CS-E,NAT,2026-05-16T16:02:58.467Z,2,v2,,
seaexam_531,SeaExam,Ngoc,CS-H,NAT,2026-05-19T10:14:35.571Z,2,v2,,
seaexam_531,SeaExam,Nhu,CS-H,NAT,2026-05-16T15:02:58.467Z,2,v2,,
seaexam_532,SeaExam,Khang,CS-E,NAT,2026-05-16T16:02:58.467Z,2,v2,,
seaexam_532,SeaExam,Ngoc,CS-E,NAT,2026-05-19T10:14:35.571Z,2,v2,,
seaexam_532,SeaExam,Nhu,CS-E,NAT,2026-05-16T15:02:58.467Z,2,v2,,
seaexam_533,SeaExam,Khang,CA,NAT,2026-05-16T16:02:58.467Z,2,v2,,
seaexam_533,SeaExam,Ngoc,CA,NAT,2026-05-19T10:14:35.571Z,2,v2,,
seaexam_533,SeaExam,Nhu,CA,NAT,2026-05-16T15:02:58.467Z,2,v2,,
seaexam_534,SeaExam,Khang,CS-H,NAT,2026-05-16T16:02:58.467Z,2,v2,,
seaexam_534,SeaExam,Ngoc,CS-H,NAT,2026-05-19T10:14:35.571Z,2,v2,,
seaexam_534,SeaExam,Nhu,CS-H,NAT,2026-05-16T15:02:58.467Z,2,v2,,
seaexam_535,SeaExam,Khang,CS-L,NAT,2026-05-16T16:02:58.467Z,2,v2,,
seaexam_535,SeaExam,Ngoc,CS-L,NAT,2026-05-19T10:14:35.571Z,2,v2,,
seaexam_535,SeaExam,Nhu,CS-L,NAT,2026-05-16T15:02:58.467Z,2,v2,,
seaexam_536,SeaExam,Khang,CS-E,NAT,2026-05-16T16:02:58.467Z,2,v2,,
seaexam_536,SeaExam,Ngoc,CS-H,NAT,2026-05-19T10:14:35.571Z,2,v2,,
seaexam_536,SeaExam,Nhu,CS-H,NAT,2026-05-16T15:02:58.467Z,2,v2,,
seaexam_537,SeaExam,Khang,CS-H,NAT,2026-05-16T16:02:58.467Z,2,v2,,
seaexam_537,SeaExam,Ngoc,CS-H,NAT,2026-05-19T10:14:35.571Z,2,v2,,
seaexam_537,SeaExam,Nhu,CS-H,NAT,2026-05-16T15:02:58.467Z,2,v2,,
seaexam_538,SeaExam,Khang,CS-H,NAT,2026-05-16T16:02:58.467Z,2,v2,,
seaexam_538,SeaExam,Ngoc,CA,NAT,2026-05-19T10:14:35.571Z,2,v2,,
seaexam_538,SeaExam,Nhu,CA,NAT,2026-05-16T15:02:58.467Z,2,v2,,
seaexam_539,SeaExam,Khang,CS-E,NAT,2026-05-16T16:02:58.467Z,2,v2,,
seaexam_539,SeaExam,Ngoc,CS-E,NAT,2026-05-19T10:14:35.571Z,2,v2,,
seaexam_539,SeaExam,Nhu,CS-E,NAT,2026-05-16T15:02:58.467Z,2,v2,,
seaexam_540,SeaExam,Khang,CS-E,NAT,2026-05-16T16:02:58.467Z,2,v2,,
seaexam_540,SeaExam,Ngoc,CS-E,NAT,2026-05-19T10:14:35.571Z,2,v2,,
seaexam_540,SeaExam,Nhu,CS-E,NAT,2026-05-16T15:02:58.467Z,2,v2,,
seaexam_541,SeaExam,Khang,CS-E,NAT,2026-05-16T16:02:58.467Z,2,v2,,
seaexam_541,SeaExam,Ngoc,CS-H,NAT,2026-05-19T10:14:35.571Z,2,v2,,
seaexam_541,SeaExam,Nhu,CS-E,NAT,2026-05-16T15:02:58.467Z,2,v2,,
seaexam_542,SeaExam,Khang,CA,NAT,2026-05-16T16:02:58.467Z,2,v2,,
seaexam_542,SeaExam,Ngoc,CA,NAT,2026-05-19T10:14:35.571Z,2,v2,,
seaexam_542,SeaExam,Nhu,CA,NAT,2026-05-16T15:02:58.467Z,2,v2,,
seaexam_543,SeaExam,Khang,CS-H,NAT,2026-05-16T16:02:58.467Z,2,v2,,
seaexam_543,SeaExam,Ngoc,CS-H,NAT,2026-05-19T10:14:35.571Z,2,v2,,
seaexam_543,SeaExam,Nhu,CS-H,NAT,2026-05-16T15:02:58.467Z,2,v2,,
seaexam_544,SeaExam,Khang,CS-H,NAT,2026-05-16T16:02:58.467Z,2,v2,,
seaexam_544,SeaExam,Ngoc,CS-H,NAT,2026-05-19T10:14:35.571Z,2,v2,,
seaexam_544,SeaExam,Nhu,CS-H,NAT,2026-05-16T15:02:58.467Z,2,v2,,
seaexam_545,SeaExam,Khang,CS-E,NAT,2026-05-16T16:02:58.467Z,2,v2,,
seaexam_545,SeaExam,Ngoc,CS-E,NAT,2026-05-19T10:14:35.571Z,2,v2,,
seaexam_545,SeaExam,Nhu,CS-E,NAT,2026-05-16T15:02:58.467Z,2,v2,,
seaexam_546,SeaExam,Khang,CS-E,NAT,2026-05-16T16:02:58.467Z,2,v2,,
seaexam_546,SeaExam,Ngoc,CS-E,NAT,2026-05-19T10:14:35.571Z,2,v2,,
seaexam_546,SeaExam,Nhu,CS-E,NAT,2026-05-16T15:02:58.467Z,2,v2,,
seaexam_547,SeaExam,Khang,CS-E,NAT,2026-05-16T16:02:58.467Z,2,v2,,
seaexam_547,SeaExam,Ngoc,CS-H,NAT,2026-05-19T10:14:35.571Z,2,v2,,
seaexam_547,SeaExam,Nhu,CS-E,NAT,2026-05-16T15:02:58.467Z,2,v2,,
seaexam_548,SeaExam,Khang,CS-H,NAT,2026-05-16T16:02:58.467Z,2,v2,,
seaexam_548,SeaExam,Ngoc,CA,NAT,2026-05-19T10:14:35.571Z,2,v2,,
seaexam_548,SeaExam,Nhu,CA,NAT,2026-05-16T15:02:58.467Z,2,v2,,
seaexam_549,SeaExam,Khang,CS-H,NAT,2026-05-16T16:02:58.467Z,2,v2,,
seaexam_549,SeaExam,Ngoc,CS-H,NAT,2026-05-19T10:14:35.571Z,2,v2,,
seaexam_549,SeaExam,Nhu,CS-H,NAT,2026-05-16T15:02:58.467Z,2,v2,,
seaexam_550,SeaExam,Khang,CS-E,NAT,2026-05-16T16:02:58.467Z,2,v2,,
seaexam_550,SeaExam,Ngoc,CS-E,NAT,2026-05-19T10:14:35.571Z,2,v2,,
seaexam_550,SeaExam,Nhu,CS-E,NAT,2026-05-16T15:02:58.467Z,2,v2,,
seaexam_551,SeaExam,Khang,CS-E,NAT,2026-05-16T16:02:58.467Z,2,v2,,
seaexam_551,SeaExam,Ngoc,CS-E,NAT,2026-05-19T10:14:35.571Z,2,v2,,
seaexam_551,SeaExam,Nhu,CS-E,NAT,2026-05-16T15:02:58.467Z,2,v2,,
seaexam_552,SeaExam,Khang,CS-E,NAT,2026-05-16T16:02:58.467Z,2,v2,,
seaexam_552,SeaExam,Ngoc,CS-H,NAT,2026-05-19T10:14:35.571Z,2,v2,,
seaexam_552,SeaExam,Nhu,CS-E,NAT,2026-05-16T15:02:58.467Z,2,v2,,
seaexam_553,SeaExam,Khang,CS-E,NAT,2026-05-16T16:02:58.467Z,2,v2,,
seaexam_553,SeaExam,Ngoc,CS-E,NAT,2026-05-19T10:14:35.571Z,2,v2,,
seaexam_553,SeaExam,Nhu,CS-E,NAT,2026-05-16T15:02:58.467Z,2,v2,,
seaexam_554,SeaExam,Khang,CS-H,NAT,2026-05-16T16:02:58.467Z,2,v2,,
seaexam_554,SeaExam,Ngoc,CS-H,NAT,2026-05-19T10:14:35.571Z,2,v2,,
seaexam_554,SeaExam,Nhu,CS-H,NAT,2026-05-16T15:02:58.467Z,2,v2,,
seaexam_555,SeaExam,Khang,CA,NAT,2026-05-16T16:02:58.467Z,2,v2,,
seaexam_555,SeaExam,Ngoc,CA,NAT,2026-05-19T10:14:35.571Z,2,v2,,
seaexam_555,SeaExam,Nhu,CA,NAT,2026-05-16T15:02:58.467Z,2,v2,,
seaexam_556,SeaExam,Khang,CA,NAT,2026-05-16T16:02:58.467Z,2,v2,,
seaexam_556,SeaExam,Ngoc,CA,NAT,2026-05-19T10:14:35.571Z,2,v2,,
seaexam_556,SeaExam,Nhu,CA,NAT,2026-05-16T15:02:58.467Z,2,v2,,
seaexam_557,SeaExam,Khang,CS-E,NAT,2026-05-16T16:02:58.467Z,2,v2,,
seaexam_557,SeaExam,Ngoc,CS-E,NAT,2026-05-19T10:14:35.571Z,2,v2,,
seaexam_557,SeaExam,Nhu,CS-E,NAT,2026-05-16T15:02:58.467Z,2,v2,,
seaexam_558,SeaExam,Khang,CS-H,NAT,2026-05-16T16:02:58.467Z,2,v2,,
seaexam_558,SeaExam,Ngoc,CS-H,NAT,2026-05-19T10:14:35.571Z,2,v2,,
seaexam_558,SeaExam,Nhu,CS-H,NAT,2026-05-16T15:02:58.467Z,2,v2,,
seaexam_559,SeaExam,Khang,CS-H,NAT,2026-05-16T16:02:58.467Z,2,v2,,
seaexam_559,SeaExam,Ngoc,CS-H,NAT,2026-05-19T10:14:35.571Z,2,v2,,
seaexam_559,SeaExam,Nhu,CS-H,NAT,2026-05-16T15:02:58.467Z,2,v2,,
seaexam_560,SeaExam,Khang,CS-H,NAT,2026-05-16T16:02:58.467Z,2,v2,,
seaexam_560,SeaExam,Ngoc,CA,NAT,2026-05-19T10:14:35.571Z,2,v2,,
seaexam_560,SeaExam,Nhu,CA,NAT,2026-05-16T15:02:58.467Z,2,v2,,
seaexam_561,SeaExam,Khang,CS-H,NAT,2026-05-16T16:02:58.467Z,2,v2,,
seaexam_561,SeaExam,Ngoc,CS-H,NAT,2026-05-19T10:14:35.571Z,2,v2,,
seaexam_561,SeaExam,Nhu,CS-H,NAT,2026-05-16T15:02:58.467Z,2,v2,,
seaexam_562,SeaExam,Khang,CS-E,NAT,2026-05-16T16:02:58.467Z,2,v2,,
seaexam_562,SeaExam,Ngoc,CS-E,NAT,2026-05-19T10:14:35.571Z,2,v2,,
seaexam_562,SeaExam,Nhu,CS-E,NAT,2026-05-16T15:02:58.467Z,2,v2,,
seaexam_563,SeaExam,Khang,CS-E,NAT,2026-05-16T16:02:58.467Z,2,v2,,
seaexam_563,SeaExam,Ngoc,CS-H,NAT,2026-05-19T10:14:35.571Z,2,v2,,
seaexam_563,SeaExam,Nhu,CS-E,NAT,2026-05-16T15:02:58.467Z,2,v2,,
seaexam_564,SeaExam,Khang,CS-H,NAT,2026-05-16T16:02:58.467Z,2,v2,,
seaexam_564,SeaExam,Ngoc,CS-H,NAT,2026-05-19T10:14:35.571Z,2,v2,,
seaexam_564,SeaExam,Nhu,CS-H,NAT,2026-05-16T15:02:58.467Z,2,v2,,
seaexam_565,SeaExam,Khang,CS-H,NAT,2026-05-16T16:02:58.467Z,2,v2,,
seaexam_565,SeaExam,Ngoc,CS-H,NAT,2026-05-19T10:14:35.571Z,2,v2,,
seaexam_565,SeaExam,Nhu,CS-H,NAT,2026-05-16T15:02:58.467Z,2,v2,,
seaexam_566,SeaExam,Khang,CS-E,NAT,2026-05-16T16:02:58.467Z,2,v2,,
seaexam_566,SeaExam,Ngoc,CS-E,NAT,2026-05-19T10:14:35.571Z,2,v2,,
seaexam_566,SeaExam,Nhu,CS-E,NAT,2026-05-16T15:02:58.467Z,2,v2,,
seaexam_567,SeaExam,Khang,CS-H,NAT,2026-05-16T16:02:58.467Z,2,v2,,
seaexam_567,SeaExam,Ngoc,CS-H,NAT,2026-05-19T10:14:35.571Z,2,v2,,
seaexam_567,SeaExam,Nhu,CS-H,NAT,2026-05-16T15:02:58.467Z,2,v2,,
seaexam_568,SeaExam,Khang,CS-H,NAT,2026-05-16T16:02:58.467Z,2,v2,,
seaexam_568,SeaExam,Ngoc,CS-H,NAT,2026-05-19T10:14:35.571Z,2,v2,,
seaexam_568,SeaExam,Nhu,CS-H,NAT,2026-05-16T15:02:58.467Z,2,v2,,
seaexam_569,SeaExam,Khang,CA,NAT,2026-05-16T16:02:58.467Z,2,v2,,
seaexam_569,SeaExam,Ngoc,CA,NAT,2026-05-19T10:14:35.571Z,2,v2,,
seaexam_569,SeaExam,Nhu,CA,NAT,2026-05-16T15:02:58.467Z,2,v2,,
seaexam_570,SeaExam,Khang,CS-L,NAT,2026-05-16T16:02:58.467Z,2,v2,,
seaexam_570,SeaExam,Ngoc,CS-L,NAT,2026-05-19T10:14:35.571Z,2,v2,,
seaexam_570,SeaExam,Nhu,CS-L,NAT,2026-05-16T15:02:58.467Z,2,v2,,
seaexam_571,SeaExam,Khang,CS-H,NAT,2026-05-16T16:02:58.467Z,2,v2,,
seaexam_571,SeaExam,Ngoc,CS-H,NAT,2026-05-19T10:14:35.571Z,2,v2,,
seaexam_571,SeaExam,Nhu,CS-H,NAT,2026-05-16T15:02:58.467Z,2,v2,,
seaexam_572,SeaExam,Khang,CS-H,NAT,2026-05-16T16:02:58.467Z,2,v2,,
seaexam_572,SeaExam,Ngoc,CS-H,NAT,2026-05-19T10:14:35.571Z,2,v2,,
seaexam_572,SeaExam,Nhu,CS-H,NAT,2026-05-16T15:02:58.467Z,2,v2,,
seaexam_573,SeaExam,Khang,CA,NAT,2026-05-16T16:02:58.467Z,2,v2,,
seaexam_573,SeaExam,Ngoc,CS-H,TRA,2026-05-19T10:14:35.571Z,2,v2,,
seaexam_573,SeaExam,Nhu,CA,NAT,2026-05-16T15:02:58.467Z,2,v2,,
seaexam_574,SeaExam,Khang,CS-H,NAT,2026-05-16T16:02:58.467Z,2,v2,,
seaexam_574,SeaExam,Ngoc,CA,TRA,2026-05-19T10:14:35.571Z,2,v2,,
seaexam_574,SeaExam,Nhu,CS-H,NAT,2026-05-16T15:02:58.467Z,2,v2,,
seaexam_575,SeaExam,Khang,CS-E,NAT,2026-05-16T16:02:58.467Z,2,v2,,
seaexam_575,SeaExam,Ngoc,CS-E,NAT,2026-05-19T10:14:35.571Z,2,v2,,
seaexam_575,SeaExam,Nhu,CS-E,NAT,2026-05-16T15:02:58.467Z,2,v2,,
seaexam_576,SeaExam,Khang,CS-H,NAT,2026-05-16T16:02:58.467Z,2,v2,,
seaexam_576,SeaExam,Ngoc,CS-H,NAT,2026-05-19T10:14:35.571Z,2,v2,,
seaexam_576,SeaExam,Nhu,CS-H,NAT,2026-05-16T15:02:58.467Z,2,v2,,
seaexam_577,SeaExam,Khang,CS-E,NAT,2026-05-16T16:02:58.467Z,2,v2,,
seaexam_577,SeaExam,Ngoc,CS-E,NAT,2026-05-19T10:14:35.571Z,2,v2,,
seaexam_577,SeaExam,Nhu,CS-E,NAT,2026-05-16T15:02:58.467Z,2,v2,,
seaexam_578,SeaExam,Khang,CS-E,NAT,2026-05-16T16:02:58.467Z,2,v2,,
seaexam_578,SeaExam,Ngoc,CS-E,NAT,2026-05-19T10:14:35.571Z,2,v2,,
seaexam_578,SeaExam,Nhu,CS-E,NAT,2026-05-16T15:02:58.467Z,2,v2,,
seaexam_579,SeaExam,Khang,CS-H,NAT,2026-05-16T16:02:58.467Z,2,v2,,
seaexam_579,SeaExam,Ngoc,CS-H,NAT,2026-05-19T10:14:35.571Z,2,v2,,
seaexam_579,SeaExam,Nhu,CS-H,NAT,2026-05-16T15:02:58.467Z,2,v2,,
seaexam_580,SeaExam,Khang,CS-E,NAT,2026-05-16T16:02:58.467Z,2,v2,,
seaexam_580,SeaExam,Ngoc,CS-H,NAT,2026-05-19T10:14:35.571Z,2,v2,,
seaexam_580,SeaExam,Nhu,CS-E,NAT,2026-05-16T15:02:58.467Z,2,v2,,
seaexam_581,SeaExam,Khang,CS-E,NAT,2026-05-16T16:02:58.467Z,2,v2,,
seaexam_581,SeaExam,Ngoc,CS-E,NAT,2026-05-19T10:14:35.571Z,2,v2,,
seaexam_581,SeaExam,Nhu,CS-E,NAT,2026-05-16T15:02:58.467Z,2,v2,,
seaexam_582,SeaExam,Khang,CA,NAT,2026-05-16T16:02:58.467Z,2,v2,,
seaexam_582,SeaExam,Ngoc,CA,NAT,2026-05-19T10:14:35.571Z,2,v2,,
seaexam_582,SeaExam,Nhu,CA,NAT,2026-05-16T15:02:58.467Z,2,v2,,
seaexam_583,SeaExam,Khang,CS-E,NAT,2026-05-16T16:02:58.467Z,2,v2,,
seaexam_583,SeaExam,Ngoc,CS-E,NAT,2026-05-19T10:14:35.571Z,2,v2,,
seaexam_583,SeaExam,Nhu,CS-E,NAT,2026-05-16T15:02:58.467Z,2,v2,,
seaexam_584,SeaExam,Khang,CS-H,NAT,2026-05-16T16:02:58.467Z,2,v2,,
seaexam_584,SeaExam,Ngoc,CS-H,NAT,2026-05-19T10:14:35.571Z,2,v2,,
seaexam_584,SeaExam,Nhu,CS-H,NAT,2026-05-16T15:02:58.467Z,2,v2,,
seaexam_585,SeaExam,Khang,CS-E,NAT,2026-05-16T16:02:58.467Z,2,v2,,
seaexam_585,SeaExam,Ngoc,CS-H,NAT,2026-05-19T10:14:35.571Z,2,v2,,
seaexam_585,SeaExam,Nhu,CS-E,NAT,2026-05-16T15:02:58.467Z,2,v2,,
seaexam_586,SeaExam,Khang,CS-H,NAT,2026-05-16T16:02:58.467Z,2,v2,,
seaexam_586,SeaExam,Ngoc,CS-H,NAT,2026-05-19T10:14:35.571Z,2,v2,,
seaexam_586,SeaExam,Nhu,CS-H,NAT,2026-05-16T15:02:58.467Z,2,v2,,
seaexam_587,SeaExam,Khang,CA,NAT,2026-05-16T16:02:58.467Z,2,v2,,
seaexam_587,SeaExam,Ngoc,CS-E,NAT,2026-05-19T10:14:35.571Z,2,v2,,
seaexam_587,SeaExam,Nhu,CA,NAT,2026-05-16T15:02:58.467Z,2,v2,,
seaexam_588,SeaExam,Khang,CS-H,NAT,2026-05-16T16:02:58.467Z,2,v2,,
seaexam_588,SeaExam,Ngoc,CS-H,NAT,2026-05-19T10:14:35.571Z,2,v2,,
seaexam_588,SeaExam,Nhu,CS-H,NAT,2026-05-16T15:02:58.467Z,2,v2,,
seaexam_589,SeaExam,Khang,CS-E,NAT,2026-05-16T16:02:58.467Z,2,v2,,
seaexam_589,SeaExam,Ngoc,CS-H,NAT,2026-05-19T10:14:35.571Z,2,v2,,
seaexam_589,SeaExam,Nhu,CS-E,NAT,2026-05-16T15:02:58.467Z,2,v2,,
seaexam_590,SeaExam,Khang,CS-H,NAT,2026-05-16T16:02:58.467Z,2,v2,,
seaexam_590,SeaExam,Ngoc,CS-H,NAT,2026-05-19T10:14:35.571Z,2,v2,,
seaexam_590,SeaExam,Nhu,CS-H,NAT,2026-05-16T15:02:58.467Z,2,v2,,
seaexam_591,SeaExam,Khang,CS-H,NAT,2026-05-16T16:02:58.467Z,2,v2,,
seaexam_591,SeaExam,Ngoc,CA,NAT,2026-05-19T10:14:35.571Z,2,v2,,
seaexam_591,SeaExam,Nhu,CA,NAT,2026-05-16T15:02:58.467Z,2,v2,,
seaexam_592,SeaExam,Khang,CS-E,NAT,2026-05-16T16:02:58.467Z,2,v2,,
seaexam_592,SeaExam,Ngoc,CS-E,NAT,2026-05-19T10:14:35.571Z,2,v2,,
seaexam_592,SeaExam,Nhu,CS-E,NAT,2026-05-16T15:02:58.467Z,2,v2,,
seaexam_593,SeaExam,Khang,CS-H,NAT,2026-05-16T16:02:58.467Z,2,v2,,
seaexam_593,SeaExam,Ngoc,CS-H,NAT,2026-05-19T10:14:35.571Z,2,v2,,
seaexam_593,SeaExam,Nhu,CS-H,NAT,2026-05-16T15:02:58.467Z,2,v2,,
seaexam_594,SeaExam,Khang,CS-E,NAT,2026-05-16T16:02:58.467Z,2,v2,,
seaexam_594,SeaExam,Ngoc,CS-E,NAT,2026-05-19T10:14:35.571Z,2,v2,,
seaexam_594,SeaExam,Nhu,CS-E,NAT,2026-05-16T15:02:58.467Z,2,v2,,
seaexam_595,SeaExam,Khang,CS-H,NAT,2026-05-16T16:02:58.467Z,2,v2,,
seaexam_595,SeaExam,Ngoc,CS-H,NAT,2026-05-19T10:14:35.571Z,2,v2,,
seaexam_595,SeaExam,Nhu,CS-H,NAT,2026-05-16T15:02:58.467Z,2,v2,,
seaexam_596,SeaExam,Khang,CS-E,NAT,2026-05-16T16:02:58.467Z,2,v2,,
seaexam_596,SeaExam,Ngoc,CA,NAT,2026-05-19T10:14:35.571Z,2,v2,,
seaexam_596,SeaExam,Nhu,CA,NAT,2026-05-16T15:02:58.467Z,2,v2,,
seaexam_597,SeaExam,Khang,CS-H,NAT,2026-05-16T16:02:58.467Z,2,v2,,
seaexam_597,SeaExam,Ngoc,CS-H,NAT,2026-05-19T10:14:35.571Z,2,v2,,
seaexam_597,SeaExam,Nhu,CS-H,NAT,2026-05-16T15:02:58.467Z,2,v2,,
seaexam_598,SeaExam,Khang,CS-E,NAT,2026-05-16T16:02:58.467Z,2,v2,,
seaexam_598,SeaExam,Ngoc,CS-E,NAT,2026-05-19T10:14:35.571Z,2,v2,,
seaexam_598,SeaExam,Nhu,CS-E,NAT,2026-05-16T15:02:58.467Z,2,v2,,
seaexam_599,SeaExam,Khang,CS-H,NAT,2026-05-16T16:02:58.467Z,2,v2,,
seaexam_599,SeaExam,Ngoc,CS-H,NAT,2026-05-19T10:14:35.571Z,2,v2,,
seaexam_599,SeaExam,Nhu,CS-H,NAT,2026-05-16T15:02:58.467Z,2,v2,,
seaexam_600,SeaExam,Khang,CA,NAT,2026-05-29T14:29:16.079Z,3,v3,,
seaexam_600,SeaExam,Ngoc,CA,NAT,2026-05-29T05:12:12.816Z,3,v3,,
seaexam_600,SeaExam,Nhu,CA,NAT,2026-05-29T12:29:16.079Z,3,v3,,
seaexam_601,SeaExam,Khang,CS-E,NAT,2026-05-29T14:29:16.079Z,3,v3,,
seaexam_601,SeaExam,Ngoc,CA,NAT,2026-05-29T05:12:12.816Z,3,v3,,
seaexam_601,SeaExam,Nhu,CA,NAT,2026-05-29T12:29:16.079Z,3,v3,,
seaexam_602,SeaExam,Khang,CS-E,NAT,2026-05-29T14:29:16.079Z,3,v3,,
seaexam_602,SeaExam,Ngoc,CS-E,NAT,2026-05-29T05:12:12.816Z,3,v3,,
seaexam_602,SeaExam,Nhu,CS-E,NAT,2026-05-29T12:29:16.079Z,3,v3,,
seaexam_603,SeaExam,Khang,CS-E,NAT,2026-05-29T14:29:16.079Z,3,v3,,
seaexam_603,SeaExam,Ngoc,CS-E,NAT,2026-05-29T05:12:12.816Z,3,v3,,
seaexam_603,SeaExam,Nhu,CS-E,NAT,2026-05-29T12:29:16.079Z,3,v3,,
seaexam_604,SeaExam,Khang,CS-E,NAT,2026-05-29T14:29:16.079Z,3,v3,,
seaexam_604,SeaExam,Ngoc,CS-E,NAT,2026-05-29T05:12:12.816Z,3,v3,,
seaexam_604,SeaExam,Nhu,CS-E,NAT,2026-05-29T12:29:16.079Z,3,v3,,
seaexam_605,SeaExam,Khang,CS-H,NAT,2026-05-29T14:29:16.079Z,3,v3,,
seaexam_605,SeaExam,Ngoc,CS-E,NAT,2026-05-29T05:12:12.816Z,3,v3,,
seaexam_605,SeaExam,Nhu,CS-H,NAT,2026-05-29T12:29:16.079Z,3,v3,,
seaexam_606,SeaExam,Khang,CS-E,NAT,2026-05-29T14:29:16.079Z,3,v3,,
seaexam_606,SeaExam,Ngoc,CS-E,NAT,2026-05-29T05:12:12.816Z,3,v3,,
seaexam_606,SeaExam,Nhu,CS-E,NAT,2026-05-29T12:29:16.079Z,3,v3,,
seaexam_607,SeaExam,Khang,CS-H,NAT,2026-05-29T14:29:16.079Z,3,v3,,
seaexam_607,SeaExam,Ngoc,CS-H,NAT,2026-05-29T05:12:12.816Z,3,v3,,
seaexam_607,SeaExam,Nhu,CS-H,NAT,2026-05-29T12:29:16.079Z,3,v3,,
seaexam_608,SeaExam,Khang,CS-H,NAT,2026-05-29T14:29:16.079Z,3,v3,,
seaexam_608,SeaExam,Ngoc,CS-H,NAT,2026-05-29T05:12:12.816Z,3,v3,,
seaexam_608,SeaExam,Nhu,CS-H,NAT,2026-05-29T12:29:16.079Z,3,v3,,
seaexam_609,SeaExam,Khang,CS-H,NAT,2026-05-29T14:29:16.079Z,3,v3,,
seaexam_609,SeaExam,Ngoc,CS-H,NAT,2026-05-29T05:12:12.816Z,3,v3,,
seaexam_609,SeaExam,Nhu,CS-H,NAT,2026-05-29T12:29:16.079Z,3,v3,,
seaexam_610,SeaExam,Khang,CS-L,NAT,2026-05-29T14:29:16.079Z,3,v3,,
seaexam_610,SeaExam,Ngoc,CS-L,NAT,2026-05-29T05:12:12.816Z,3,v3,,
seaexam_610,SeaExam,Nhu,CS-L,NAT,2026-05-29T12:29:16.079Z,3,v3,,
seaexam_611,SeaExam,Khang,CS-H,NAT,2026-05-29T14:29:16.079Z,3,v3,,
seaexam_611,SeaExam,Ngoc,CS-H,NAT,2026-05-29T05:12:12.816Z,3,v3,,
seaexam_611,SeaExam,Nhu,CS-H,NAT,2026-05-29T12:29:16.079Z,3,v3,,
seaexam_612,SeaExam,Khang,CS-E,NAT,2026-05-29T14:29:16.079Z,3,v3,,
seaexam_612,SeaExam,Ngoc,CS-H,NAT,2026-05-29T05:12:12.816Z,3,v3,,
seaexam_612,SeaExam,Nhu,CS-E,NAT,2026-05-29T12:29:16.079Z,3,v3,,
seaexam_613,SeaExam,Khang,CS-E,NAT,2026-05-29T14:29:16.079Z,3,v3,,
seaexam_613,SeaExam,Ngoc,CS-E,NAT,2026-05-29T05:12:12.816Z,3,v3,,
seaexam_613,SeaExam,Nhu,CS-E,NAT,2026-05-29T12:29:16.079Z,3,v3,,
seaexam_614,SeaExam,Khang,CS-E,NAT,2026-05-29T14:29:16.079Z,3,v3,,
seaexam_614,SeaExam,Ngoc,CS-E,NAT,2026-05-29T05:12:12.816Z,3,v3,,
seaexam_614,SeaExam,Nhu,CS-E,NAT,2026-05-29T12:29:16.079Z,3,v3,,
seaexam_615,SeaExam,Khang,CA,NAT,2026-05-29T14:29:16.079Z,3,v3,,
seaexam_615,SeaExam,Ngoc,CA,NAT,2026-05-29T05:12:12.816Z,3,v3,,
seaexam_615,SeaExam,Nhu,CA,NAT,2026-05-29T12:29:16.079Z,3,v3,,
seaexam_616,SeaExam,Khang,CS-H,NAT,2026-05-29T14:29:16.079Z,3,v3,,
seaexam_616,SeaExam,Ngoc,CS-H,NAT,2026-05-29T05:12:12.816Z,3,v3,,
seaexam_616,SeaExam,Nhu,CS-H,NAT,2026-05-29T12:29:16.079Z,3,v3,,
seaexam_617,SeaExam,Khang,CS-E,NAT,2026-05-29T14:29:16.079Z,3,v3,,
seaexam_617,SeaExam,Ngoc,CS-E,NAT,2026-05-29T05:12:12.817Z,3,v3,,
seaexam_617,SeaExam,Nhu,CS-E,NAT,2026-05-29T12:29:16.079Z,3,v3,,
seaexam_618,SeaExam,Khang,CS-E,NAT,2026-05-29T14:29:16.079Z,3,v3,,
seaexam_618,SeaExam,Ngoc,CS-E,NAT,2026-05-29T05:12:12.817Z,3,v3,,
seaexam_618,SeaExam,Nhu,CS-E,NAT,2026-05-29T12:29:16.079Z,3,v3,,
seaexam_619,SeaExam,Khang,CA,NAT,2026-05-29T14:29:16.079Z,3,v3,,
seaexam_619,SeaExam,Ngoc,CA,NAT,2026-05-29T05:12:12.817Z,3,v3,,
seaexam_619,SeaExam,Nhu,CA,NAT,2026-05-29T12:29:16.079Z,3,v3,,
seaexam_620,SeaExam,Khang,CS-E,NAT,2026-05-29T14:29:16.079Z,3,v3,,
seaexam_620,SeaExam,Ngoc,CS-E,NAT,2026-05-29T05:12:12.817Z,3,v3,,
seaexam_620,SeaExam,Nhu,CS-E,NAT,2026-05-29T12:29:16.079Z,3,v3,,
seaexam_621,SeaExam,Khang,CS-H,NAT,2026-05-29T14:29:16.079Z,3,v3,,
seaexam_621,SeaExam,Ngoc,CS-H,NAT,2026-05-29T05:12:12.817Z,3,v3,,
seaexam_621,SeaExam,Nhu,CS-H,NAT,2026-05-29T12:29:16.079Z,3,v3,,
seaexam_622,SeaExam,Khang,CS-L,NAT,2026-05-29T14:29:16.079Z,3,v3,,
seaexam_622,SeaExam,Ngoc,CS-L,NAT,2026-05-29T05:12:12.817Z,3,v3,,
seaexam_622,SeaExam,Nhu,CS-L,NAT,2026-05-29T12:29:16.079Z,3,v3,,
seaexam_623,SeaExam,Khang,CS-L,NAT,2026-05-29T14:29:16.079Z,3,v3,,
seaexam_623,SeaExam,Ngoc,CS-L,NAT,2026-05-29T05:12:12.817Z,3,v3,,
seaexam_623,SeaExam,Nhu,CS-L,NAT,2026-05-29T12:29:16.079Z,3,v3,,
seaexam_624,SeaExam,Khang,CS-H,NAT,2026-05-29T14:29:16.079Z,3,v3,,
seaexam_624,SeaExam,Ngoc,CS-H,NAT,2026-05-29T05:12:12.817Z,3,v3,,
seaexam_624,SeaExam,Nhu,CS-H,NAT,2026-05-29T12:29:16.079Z,3,v3,,
seaexam_625,SeaExam,Khang,CS-H,NAT,2026-05-29T14:29:16.079Z,3,v3,,
seaexam_625,SeaExam,Ngoc,CS-H,NAT,2026-05-29T05:12:12.817Z,3,v3,,
seaexam_625,SeaExam,Nhu,CS-H,NAT,2026-05-29T12:29:16.079Z,3,v3,,
seaexam_626,SeaExam,Khang,CS-E,NAT,2026-05-29T14:29:16.079Z,3,v3,,
seaexam_626,SeaExam,Ngoc,CS-E,NAT,2026-05-29T05:12:12.817Z,3,v3,,
seaexam_626,SeaExam,Nhu,CS-E,NAT,2026-05-29T12:29:16.079Z,3,v3,,
seaexam_627,SeaExam,Khang,CS-H,NAT,2026-05-29T14:29:16.079Z,3,v3,,
seaexam_627,SeaExam,Ngoc,CS-H,NAT,2026-05-29T05:12:12.817Z,3,v3,,
seaexam_627,SeaExam,Nhu,CS-H,NAT,2026-05-29T12:29:16.079Z,3,v3,,
seaexam_628,SeaExam,Khang,CS-H,NAT,2026-05-29T14:29:16.079Z,3,v3,,
seaexam_628,SeaExam,Ngoc,UNK,NAT,2026-05-29T05:12:12.817Z,3,v3,,
seaexam_628,SeaExam,Nhu,CS-H,NAT,2026-05-29T12:29:16.079Z,3,v3,,
seaexam_629,SeaExam,Khang,CS-H,NAT,2026-05-29T14:29:16.079Z,3,v3,,
seaexam_629,SeaExam,Ngoc,CS-H,NAT,2026-05-29T05:12:12.817Z,3,v3,,
seaexam_629,SeaExam,Nhu,CS-H,NAT,2026-05-29T12:29:16.079Z,3,v3,,
seaexam_630,SeaExam,Khang,CS-E,NAT,2026-05-29T14:29:16.079Z,3,v3,,
seaexam_630,SeaExam,Ngoc,CS-E,NAT,2026-05-29T05:12:12.817Z,3,v3,,
seaexam_630,SeaExam,Nhu,CS-E,NAT,2026-05-29T12:29:16.079Z,3,v3,,
seaexam_631,SeaExam,Khang,CS-E,NAT,2026-05-29T14:29:16.079Z,3,v3,,
seaexam_631,SeaExam,Ngoc,CS-E,NAT,2026-05-29T05:12:12.817Z,3,v3,,
seaexam_631,SeaExam,Nhu,CS-E,NAT,2026-05-29T12:29:16.079Z,3,v3,,
seaexam_632,SeaExam,Khang,CS-E,NAT,2026-05-29T14:29:16.080Z,3,v3,,
seaexam_632,SeaExam,Ngoc,CS-E,NAT,2026-05-29T05:12:12.817Z,3,v3,,
seaexam_632,SeaExam,Nhu,CS-E,NAT,2026-05-29T12:29:16.080Z,3,v3,,
seaexam_633,SeaExam,Khang,CS-E,NAT,2026-05-29T14:29:16.080Z,3,v3,,
seaexam_633,SeaExam,Ngoc,CS-E,NAT,2026-05-29T05:12:12.817Z,3,v3,,
seaexam_633,SeaExam,Nhu,CS-E,NAT,2026-05-29T12:29:16.080Z,3,v3,,
seaexam_634,SeaExam,Khang,CS-L,NAT,2026-05-29T14:29:16.080Z,3,v3,,
seaexam_634,SeaExam,Ngoc,CS-L,NAT,2026-05-29T05:12:12.817Z,3,v3,,
seaexam_634,SeaExam,Nhu,CS-L,NAT,2026-05-29T12:29:16.080Z,3,v3,,
seaexam_635,SeaExam,Khang,CA,NAT,2026-05-29T14:29:16.080Z,3,v3,,
seaexam_635,SeaExam,Ngoc,CA,NAT,2026-05-29T05:12:12.817Z,3,v3,,
seaexam_635,SeaExam,Nhu,CA,NAT,2026-05-29T12:29:16.080Z,3,v3,,
seaexam_636,SeaExam,Khang,CS-E,NAT,2026-05-29T14:29:16.080Z,3,v3,,
seaexam_636,SeaExam,Ngoc,CS-E,NAT,2026-05-29T05:12:12.817Z,3,v3,,
seaexam_636,SeaExam,Nhu,CS-E,NAT,2026-05-29T12:29:16.080Z,3,v3,,
seaexam_637,SeaExam,Khang,CS-E,NAT,2026-05-29T14:29:16.080Z,3,v3,,
seaexam_637,SeaExam,Ngoc,CS-E,NAT,2026-05-29T05:12:12.817Z,3,v3,,
seaexam_637,SeaExam,Nhu,CS-E,NAT,2026-05-29T12:29:16.080Z,3,v3,,
seaexam_638,SeaExam,Khang,CS-H,NAT,2026-05-29T14:29:16.080Z,3,v3,,
seaexam_638,SeaExam,Ngoc,CS-H,NAT,2026-05-29T05:12:12.817Z,3,v3,,
seaexam_638,SeaExam,Nhu,CS-H,NAT,2026-05-29T12:29:16.080Z,3,v3,,
seaexam_639,SeaExam,Khang,CS-E,NAT,2026-05-29T14:29:16.080Z,3,v3,,
seaexam_639,SeaExam,Ngoc,CS-E,NAT,2026-05-29T05:12:12.817Z,3,v3,,
seaexam_639,SeaExam,Nhu,CS-E,NAT,2026-05-29T12:29:16.080Z,3,v3,,
seaexam_640,SeaExam,Khang,CS-H,NAT,2026-05-29T14:29:16.080Z,3,v3,,
seaexam_640,SeaExam,Ngoc,CS-H,NAT,2026-05-29T05:12:12.817Z,3,v3,,
seaexam_640,SeaExam,Nhu,CS-H,NAT,2026-05-29T12:29:16.080Z,3,v3,,
seaexam_641,SeaExam,Khang,CS-E,NAT,2026-05-29T14:29:16.080Z,3,v3,,
seaexam_641,SeaExam,Ngoc,CS-E,NAT,2026-05-29T05:12:12.817Z,3,v3,,
seaexam_641,SeaExam,Nhu,CS-E,NAT,2026-05-29T12:29:16.080Z,3,v3,,
seaexam_642,SeaExam,Khang,CA,NAT,2026-05-29T14:29:16.080Z,3,v3,,
seaexam_642,SeaExam,Ngoc,CA,NAT,2026-05-29T05:12:12.817Z,3,v3,,
seaexam_642,SeaExam,Nhu,CA,NAT,2026-05-29T12:29:16.080Z,3,v3,,
seaexam_643,SeaExam,Khang,CS-H,NAT,2026-05-29T14:29:16.080Z,3,v3,,
seaexam_643,SeaExam,Ngoc,CS-H,NAT,2026-05-29T05:12:12.817Z,3,v3,,
seaexam_643,SeaExam,Nhu,CS-H,NAT,2026-05-29T12:29:16.080Z,3,v3,,
seaexam_644,SeaExam,Khang,CS-H,NAT,2026-05-29T14:29:16.080Z,3,v3,,
seaexam_644,SeaExam,Ngoc,CS-H,NAT,2026-05-29T05:12:12.817Z,3,v3,,
seaexam_644,SeaExam,Nhu,CS-H,NAT,2026-05-29T12:29:16.080Z,3,v3,,
seaexam_645,SeaExam,Khang,CS-E,NAT,2026-05-29T14:29:16.080Z,3,v3,,
seaexam_645,SeaExam,Ngoc,CS-E,NAT,2026-05-29T05:12:12.817Z,3,v3,,
seaexam_645,SeaExam,Nhu,CS-E,NAT,2026-05-29T12:29:16.080Z,3,v3,,
seaexam_646,SeaExam,Khang,CS-H,NAT,2026-05-29T14:29:16.080Z,3,v3,,
seaexam_646,SeaExam,Ngoc,CS-H,NAT,2026-05-29T05:12:12.817Z,3,v3,,
seaexam_646,SeaExam,Nhu,CS-H,NAT,2026-05-29T12:29:16.080Z,3,v3,,
seaexam_647,SeaExam,Khang,CS-E,NAT,2026-05-29T14:29:16.080Z,3,v3,,
seaexam_647,SeaExam,Ngoc,CS-E,NAT,2026-05-29T05:12:12.817Z,3,v3,,
seaexam_647,SeaExam,Nhu,CS-E,NAT,2026-05-29T12:29:16.080Z,3,v3,,
seaexam_648,SeaExam,Khang,CS-H,NAT,2026-05-29T14:29:16.080Z,3,v3,,
seaexam_648,SeaExam,Ngoc,CS-H,NAT,2026-05-29T05:12:12.817Z,3,v3,,
seaexam_648,SeaExam,Nhu,CS-H,NAT,2026-05-29T12:29:16.080Z,3,v3,,
seaexam_649,SeaExam,Khang,CA,NAT,2026-05-29T14:29:16.080Z,3,v3,,
seaexam_649,SeaExam,Ngoc,CA,NAT,2026-05-29T05:12:12.817Z,3,v3,,
seaexam_649,SeaExam,Nhu,CA,NAT,2026-05-29T12:29:16.080Z,3,v3,,
seaexam_650,SeaExam,Khang,CA,NAT,2026-05-29T14:29:16.080Z,3,v3,,
seaexam_650,SeaExam,Ngoc,CA,NAT,2026-05-29T05:12:12.817Z,3,v3,,
seaexam_650,SeaExam,Nhu,CA,NAT,2026-05-29T12:29:16.080Z,3,v3,,
seaexam_651,SeaExam,Khang,CS-E,NAT,2026-05-29T14:29:16.080Z,3,v3,,
seaexam_651,SeaExam,Ngoc,CS-E,NAT,2026-05-29T05:12:12.817Z,3,v3,,
seaexam_651,SeaExam,Nhu,CS-E,NAT,2026-05-29T12:29:16.080Z,3,v3,,
seaexam_652,SeaExam,Khang,CS-H,NAT,2026-05-29T14:29:16.080Z,3,v3,,
seaexam_652,SeaExam,Ngoc,CS-H,NAT,2026-05-29T05:12:12.817Z,3,v3,,
seaexam_652,SeaExam,Nhu,CS-H,NAT,2026-05-29T12:29:16.080Z,3,v3,,
seaexam_653,SeaExam,Khang,CS-H,NAT,2026-05-29T14:29:16.080Z,3,v3,,
seaexam_653,SeaExam,Ngoc,CS-E,NAT,2026-05-29T05:12:12.817Z,3,v3,,
seaexam_653,SeaExam,Nhu,CS-H,NAT,2026-05-29T12:29:16.080Z,3,v3,,
seaexam_654,SeaExam,Khang,CS-H,NAT,2026-05-29T14:29:16.080Z,3,v3,,
seaexam_654,SeaExam,Ngoc,CS-H,NAT,2026-05-29T05:12:12.817Z,3,v3,,
seaexam_654,SeaExam,Nhu,CS-H,NAT,2026-05-29T12:29:16.080Z,3,v3,,
seaexam_655,SeaExam,Khang,CS-H,NAT,2026-05-29T14:29:16.080Z,3,v3,,
seaexam_655,SeaExam,Ngoc,CS-H,NAT,2026-05-29T05:12:12.817Z,3,v3,,
seaexam_655,SeaExam,Nhu,CS-H,NAT,2026-05-29T12:29:16.080Z,3,v3,,
seaexam_656,SeaExam,Khang,CS-H,NAT,2026-05-29T14:29:16.080Z,3,v3,,
seaexam_656,SeaExam,Ngoc,CS-H,NAT,2026-05-29T05:12:12.817Z,3,v3,,
seaexam_656,SeaExam,Nhu,CS-H,NAT,2026-05-29T12:29:16.080Z,3,v3,,
seaexam_657,SeaExam,Khang,CS-H,NAT,2026-05-29T14:29:16.080Z,3,v3,,
seaexam_657,SeaExam,Ngoc,CS-H,NAT,2026-05-29T05:12:12.817Z,3,v3,,
seaexam_657,SeaExam,Nhu,CS-H,NAT,2026-05-29T12:29:16.080Z,3,v3,,
seaexam_658,SeaExam,Khang,CS-E,NAT,2026-05-29T14:29:16.080Z,3,v3,,
seaexam_658,SeaExam,Ngoc,CS-E,NAT,2026-05-29T05:12:12.817Z,3,v3,,
seaexam_658,SeaExam,Nhu,CS-E,NAT,2026-05-29T12:29:16.080Z,3,v3,,
seaexam_659,SeaExam,Khang,CS-E,NAT,2026-05-29T14:29:16.080Z,3,v3,,
seaexam_659,SeaExam,Ngoc,CS-E,NAT,2026-05-29T05:12:12.817Z,3,v3,,
seaexam_659,SeaExam,Nhu,CS-E,NAT,2026-05-29T12:29:16.080Z,3,v3,,
seaexam_660,SeaExam,Khang,CS-H,NAT,2026-05-29T14:29:16.080Z,3,v3,,
seaexam_660,SeaExam,Ngoc,CS-H,NAT,2026-05-29T05:12:12.817Z,3,v3,,
seaexam_660,SeaExam,Nhu,CS-H,NAT,2026-05-29T12:29:16.080Z,3,v3,,
seaexam_661,SeaExam,Khang,CS-H,NAT,2026-05-29T14:29:16.080Z,3,v3,,
seaexam_661,SeaExam,Ngoc,CS-H,NAT,2026-05-29T05:12:12.817Z,3,v3,,
seaexam_661,SeaExam,Nhu,CS-H,NAT,2026-05-29T12:29:16.080Z,3,v3,,
seaexam_662,SeaExam,Khang,CS-H,NAT,2026-05-29T14:29:16.080Z,3,v3,,
seaexam_662,SeaExam,Ngoc,CS-H,NAT,2026-05-29T05:12:12.817Z,3,v3,,
seaexam_662,SeaExam,Nhu,CS-H,NAT,2026-05-29T12:29:16.080Z,3,v3,,
seaexam_663,SeaExam,Khang,CS-H,NAT,2026-05-29T14:29:16.080Z,3,v3,,
seaexam_663,SeaExam,Ngoc,CS-H,NAT,2026-05-29T05:12:12.817Z,3,v3,,
seaexam_663,SeaExam,Nhu,CS-H,NAT,2026-05-29T12:29:16.080Z,3,v3,,
seaexam_664,SeaExam,Khang,CS-E,NAT,2026-05-29T14:29:16.080Z,3,v3,,
seaexam_664,SeaExam,Ngoc,CS-E,NAT,2026-05-29T05:12:12.817Z,3,v3,,
seaexam_664,SeaExam,Nhu,CS-E,NAT,2026-05-29T12:29:16.080Z,3,v3,,
seaexam_665,SeaExam,Khang,CS-L,NAT,2026-05-29T14:29:16.080Z,3,v3,,
seaexam_665,SeaExam,Ngoc,CS-L,NAT,2026-05-29T05:12:12.817Z,3,v3,,
seaexam_665,SeaExam,Nhu,CS-L,NAT,2026-05-29T12:29:16.080Z,3,v3,,
seaexam_666,SeaExam,Khang,CS-H,NAT,2026-05-29T14:29:16.080Z,3,v3,,
seaexam_666,SeaExam,Ngoc,CS-H,NAT,2026-05-29T05:12:12.817Z,3,v3,,
seaexam_666,SeaExam,Nhu,CS-H,NAT,2026-05-29T12:29:16.080Z,3,v3,,
seaexam_667,SeaExam,Khang,CS-H,NAT,2026-05-29T14:29:16.080Z,3,v3,,
seaexam_667,SeaExam,Ngoc,CS-H,NAT,2026-05-29T05:12:12.817Z,3,v3,,
seaexam_667,SeaExam,Nhu,CS-H,NAT,2026-05-29T12:29:16.080Z,3,v3,,
seaexam_668,SeaExam,Khang,CS-L,NAT,2026-05-29T14:29:16.080Z,3,v3,,
seaexam_668,SeaExam,Ngoc,CS-L,NAT,2026-05-29T05:12:12.817Z,3,v3,,
seaexam_668,SeaExam,Nhu,CS-L,NAT,2026-05-29T12:29:16.080Z,3,v3,,
seaexam_669,SeaExam,Khang,CS-H,NAT,2026-05-29T14:29:16.080Z,3,v3,,
seaexam_669,SeaExam,Ngoc,CS-H,NAT,2026-05-29T05:12:12.817Z,3,v3,,
seaexam_669,SeaExam,Nhu,CS-H,NAT,2026-05-29T12:29:16.080Z,3,v3,,
seaexam_670,SeaExam,Khang,CS-H,NAT,2026-05-29T14:29:16.080Z,3,v3,,
seaexam_670,SeaExam,Ngoc,CS-H,NAT,2026-05-29T05:12:12.817Z,3,v3,,
seaexam_670,SeaExam,Nhu,CS-H,NAT,2026-05-29T12:29:16.080Z,3,v3,,
seaexam_671,SeaExam,Khang,CS-H,NAT,2026-05-29T14:29:16.080Z,3,v3,,
seaexam_671,SeaExam,Ngoc,CS-H,NAT,2026-05-29T05:12:12.817Z,3,v3,,
seaexam_671,SeaExam,Nhu,CS-H,NAT,2026-05-29T12:29:16.080Z,3,v3,,
seaexam_672,SeaExam,Khang,CS-E,NAT,2026-05-29T14:29:16.080Z,3,v3,,
seaexam_672,SeaExam,Ngoc,CS-E,NAT,2026-05-29T05:12:12.817Z,3,v3,,
seaexam_672,SeaExam,Nhu,CS-E,NAT,2026-05-29T12:29:16.080Z,3,v3,,
seaexam_673,SeaExam,Khang,CS-E,NAT,2026-05-29T14:29:16.080Z,3,v3,,
seaexam_673,SeaExam,Ngoc,CS-E,NAT,2026-05-29T05:12:12.817Z,3,v3,,
seaexam_673,SeaExam,Nhu,CS-E,NAT,2026-05-29T12:29:16.080Z,3,v3,,
seaexam_674,SeaExam,Khang,CS-H,NAT,2026-05-29T14:29:16.080Z,3,v3,,
seaexam_674,SeaExam,Ngoc,CS-H,NAT,2026-05-29T05:12:12.817Z,3,v3,,
seaexam_674,SeaExam,Nhu,CS-H,NAT,2026-05-29T12:29:16.080Z,3,v3,,
seaexam_675,SeaExam,Khang,CS-H,NAT,2026-05-29T14:29:16.080Z,3,v3,,
seaexam_675,SeaExam,Ngoc,CS-H,NAT,2026-05-29T05:12:12.817Z,3,v3,,
seaexam_675,SeaExam,Nhu,CS-H,NAT,2026-05-29T12:29:16.080Z,3,v3,,
seaexam_676,SeaExam,Khang,CS-H,NAT,2026-05-29T14:29:16.080Z,3,v3,,
seaexam_676,SeaExam,Ngoc,CS-H,NAT,2026-05-29T05:12:12.817Z,3,v3,,
seaexam_676,SeaExam,Nhu,CS-H,NAT,2026-05-29T12:29:16.080Z,3,v3,,
seaexam_677,SeaExam,Khang,CS-H,NAT,2026-05-29T14:29:16.080Z,3,v3,,
seaexam_677,SeaExam,Ngoc,CS-H,NAT,2026-05-29T05:12:12.817Z,3,v3,,
seaexam_677,SeaExam,Nhu,CS-H,NAT,2026-05-29T12:29:16.080Z,3,v3,,
seaexam_678,SeaExam,Khang,CS-H,NAT,2026-05-29T14:29:16.080Z,3,v3,,
seaexam_678,SeaExam,Ngoc,CS-H,NAT,2026-05-29T15:56:20.903Z,3,v3,,
seaexam_678,SeaExam,Nhu,CS-H,NAT,2026-05-29T12:29:16.080Z,3,v3,,
seaexam_679,SeaExam,Khang,CS-H,NAT,2026-05-29T14:29:16.080Z,3,v3,,
seaexam_679,SeaExam,Ngoc,CS-H,NAT,2026-05-29T15:56:20.903Z,3,v3,,
seaexam_679,SeaExam,Nhu,CS-H,NAT,2026-05-29T12:29:16.080Z,3,v3,,
seaexam_680,SeaExam,Khang,CS-H,NAT,2026-05-29T14:29:16.080Z,3,v3,,
seaexam_680,SeaExam,Ngoc,CS-H,NAT,2026-05-29T15:56:20.903Z,3,v3,,
seaexam_680,SeaExam,Nhu,CS-H,NAT,2026-05-29T12:29:16.080Z,3,v3,,
seaexam_681,SeaExam,Khang,CS-E,NAT,2026-05-29T14:29:16.080Z,3,v3,,
seaexam_681,SeaExam,Ngoc,CS-E,NAT,2026-05-29T15:56:20.903Z,3,v3,,
seaexam_681,SeaExam,Nhu,CS-E,NAT,2026-05-29T12:29:16.080Z,3,v3,,
seaexam_682,SeaExam,Khang,CA,NAT,2026-05-29T14:29:16.080Z,3,v3,,
seaexam_682,SeaExam,Ngoc,CS-H,NAT,2026-05-29T15:56:20.903Z,3,v3,,
seaexam_682,SeaExam,Nhu,CA,NAT,2026-05-29T12:29:16.080Z,3,v3,,
seaexam_683,SeaExam,Khang,CS-H,NAT,2026-05-29T14:29:16.080Z,3,v3,,
seaexam_683,SeaExam,Ngoc,CS-H,NAT,2026-05-29T15:56:20.903Z,3,v3,,
seaexam_683,SeaExam,Nhu,CS-H,NAT,2026-05-29T12:29:16.080Z,3,v3,,
seaexam_684,SeaExam,Khang,CS-H,NAT,2026-05-29T14:29:16.080Z,3,v3,,
seaexam_684,SeaExam,Ngoc,CS-H,NAT,2026-05-29T15:56:20.903Z,3,v3,,
seaexam_684,SeaExam,Nhu,CS-H,NAT,2026-05-29T12:29:16.080Z,3,v3,,
seaexam_685,SeaExam,Khang,CS-H,NAT,2026-05-29T14:29:16.080Z,3,v3,,
seaexam_685,SeaExam,Ngoc,CS-H,NAT,2026-05-29T15:56:20.903Z,3,v3,,
seaexam_685,SeaExam,Nhu,CS-H,NAT,2026-05-29T12:29:16.080Z,3,v3,,
seaexam_686,SeaExam,Khang,CS-H,NAT,2026-05-29T14:29:16.080Z,3,v3,,
seaexam_686,SeaExam,Ngoc,CS-H,NAT,2026-05-29T15:56:20.903Z,3,v3,,
seaexam_686,SeaExam,Nhu,CS-H,NAT,2026-05-29T12:29:16.080Z,3,v3,,
seaexam_687,SeaExam,Khang,CS-H,NAT,2026-05-29T14:29:16.080Z,3,v3,,
seaexam_687,SeaExam,Ngoc,CS-H,NAT,2026-05-29T15:56:20.903Z,3,v3,,
seaexam_687,SeaExam,Nhu,CS-H,NAT,2026-05-29T12:29:16.080Z,3,v3,,
seaexam_688,SeaExam,Khang,CA,NAT,2026-05-29T14:29:16.080Z,3,v3,,
seaexam_688,SeaExam,Ngoc,CA,NAT,2026-05-29T15:56:20.903Z,3,v3,,
seaexam_688,SeaExam,Nhu,CA,NAT,2026-05-29T12:29:16.080Z,3,v3,,
seaexam_689,SeaExam,Khang,CS-H,NAT,2026-05-29T14:29:16.080Z,3,v3,,
seaexam_689,SeaExam,Ngoc,CS-H,NAT,2026-05-29T15:56:20.903Z,3,v3,,
seaexam_689,SeaExam,Nhu,CS-H,NAT,2026-05-29T12:29:16.080Z,3,v3,,
seaexam_690,SeaExam,Khang,CS-H,NAT,2026-05-29T14:29:16.080Z,3,v3,,
seaexam_690,SeaExam,Ngoc,CS-H,NAT,2026-05-29T15:56:20.903Z,3,v3,,
seaexam_690,SeaExam,Nhu,CS-H,NAT,2026-05-29T12:29:16.080Z,3,v3,,
seaexam_691,SeaExam,Khang,CA,NAT,2026-05-29T14:29:16.080Z,3,v3,,
seaexam_691,SeaExam,Ngoc,CS-H,NAT,2026-05-29T15:56:20.903Z,3,v3,,
seaexam_691,SeaExam,Nhu,CA,NAT,2026-05-29T12:29:16.080Z,3,v3,,
seaexam_692,SeaExam,Khang,CS-H,NAT,2026-05-29T14:29:16.080Z,3,v3,,
seaexam_692,SeaExam,Ngoc,CS-H,NAT,2026-05-29T15:56:20.903Z,3,v3,,
seaexam_692,SeaExam,Nhu,CS-H,NAT,2026-05-29T12:29:16.080Z,3,v3,,
seaexam_693,SeaExam,Khang,CS-E,NAT,2026-05-29T14:29:16.080Z,3,v3,,
seaexam_693,SeaExam,Ngoc,CS-E,NAT,2026-05-29T15:56:20.903Z,3,v3,,
seaexam_693,SeaExam,Nhu,CS-E,NAT,2026-05-29T12:29:16.080Z,3,v3,,
seaexam_694,SeaExam,Khang,CS-E,NAT,2026-05-29T14:29:16.080Z,3,v3,,
seaexam_694,SeaExam,Ngoc,CS-E,NAT,2026-05-29T15:56:20.903Z,3,v3,,
seaexam_694,SeaExam,Nhu,CS-E,NAT,2026-05-29T12:29:16.080Z,3,v3,,
seaexam_695,SeaExam,Khang,CS-H,NAT,2026-05-29T14:29:16.080Z,3,v3,,
seaexam_695,SeaExam,Ngoc,CS-H,NAT,2026-05-29T15:56:20.903Z,3,v3,,
seaexam_695,SeaExam,Nhu,CS-H,NAT,2026-05-29T12:29:16.080Z,3,v3,,
seaexam_696,SeaExam,Khang,CS-E,NAT,2026-05-29T14:29:16.080Z,3,v3,,
seaexam_696,SeaExam,Ngoc,CS-E,NAT,2026-05-29T15:56:20.903Z,3,v3,,
seaexam_696,SeaExam,Nhu,CS-E,NAT,2026-05-29T12:29:16.080Z,3,v3,,
seaexam_697,SeaExam,Khang,CS-H,NAT,2026-05-29T14:29:16.080Z,3,v3,,
seaexam_697,SeaExam,Ngoc,CS-H,NAT,2026-05-29T15:56:20.903Z,3,v3,,
seaexam_697,SeaExam,Nhu,CS-H,NAT,2026-05-29T12:29:16.080Z,3,v3,,
seaexam_698,SeaExam,Khang,CS-H,NAT,2026-05-29T14:29:16.080Z,3,v3,,
seaexam_698,SeaExam,Ngoc,CS-H,NAT,2026-05-29T15:56:20.903Z,3,v3,,
seaexam_698,SeaExam,Nhu,CS-H,NAT,2026-05-29T12:29:16.080Z,3,v3,,
seaexam_699,SeaExam,Khang,CS-H,NAT,2026-05-29T14:29:16.080Z,3,v3,,
seaexam_699,SeaExam,Ngoc,CS-H,NAT,2026-05-29T15:56:20.903Z,3,v3,,
seaexam_699,SeaExam,Nhu,CS-H,NAT,2026-05-29T12:29:16.080Z,3,v3,,
seaexam_700,SeaExam,Khang,CS-H,NAT,2026-05-29T14:29:16.080Z,3,v3,,
seaexam_700,SeaExam,Ngoc,CS-H,NAT,2026-05-29T15:56:20.903Z,3,v3,,
seaexam_700,SeaExam,Nhu,CS-H,NAT,2026-05-29T12:29:16.080Z,3,v3,,
seaexam_701,SeaExam,Khang,CS-H,NAT,2026-05-29T14:29:16.080Z,3,v3,,
seaexam_701,SeaExam,Ngoc,CS-H,NAT,2026-05-29T15:56:20.903Z,3,v3,,
seaexam_701,SeaExam,Nhu,CS-H,NAT,2026-05-29T12:29:16.080Z,3,v3,,
seaexam_702,SeaExam,Khang,CS-H,NAT,2026-05-29T14:29:16.080Z,3,v3,,
seaexam_702,SeaExam,Ngoc,CS-H,NAT,2026-05-29T15:56:20.903Z,3,v3,,
seaexam_702,SeaExam,Nhu,CS-H,NAT,2026-05-29T12:29:16.080Z,3,v3,,
seaexam_703,SeaExam,Khang,CS-H,NAT,2026-05-29T14:29:16.080Z,3,v3,,
seaexam_703,SeaExam,Ngoc,CS-E,NAT,2026-05-29T15:56:20.903Z,3,v3,,
seaexam_703,SeaExam,Nhu,CS-E,NAT,2026-05-29T12:29:16.080Z,3,v3,,
seaexam_704,SeaExam,Khang,CS-H,NAT,2026-05-29T14:29:16.080Z,3,v3,,
seaexam_704,SeaExam,Ngoc,CS-H,NAT,2026-05-29T15:56:20.903Z,3,v3,,
seaexam_704,SeaExam,Nhu,CS-H,NAT,2026-05-29T12:29:16.080Z,3,v3,,
seaexam_705,SeaExam,Khang,CS-E,NAT,2026-05-29T14:29:16.080Z,3,v3,,
seaexam_705,SeaExam,Ngoc,CS-E,NAT,2026-05-29T15:56:20.903Z,3,v3,,
seaexam_705,SeaExam,Nhu,CS-E,NAT,2026-05-29T12:29:16.080Z,3,v3,,
seaexam_706,SeaExam,Khang,CS-H,NAT,2026-05-29T14:29:16.080Z,3,v3,,
seaexam_706,SeaExam,Ngoc,CS-E,NAT,2026-05-29T15:56:20.903Z,3,v3,,
seaexam_706,SeaExam,Nhu,CS-H,NAT,2026-05-29T12:29:16.080Z,3,v3,,
seaexam_707,SeaExam,Khang,CS-H,NAT,2026-05-29T14:29:16.080Z,3,v3,,
seaexam_707,SeaExam,Ngoc,CS-H,NAT,2026-05-29T15:56:20.903Z,3,v3,,
seaexam_707,SeaExam,Nhu,CS-H,NAT,2026-05-29T12:29:16.080Z,3,v3,,
seaexam_708,SeaExam,Khang,CS-H,NAT,2026-05-29T14:29:16.080Z,3,v3,,
seaexam_708,SeaExam,Ngoc,CS-H,NAT,2026-05-29T15:56:20.903Z,3,v3,,
seaexam_708,SeaExam,Nhu,CS-H,NAT,2026-05-29T12:29:16.080Z,3,v3,,
seaexam_709,SeaExam,Khang,CS-E,NAT,2026-05-29T14:29:16.080Z,3,v3,,
seaexam_709,SeaExam,Ngoc,CS-E,NAT,2026-05-29T15:56:20.903Z,3,v3,,
seaexam_709,SeaExam,Nhu,CS-E,NAT,2026-05-29T12:29:16.080Z,3,v3,,
seaexam_710,SeaExam,Khang,CS-H,NAT,2026-05-29T14:29:16.080Z,3,v3,,
seaexam_710,SeaExam,Ngoc,CS-H,NAT,2026-05-29T15:56:20.903Z,3,v3,,
seaexam_710,SeaExam,Nhu,CS-H,NAT,2026-05-29T12:29:16.080Z,3,v3,,
seaexam_711,SeaExam,Khang,CS-H,NAT,2026-05-29T14:29:16.080Z,3,v3,,
seaexam_711,SeaExam,Ngoc,CS-H,NAT,2026-05-29T15:56:20.903Z,3,v3,,
seaexam_711,SeaExam,Nhu,CS-H,NAT,2026-05-29T12:29:16.080Z,3,v3,,
seaexam_712,SeaExam,Khang,CS-E,NAT,2026-05-29T14:29:16.080Z,3,v3,,
seaexam_712,SeaExam,Ngoc,CS-E,NAT,2026-05-29T15:56:20.903Z,3,v3,,
seaexam_712,SeaExam,Nhu,CS-E,NAT,2026-05-29T12:29:16.080Z,3,v3,,
seaexam_713,SeaExam,Khang,CS-H,NAT,2026-05-29T14:29:16.080Z,3,v3,,
seaexam_713,SeaExam,Ngoc,CS-H,NAT,2026-05-29T15:56:20.903Z,3,v3,,
seaexam_713,SeaExam,Nhu,CS-H,NAT,2026-05-29T12:29:16.080Z,3,v3,,
seaexam_714,SeaExam,Khang,CS-H,NAT,2026-05-29T14:29:16.080Z,3,v3,,
seaexam_714,SeaExam,Ngoc,CS-H,NAT,2026-05-29T15:56:20.903Z,3,v3,,
seaexam_714,SeaExam,Nhu,CS-H,NAT,2026-05-29T12:29:16.080Z,3,v3,,
seaexam_715,SeaExam,Khang,CS-H,NAT,2026-05-29T14:29:16.080Z,3,v3,,
seaexam_715,SeaExam,Ngoc,CS-E,NAT,2026-05-29T15:56:20.903Z,3,v3,,
seaexam_715,SeaExam,Nhu,CS-H,NAT,2026-05-29T12:29:16.080Z,3,v3,,
seaexam_716,SeaExam,Khang,CS-H,NAT,2026-05-29T14:29:16.080Z,3,v3,,
seaexam_716,SeaExam,Ngoc,CS-H,NAT,2026-05-29T15:56:20.903Z,3,v3,,
seaexam_716,SeaExam,Nhu,CS-H,NAT,2026-05-29T12:29:16.080Z,3,v3,,
seaexam_717,SeaExam,Khang,CS-H,NAT,2026-05-29T14:29:16.080Z,3,v3,,
seaexam_717,SeaExam,Ngoc,CS-H,NAT,2026-05-29T15:56:20.903Z,3,v3,,
seaexam_717,SeaExam,Nhu,CS-H,NAT,2026-05-29T12:29:16.080Z,3,v3,,
seaexam_718,SeaExam,Khang,CS-E,NAT,2026-05-29T14:29:16.080Z,3,v3,,
seaexam_718,SeaExam,Ngoc,CS-E,NAT,2026-05-29T15:56:20.903Z,3,v3,,
seaexam_718,SeaExam,Nhu,CS-E,NAT,2026-05-29T12:29:16.080Z,3,v3,,
seaexam_719,SeaExam,Khang,CS-L,NAT,2026-05-29T14:29:16.080Z,3,v3,,
seaexam_719,SeaExam,Ngoc,CS-L,NAT,2026-05-29T15:56:20.903Z,3,v3,,
seaexam_719,SeaExam,Nhu,CS-L,NAT,2026-05-29T12:29:16.080Z,3,v3,,
seaexam_720,SeaExam,Khang,CS-H,NAT,2026-05-29T14:29:16.080Z,3,v3,,
seaexam_720,SeaExam,Ngoc,CS-H,NAT,2026-05-29T15:56:20.903Z,3,v3,,
seaexam_720,SeaExam,Nhu,CS-H,NAT,2026-05-29T12:29:16.080Z,3,v3,,
seaexam_721,SeaExam,Khang,CS-H,NAT,2026-05-29T14:29:16.080Z,3,v3,,
seaexam_721,SeaExam,Ngoc,CS-H,NAT,2026-05-29T15:56:20.903Z,3,v3,,
seaexam_721,SeaExam,Nhu,CS-H,NAT,2026-05-29T12:29:16.080Z,3,v3,,
seaexam_722,SeaExam,Khang,CS-E,NAT,2026-05-29T14:29:16.080Z,3,v3,,
seaexam_722,SeaExam,Ngoc,CS-E,NAT,2026-05-29T15:56:20.903Z,3,v3,,
seaexam_722,SeaExam,Nhu,CS-E,NAT,2026-05-29T12:29:16.080Z,3,v3,,
seaexam_723,SeaExam,Khang,CS-E,NAT,2026-05-29T14:29:16.080Z,3,v3,,
seaexam_723,SeaExam,Ngoc,CS-E,NAT,2026-05-29T15:56:20.903Z,3,v3,,
seaexam_723,SeaExam,Nhu,CS-E,NAT,2026-05-29T12:29:16.080Z,3,v3,,
seaexam_724,SeaExam,Khang,CA,NAT,2026-05-29T14:29:16.080Z,3,v3,,
seaexam_724,SeaExam,Ngoc,CS-E,NAT,2026-05-29T15:56:20.903Z,3,v3,,
seaexam_724,SeaExam,Nhu,CA,NAT,2026-05-29T12:29:16.080Z,3,v3,,
seaexam_725,SeaExam,Khang,CA,NAT,2026-05-29T14:29:16.080Z,3,v3,,
seaexam_725,SeaExam,Ngoc,CA,NAT,2026-05-29T15:56:20.903Z,3,v3,,
seaexam_725,SeaExam,Nhu,CA,NAT,2026-05-29T12:29:16.080Z,3,v3,,
seaexam_726,SeaExam,Khang,CS-L,NAT,2026-05-29T14:29:16.080Z,3,v3,,
seaexam_726,SeaExam,Ngoc,CS-L,NAT,2026-05-29T15:56:20.903Z,3,v3,,
seaexam_726,SeaExam,Nhu,CS-L,NAT,2026-05-29T12:29:16.080Z,3,v3,,
seaexam_727,SeaExam,Khang,CS-H,NAT,2026-05-29T14:29:16.080Z,3,v3,,
seaexam_727,SeaExam,Ngoc,CS-E,NAT,2026-05-29T15:56:20.903Z,3,v3,,
seaexam_727,SeaExam,Nhu,CS-H,NAT,2026-05-29T12:29:16.080Z,3,v3,,
seaexam_728,SeaExam,Khang,CS-H,NAT,2026-05-29T14:29:16.080Z,3,v3,,
seaexam_728,SeaExam,Ngoc,CS-H,NAT,2026-05-29T15:56:20.903Z,3,v3,,
seaexam_728,SeaExam,Nhu,CS-H,NAT,2026-05-29T12:29:16.080Z,3,v3,,
seaexam_729,SeaExam,Khang,CS-E,NAT,2026-05-29T14:29:16.080Z,3,v3,,
seaexam_729,SeaExam,Ngoc,CS-E,NAT,2026-05-29T15:56:20.903Z,3,v3,,
seaexam_729,SeaExam,Nhu,CS-E,NAT,2026-05-29T12:29:16.080Z,3,v3,,
seaexam_730,SeaExam,Khang,CS-H,NAT,2026-05-29T14:29:16.080Z,3,v3,,
seaexam_730,SeaExam,Ngoc,CS-H,NAT,2026-05-29T15:56:20.903Z,3,v3,,
seaexam_730,SeaExam,Nhu,CS-H,NAT,2026-05-29T12:29:16.080Z,3,v3,,
seaexam_731,SeaExam,Khang,CS-E,NAT,2026-05-29T14:29:16.080Z,3,v3,,
seaexam_731,SeaExam,Ngoc,CS-E,NAT,2026-05-29T15:56:20.903Z,3,v3,,
seaexam_731,SeaExam,Nhu,CS-E,NAT,2026-05-29T12:29:16.080Z,3,v3,,
seaexam_732,SeaExam,Khang,CS-E,NAT,2026-05-29T14:29:16.080Z,3,v3,,
seaexam_732,SeaExam,Ngoc,CS-E,NAT,2026-05-29T15:56:20.903Z,3,v3,,
seaexam_732,SeaExam,Nhu,CS-E,NAT,2026-05-29T12:29:16.080Z,3,v3,,
seaexam_733,SeaExam,Khang,CS-E,NAT,2026-05-29T14:29:16.080Z,3,v3,,
seaexam_733,SeaExam,Ngoc,CS-E,NAT,2026-05-29T15:56:20.903Z,3,v3,,
seaexam_733,SeaExam,Nhu,CS-E,NAT,2026-05-29T12:29:16.080Z,3,v3,,
seaexam_734,SeaExam,Khang,CS-E,NAT,2026-05-29T14:29:16.080Z,3,v3,,
seaexam_734,SeaExam,Ngoc,CS-E,NAT,2026-05-29T15:56:20.903Z,3,v3,,
seaexam_734,SeaExam,Nhu,CS-E,NAT,2026-05-29T12:29:16.080Z,3,v3,,
seaexam_735,SeaExam,Khang,CS-H,NAT,2026-05-29T14:29:16.080Z,3,v3,,
seaexam_735,SeaExam,Ngoc,CS-E,NAT,2026-05-29T15:56:20.903Z,3,v3,,
seaexam_735,SeaExam,Nhu,CS-H,NAT,2026-05-29T12:29:16.080Z,3,v3,,
seaexam_736,SeaExam,Khang,CS-H,NAT,2026-05-29T14:29:16.080Z,3,v3,,
seaexam_736,SeaExam,Ngoc,CS-H,NAT,2026-05-29T15:56:20.903Z,3,v3,,
seaexam_736,SeaExam,Nhu,CS-H,NAT,2026-05-29T12:29:16.080Z,3,v3,,
seaexam_737,SeaExam,Khang,CS-H,NAT,2026-05-29T14:29:16.080Z,3,v3,,
seaexam_737,SeaExam,Ngoc,CS-H,NAT,2026-05-29T15:56:20.903Z,3,v3,,
seaexam_737,SeaExam,Nhu,CS-H,NAT,2026-05-29T12:29:16.080Z,3,v3,,
seaexam_738,SeaExam,Khang,CS-E,NAT,2026-05-29T14:29:16.080Z,3,v3,,
seaexam_738,SeaExam,Ngoc,CS-E,NAT,2026-05-29T15:56:20.903Z,3,v3,,
seaexam_738,SeaExam,Nhu,CS-E,NAT,2026-05-29T12:29:16.080Z,3,v3,,
seaexam_739,SeaExam,Khang,CA,NAT,2026-05-29T14:29:16.080Z,3,v3,,
seaexam_739,SeaExam,Ngoc,CS-E,NAT,2026-05-29T15:56:20.903Z,3,v3,,
seaexam_739,SeaExam,Nhu,CA,NAT,2026-05-29T12:29:16.080Z,3,v3,,
seaexam_740,SeaExam,Khang,CS-H,NAT,2026-05-29T14:29:16.080Z,3,v3,,
seaexam_740,SeaExam,Ngoc,CS-H,NAT,2026-05-29T15:56:20.903Z,3,v3,,
seaexam_740,SeaExam,Nhu,CS-H,NAT,2026-05-29T12:29:16.080Z,3,v3,,
seaexam_741,SeaExam,Khang,CS-E,NAT,2026-05-29T14:29:16.080Z,3,v3,,
seaexam_741,SeaExam,Ngoc,CS-E,NAT,2026-05-29T15:56:20.903Z,3,v3,,
seaexam_741,SeaExam,Nhu,CS-E,NAT,2026-05-29T12:29:16.080Z,3,v3,,
seaexam_742,SeaExam,Khang,CS-E,NAT,2026-05-29T14:29:16.080Z,3,v3,,
seaexam_742,SeaExam,Ngoc,CS-E,NAT,2026-05-29T15:56:20.903Z,3,v3,,
seaexam_742,SeaExam,Nhu,CS-E,NAT,2026-05-29T12:29:16.080Z,3,v3,,
seaexam_743,SeaExam,Khang,CS-E,NAT,2026-05-29T14:29:16.080Z,3,v3,,
seaexam_743,SeaExam,Ngoc,CS-E,NAT,2026-05-29T15:56:20.903Z,3,v3,,
seaexam_743,SeaExam,Nhu,CS-E,NAT,2026-05-29T12:29:16.080Z,3,v3,,
seaexam_744,SeaExam,Khang,CS-E,NAT,2026-05-29T14:29:16.080Z,3,v3,,
seaexam_744,SeaExam,Ngoc,CS-E,NAT,2026-05-29T15:56:20.903Z,3,v3,,
seaexam_744,SeaExam,Nhu,CS-E,NAT,2026-05-29T12:29:16.080Z,3,v3,,
seaexam_745,SeaExam,Khang,CS-H,NAT,2026-05-29T14:29:16.080Z,3,v3,,
seaexam_745,SeaExam,Ngoc,CS-H,NAT,2026-05-29T15:56:20.903Z,3,v3,,
seaexam_745,SeaExam,Nhu,CS-H,NAT,2026-05-29T12:29:16.080Z,3,v3,,
seaexam_746,SeaExam,Khang,CS-E,NAT,2026-05-29T14:29:16.080Z,3,v3,,
seaexam_746,SeaExam,Ngoc,CS-E,NAT,2026-05-29T15:56:20.903Z,3,v3,,
seaexam_746,SeaExam,Nhu,CS-E,NAT,2026-05-29T12:29:16.080Z,3,v3,,
seaexam_747,SeaExam,Khang,CS-L,NAT,2026-05-29T14:29:16.080Z,3,v3,,
seaexam_747,SeaExam,Ngoc,CS-L,NAT,2026-05-29T15:56:20.903Z,3,v3,,
seaexam_747,SeaExam,Nhu,CS-L,NAT,2026-05-29T12:29:16.080Z,3,v3,,
seaexam_748,SeaExam,Khang,CS-E,NAT,2026-05-29T14:29:16.080Z,3,v3,,
seaexam_748,SeaExam,Ngoc,CS-E,NAT,2026-05-29T15:56:20.903Z,3,v3,,
seaexam_748,SeaExam,Nhu,CS-E,NAT,2026-05-29T12:29:16.080Z,3,v3,,
seaexam_749,SeaExam,Khang,CS-H,NAT,2026-05-29T14:29:16.080Z,3,v3,,
seaexam_749,SeaExam,Ngoc,CS-H,NAT,2026-05-29T15:56:20.903Z,3,v3,,
seaexam_749,SeaExam,Nhu,CS-H,NAT,2026-05-29T12:29:16.080Z,3,v3,,
seaexam_750,SeaExam,Khang,CS-L,NAT,2026-05-29T14:29:16.080Z,3,v3,,
seaexam_750,SeaExam,Ngoc,CA,NAT,2026-05-29T15:56:20.903Z,3,v3,,
seaexam_750,SeaExam,Nhu,CA,NAT,2026-05-29T12:29:16.080Z,3,v3,,
seaexam_751,SeaExam,Khang,CA,NAT,2026-05-29T14:29:16.080Z,3,v3,,
seaexam_751,SeaExam,Ngoc,CA,NAT,2026-05-29T15:56:20.903Z,3,v3,,
seaexam_751,SeaExam,Nhu,CA,NAT,2026-05-29T12:29:16.080Z,3,v3,,
seaexam_752,SeaExam,Khang,CS-H,NAT,2026-05-29T14:29:16.080Z,3,v3,,
seaexam_752,SeaExam,Ngoc,CS-H,NAT,2026-05-29T15:56:20.903Z,3,v3,,
seaexam_752,SeaExam,Nhu,CS-H,NAT,2026-05-29T12:29:16.080Z,3,v3,,
seaexam_753,SeaExam,Khang,CA,NAT,2026-05-29T14:29:16.080Z,3,v3,,
seaexam_753,SeaExam,Ngoc,CA,NAT,2026-05-29T15:56:20.903Z,3,v3,,
seaexam_753,SeaExam,Nhu,CA,NAT,2026-05-29T12:29:16.080Z,3,v3,,
seaexam_754,SeaExam,Khang,CS-H,NAT,2026-05-29T14:29:16.080Z,3,v3,,
seaexam_754,SeaExam,Ngoc,CS-H,NAT,2026-05-29T15:56:20.903Z,3,v3,,
seaexam_754,SeaExam,Nhu,CS-H,NAT,2026-05-29T12:29:16.080Z,3,v3,,
seaexam_755,SeaExam,Khang,CS-E,NAT,2026-05-29T14:29:16.080Z,3,v3,,
seaexam_755,SeaExam,Ngoc,CS-E,NAT,2026-05-29T15:56:20.903Z,3,v3,,
seaexam_755,SeaExam,Nhu,CS-E,NAT,2026-05-29T12:29:16.080Z,3,v3,,
seaexam_756,SeaExam,Khang,CS-H,NAT,2026-05-29T14:29:16.080Z,3,v3,,
seaexam_756,SeaExam,Ngoc,CS-H,NAT,2026-05-29T15:56:20.903Z,3,v3,,
seaexam_756,SeaExam,Nhu,CS-H,NAT,2026-05-29T12:29:16.080Z,3,v3,,
seaexam_757,SeaExam,Khang,CS-H,NAT,2026-05-29T14:29:16.080Z,3,v3,,
seaexam_757,SeaExam,Ngoc,CS-H,NAT,2026-05-29T15:56:20.903Z,3,v3,,
seaexam_757,SeaExam,Nhu,CS-H,NAT,2026-05-29T12:29:16.080Z,3,v3,,
seaexam_758,SeaExam,Khang,CS-H,NAT,2026-05-29T14:29:16.080Z,3,v3,,
seaexam_758,SeaExam,Ngoc,CS-H,NAT,2026-05-29T15:56:20.903Z,3,v3,,
seaexam_758,SeaExam,Nhu,CS-H,NAT,2026-05-29T12:29:16.080Z,3,v3,,
seaexam_759,SeaExam,Khang,CS-E,NAT,2026-05-29T14:29:16.080Z,3,v3,,
seaexam_759,SeaExam,Ngoc,CS-E,NAT,2026-05-29T15:56:20.903Z,3,v3,,
seaexam_759,SeaExam,Nhu,CS-E,NAT,2026-05-29T12:29:16.080Z,3,v3,,
seaexam_760,SeaExam,Khang,CS-H,NAT,2026-05-29T14:29:16.080Z,3,v3,,
seaexam_760,SeaExam,Ngoc,CS-E,NAT,2026-05-29T15:56:20.903Z,3,v3,,
seaexam_760,SeaExam,Nhu,CS-H,NAT,2026-05-29T12:29:16.080Z,3,v3,,
seaexam_761,SeaExam,Khang,CS-L,NAT,2026-05-29T14:29:16.080Z,3,v3,,
seaexam_761,SeaExam,Ngoc,CS-L,NAT,2026-05-29T15:56:20.903Z,3,v3,,
seaexam_761,SeaExam,Nhu,CS-L,NAT,2026-05-29T12:29:16.080Z,3,v3,,
seaexam_762,SeaExam,Khang,CS-H,NAT,2026-05-29T14:29:16.080Z,3,v3,,
seaexam_762,SeaExam,Ngoc,CS-H,NAT,2026-05-29T15:56:20.903Z,3,v3,,
seaexam_762,SeaExam,Nhu,CS-H,NAT,2026-05-29T12:29:16.080Z,3,v3,,
seaexam_763,SeaExam,Khang,CS-E,NAT,2026-05-29T14:29:16.080Z,3,v3,,
seaexam_763,SeaExam,Ngoc,CS-E,NAT,2026-05-29T15:56:20.903Z,3,v3,,
seaexam_763,SeaExam,Nhu,CS-E,NAT,2026-05-29T12:29:16.080Z,3,v3,,
seaexam_764,SeaExam,Khang,CS-H,NAT,2026-05-29T14:29:16.080Z,3,v3,,
seaexam_764,SeaExam,Ngoc,CS-H,NAT,2026-05-29T15:56:20.903Z,3,v3,,
seaexam_764,SeaExam,Nhu,CS-H,NAT,2026-05-29T12:29:16.080Z,3,v3,,
seaexam_765,SeaExam,Khang,CS-E,NAT,2026-05-29T14:29:16.080Z,3,v3,,
seaexam_765,SeaExam,Ngoc,CS-E,NAT,2026-05-29T15:56:20.903Z,3,v3,,
seaexam_765,SeaExam,Nhu,CS-E,NAT,2026-05-29T12:29:16.080Z,3,v3,,
seaexam_766,SeaExam,Khang,CS-E,NAT,2026-05-29T14:29:16.080Z,3,v3,,
seaexam_766,SeaExam,Ngoc,CS-E,NAT,2026-05-29T15:56:20.903Z,3,v3,,
seaexam_766,SeaExam,Nhu,CS-E,NAT,2026-05-29T12:29:16.080Z,3,v3,,
seaexam_767,SeaExam,Khang,CS-H,NAT,2026-05-29T14:29:16.080Z,3,v3,,
seaexam_767,SeaExam,Ngoc,CS-H,NAT,2026-05-29T15:56:20.903Z,3,v3,,
seaexam_767,SeaExam,Nhu,CS-H,NAT,2026-05-29T12:29:16.080Z,3,v3,,
seaexam_768,SeaExam,Khang,CS-L,NAT,2026-05-29T14:29:16.080Z,3,v3,,
seaexam_768,SeaExam,Ngoc,CS-L,NAT,2026-05-29T15:56:20.903Z,3,v3,,
seaexam_768,SeaExam,Nhu,CS-L,NAT,2026-05-29T12:29:16.080Z,3,v3,,
seaexam_769,SeaExam,Khang,CS-H,NAT,2026-05-29T14:29:16.080Z,3,v3,,
seaexam_769,SeaExam,Ngoc,CS-H,NAT,2026-05-29T15:56:20.903Z,3,v3,,
seaexam_769,SeaExam,Nhu,CS-H,NAT,2026-05-29T12:29:16.080Z,3,v3,,
seaexam_770,SeaExam,Khang,CS-H,NAT,2026-05-29T14:29:16.080Z,3,v3,,
seaexam_770,SeaExam,Ngoc,CS-H,NAT,2026-05-29T15:56:20.903Z,3,v3,,
seaexam_770,SeaExam,Nhu,CS-H,NAT,2026-05-29T12:29:16.080Z,3,v3,,
seaexam_771,SeaExam,Khang,CS-E,NAT,2026-05-29T14:29:16.080Z,3,v3,,
seaexam_771,SeaExam,Ngoc,CS-E,NAT,2026-05-29T15:56:20.903Z,3,v3,,
seaexam_771,SeaExam,Nhu,CS-E,NAT,2026-05-29T12:29:16.080Z,3,v3,,
seaexam_772,SeaExam,Khang,CS-H,NAT,2026-05-29T14:29:16.080Z,3,v3,,
seaexam_772,SeaExam,Ngoc,CS-H,NAT,2026-05-29T15:56:20.903Z,3,v3,,
seaexam_772,SeaExam,Nhu,CS-H,NAT,2026-05-29T12:29:16.080Z,3,v3,,
seaexam_773,SeaExam,Khang,CS-H,NAT,2026-05-29T14:29:16.080Z,3,v3,,
seaexam_773,SeaExam,Ngoc,CS-H,NAT,2026-05-29T15:56:20.903Z,3,v3,,
seaexam_773,SeaExam,Nhu,CS-H,NAT,2026-05-29T12:29:16.080Z,3,v3,,
seaexam_774,SeaExam,Khang,CA,NAT,2026-05-29T14:29:16.080Z,3,v3,,
seaexam_774,SeaExam,Ngoc,CA,NAT,2026-05-29T15:56:20.903Z,3,v3,,
seaexam_774,SeaExam,Nhu,CA,NAT,2026-05-29T12:29:16.080Z,3,v3,,
seaexam_775,SeaExam,Khang,CS-E,NAT,2026-05-29T14:29:16.080Z,3,v3,,
seaexam_775,SeaExam,Ngoc,CS-E,NAT,2026-05-29T15:56:20.903Z,3,v3,,
seaexam_775,SeaExam,Nhu,CS-E,NAT,2026-05-29T12:29:16.080Z,3,v3,,
seaexam_776,SeaExam,Khang,CS-H,NAT,2026-05-29T14:29:16.080Z,3,v3,,
seaexam_776,SeaExam,Ngoc,CS-E,NAT,2026-05-29T15:56:20.903Z,3,v3,,
seaexam_776,SeaExam,Nhu,CS-H,NAT,2026-05-29T12:29:16.080Z,3,v3,,
seaexam_777,SeaExam,Khang,CS-E,NAT,2026-05-29T14:29:16.080Z,3,v3,,
seaexam_777,SeaExam,Ngoc,CS-E,NAT,2026-05-29T15:56:20.903Z,3,v3,,
seaexam_777,SeaExam,Nhu,CS-E,NAT,2026-05-29T12:29:16.080Z,3,v3,,
seaexam_778,SeaExam,Khang,CS-H,NAT,2026-05-29T14:29:16.080Z,3,v3,,
seaexam_778,SeaExam,Ngoc,CS-H,NAT,2026-05-29T15:56:20.903Z,3,v3,,
seaexam_778,SeaExam,Nhu,CS-H,NAT,2026-05-29T12:29:16.080Z,3,v3,,
seaexam_779,SeaExam,Khang,CS-E,NAT,2026-05-29T14:29:16.080Z,3,v3,,
seaexam_779,SeaExam,Ngoc,CS-E,NAT,2026-05-29T15:56:20.903Z,3,v3,,
seaexam_779,SeaExam,Nhu,CS-E,NAT,2026-05-29T12:29:16.080Z,3,v3,,
seaexam_780,SeaExam,Khang,CS-H,NAT,2026-05-29T14:29:16.080Z,3,v3,,
seaexam_780,SeaExam,Ngoc,CS-H,NAT,2026-05-29T15:56:20.903Z,3,v3,,
seaexam_780,SeaExam,Nhu,CS-H,NAT,2026-05-29T12:29:16.080Z,3,v3,,
seaexam_781,SeaExam,Khang,CA,NAT,2026-05-29T14:29:16.080Z,3,v3,,
seaexam_781,SeaExam,Ngoc,CA,NAT,2026-05-29T15:56:20.903Z,3,v3,,
seaexam_781,SeaExam,Nhu,CA,NAT,2026-05-29T12:29:16.080Z,3,v3,,
seaexam_782,SeaExam,Khang,CS-E,NAT,2026-05-29T14:29:16.080Z,3,v3,,
seaexam_782,SeaExam,Ngoc,CS-E,NAT,2026-05-29T15:56:20.903Z,3,v3,,
seaexam_782,SeaExam,Nhu,CS-E,NAT,2026-05-29T12:29:16.080Z,3,v3,,
seaexam_783,SeaExam,Khang,CS-H,NAT,2026-05-29T14:29:16.080Z,3,v3,,
seaexam_783,SeaExam,Ngoc,CS-H,NAT,2026-05-29T15:56:20.903Z,3,v3,,
seaexam_783,SeaExam,Nhu,CS-H,NAT,2026-05-29T12:29:16.080Z,3,v3,,
seaexam_784,SeaExam,Khang,CA,NAT,2026-05-29T14:29:16.080Z,3,v3,,
seaexam_784,SeaExam,Ngoc,CA,NAT,2026-05-29T15:56:20.903Z,3,v3,,
seaexam_784,SeaExam,Nhu,CA,NAT,2026-05-29T12:29:16.080Z,3,v3,,
seaexam_785,SeaExam,Khang,CA,NAT,2026-05-29T14:29:16.080Z,3,v3,,
seaexam_785,SeaExam,Ngoc,CA,NAT,2026-05-29T15:56:20.903Z,3,v3,,
seaexam_785,SeaExam,Nhu,CA,NAT,2026-05-29T12:29:16.080Z,3,v3,,
seaexam_786,SeaExam,Khang,CS-H,NAT,2026-05-29T14:29:16.080Z,3,v3,,
seaexam_786,SeaExam,Ngoc,CS-H,NAT,2026-05-29T15:56:20.903Z,3,v3,,
seaexam_786,SeaExam,Nhu,CS-H,NAT,2026-05-29T12:29:16.080Z,3,v3,,
seaexam_787,SeaExam,Khang,CS-E,NAT,2026-05-29T14:29:16.080Z,3,v3,,
seaexam_787,SeaExam,Ngoc,CS-E,NAT,2026-05-29T15:56:20.903Z,3,v3,,
seaexam_787,SeaExam,Nhu,CS-E,NAT,2026-05-29T12:29:16.080Z,3,v3,,
seaexam_788,SeaExam,Khang,CA,NAT,2026-05-29T14:29:16.080Z,3,v3,,
seaexam_788,SeaExam,Ngoc,CA,NAT,2026-05-29T15:56:20.903Z,3,v3,,
seaexam_788,SeaExam,Nhu,CA,NAT,2026-05-29T12:29:16.080Z,3,v3,,
seaexam_789,SeaExam,Khang,CS-H,NAT,2026-05-29T14:29:16.080Z,3,v3,,
seaexam_789,SeaExam,Ngoc,CS-H,NAT,2026-05-29T15:56:20.903Z,3,v3,,
seaexam_789,SeaExam,Nhu,CS-H,NAT,2026-05-29T12:29:16.080Z,3,v3,,
seaexam_790,SeaExam,Khang,CS-E,NAT,2026-05-29T14:29:16.080Z,3,v3,,
seaexam_790,SeaExam,Ngoc,CS-E,NAT,2026-05-29T15:56:20.903Z,3,v3,,
seaexam_790,SeaExam,Nhu,CS-E,NAT,2026-05-29T12:29:16.080Z,3,v3,,
seaexam_791,SeaExam,Khang,CS-H,NAT,2026-05-29T14:29:16.080Z,3,v3,,
seaexam_791,SeaExam,Ngoc,CS-H,NAT,2026-05-29T15:56:20.903Z,3,v3,,
seaexam_791,SeaExam,Nhu,CS-H,NAT,2026-05-29T12:29:16.080Z,3,v3,,
seaexam_792,SeaExam,Khang,CA,NAT,2026-05-29T14:29:16.080Z,3,v3,,
seaexam_792,SeaExam,Ngoc,CA,NAT,2026-05-29T15:56:20.903Z,3,v3,,
seaexam_792,SeaExam,Nhu,CA,NAT,2026-05-29T12:29:16.080Z,3,v3,,
seaexam_793,SeaExam,Khang,CS-H,NAT,2026-05-29T14:29:16.080Z,3,v3,,
seaexam_793,SeaExam,Ngoc,CS-H,NAT,2026-05-29T15:56:20.903Z,3,v3,,
seaexam_793,SeaExam,Nhu,CS-H,NAT,2026-05-29T12:29:16.080Z,3,v3,,
seaexam_794,SeaExam,Khang,CS-H,NAT,2026-05-29T14:29:16.080Z,3,v3,,
seaexam_794,SeaExam,Ngoc,CS-E,NAT,2026-05-29T15:56:20.903Z,3,v3,,
seaexam_794,SeaExam,Nhu,CS-H,NAT,2026-05-29T12:29:16.080Z,3,v3,,
seaexam_795,SeaExam,Khang,CS-H,NAT,2026-05-29T14:29:16.080Z,3,v3,,
seaexam_795,SeaExam,Ngoc,CS-H,NAT,2026-05-29T15:56:20.903Z,3,v3,,
seaexam_795,SeaExam,Nhu,CS-H,NAT,2026-05-29T12:29:16.080Z,3,v3,,
seaexam_796,SeaExam,Khang,CS-H,NAT,2026-05-29T14:29:16.080Z,3,v3,,
seaexam_796,SeaExam,Ngoc,CS-H,NAT,2026-05-29T15:56:20.903Z,3,v3,,
seaexam_796,SeaExam,Nhu,CS-H,NAT,2026-05-29T12:29:16.080Z,3,v3,,
seaexam_797,SeaExam,Khang,CS-H,NAT,2026-05-29T14:29:16.080Z,3,v3,,
seaexam_797,SeaExam,Ngoc,CS-H,NAT,2026-05-29T15:56:20.903Z,3,v3,,
seaexam_797,SeaExam,Nhu,CS-H,NAT,2026-05-29T12:29:16.080Z,3,v3,,
seaexam_798,SeaExam,Khang,CS-H,NAT,2026-05-29T14:29:16.080Z,3,v3,,
seaexam_798,SeaExam,Ngoc,CS-H,NAT,2026-05-29T15:56:20.903Z,3,v3,,
seaexam_798,SeaExam,Nhu,CS-H,NAT,2026-05-29T12:29:16.080Z,3,v3,,
seaexam_799,SeaExam,Khang,CS-H,NAT,2026-05-29T14:29:16.080Z,3,v3,,
seaexam_799,SeaExam,Ngoc,CS-H,NAT,2026-05-29T15:56:20.903Z,3,v3,,
seaexam_799,SeaExam,Nhu,CS-H,NAT,2026-05-29T12:29:16.080Z,3,v3,,
seaexam_800,SeaExam,Khang,CS-E,NAT,2026-05-29T14:29:16.080Z,3,v3,,
seaexam_800,SeaExam,Ngoc,CS-E,NAT,2026-05-29T15:56:20.903Z,3,v3,,
seaexam_800,SeaExam,Nhu,CS-E,NAT,2026-05-29T12:29:16.080Z,3,v3,,
seaexam_801,SeaExam,Khang,CS-E,NAT,2026-05-29T14:29:16.080Z,3,v3,,
seaexam_801,SeaExam,Ngoc,CS-E,NAT,2026-05-29T15:56:20.903Z,3,v3,,
seaexam_801,SeaExam,Nhu,CS-E,NAT,2026-05-29T12:29:16.080Z,3,v3,,
seaexam_802,SeaExam,Khang,CS-H,NAT,2026-05-29T14:29:16.080Z,3,v3,,
seaexam_802,SeaExam,Ngoc,CS-E,NAT,2026-05-29T15:56:20.903Z,3,v3,,
seaexam_802,SeaExam,Nhu,CS-H,NAT,2026-05-29T12:29:16.080Z,3,v3,,
seaexam_803,SeaExam,Khang,CS-H,NAT,2026-05-29T14:29:16.080Z,3,v3,,
seaexam_803,SeaExam,Ngoc,CS-H,NAT,2026-05-29T15:56:20.903Z,3,v3,,
seaexam_803,SeaExam,Nhu,CS-H,NAT,2026-05-29T12:29:16.080Z,3,v3,,
seaexam_804,SeaExam,Khang,CS-H,NAT,2026-05-29T14:29:16.080Z,3,v3,,
seaexam_804,SeaExam,Ngoc,CS-H,NAT,2026-05-29T15:56:20.903Z,3,v3,,
seaexam_804,SeaExam,Nhu,CS-H,NAT,2026-05-29T12:29:16.080Z,3,v3,,
seaexam_805,SeaExam,Khang,CS-H,NAT,2026-05-29T14:29:16.080Z,3,v3,,
seaexam_805,SeaExam,Ngoc,CS-H,NAT,2026-05-29T15:56:20.903Z,3,v3,,
seaexam_805,SeaExam,Nhu,CS-H,NAT,2026-05-29T12:29:16.080Z,3,v3,,
seaexam_806,SeaExam,Khang,CS-H,NAT,2026-05-29T14:29:16.080Z,3,v3,,
seaexam_806,SeaExam,Ngoc,CS-H,NAT,2026-05-29T15:56:20.903Z,3,v3,,
seaexam_806,SeaExam,Nhu,CS-H,NAT,2026-05-29T12:29:16.080Z,3,v3,,
seaexam_807,SeaExam,Khang,CS-H,NAT,2026-05-29T14:29:16.080Z,3,v3,,
seaexam_807,SeaExam,Ngoc,CS-H,NAT,2026-05-29T15:56:20.903Z,3,v3,,
seaexam_807,SeaExam,Nhu,CS-H,NAT,2026-05-29T12:29:16.080Z,3,v3,,
seaexam_808,SeaExam,Khang,CS-H,NAT,2026-05-29T14:29:16.080Z,3,v3,,
seaexam_808,SeaExam,Ngoc,CS-H,NAT,2026-05-29T15:56:20.903Z,3,v3,,
seaexam_808,SeaExam,Nhu,CS-H,NAT,2026-05-29T12:29:16.080Z,3,v3,,
seaexam_809,SeaExam,Khang,CS-E,NAT,2026-05-29T14:29:16.080Z,3,v3,,
seaexam_809,SeaExam,Ngoc,CA,NAT,2026-05-29T15:56:20.903Z,3,v3,,
seaexam_809,SeaExam,Nhu,CA,NAT,2026-05-29T12:29:16.080Z,3,v3,,
seaexam_810,SeaExam,Khang,CS-E,NAT,2026-05-29T14:29:16.080Z,3,v3,,
seaexam_810,SeaExam,Ngoc,CS-E,NAT,2026-05-29T15:56:20.903Z,3,v3,,
seaexam_810,SeaExam,Nhu,CS-E,NAT,2026-05-29T12:29:16.080Z,3,v3,,
seaexam_811,SeaExam,Khang,CS-H,NAT,2026-05-29T14:29:16.080Z,3,v3,,
seaexam_811,SeaExam,Ngoc,CS-H,NAT,2026-05-29T15:56:20.903Z,3,v3,,
seaexam_811,SeaExam,Nhu,CS-H,NAT,2026-05-29T12:29:16.080Z,3,v3,,
seaexam_812,SeaExam,Khang,CS-H,NAT,2026-05-29T14:29:16.080Z,3,v3,,
seaexam_812,SeaExam,Ngoc,CS-H,NAT,2026-05-29T15:56:20.903Z,3,v3,,
seaexam_812,SeaExam,Nhu,CS-H,NAT,2026-05-29T12:29:16.080Z,3,v3,,
seaexam_813,SeaExam,Khang,CS-H,NAT,2026-05-29T14:29:16.080Z,3,v3,,
seaexam_813,SeaExam,Ngoc,CS-H,NAT,2026-05-29T15:56:20.903Z,3,v3,,
seaexam_813,SeaExam,Nhu,CS-H,NAT,2026-05-29T12:29:16.080Z,3,v3,,
seaexam_814,SeaExam,Khang,CS-L,NAT,2026-05-29T14:29:16.080Z,3,v3,,
seaexam_814,SeaExam,Ngoc,CS-L,NAT,2026-05-29T15:56:20.903Z,3,v3,,
seaexam_814,SeaExam,Nhu,CS-L,NAT,2026-05-29T12:29:16.080Z,3,v3,,
seaexam_815,SeaExam,Khang,CS-H,NAT,2026-05-29T14:29:16.080Z,3,v3,,
seaexam_815,SeaExam,Ngoc,CS-H,NAT,2026-05-29T15:56:20.903Z,3,v3,,
seaexam_815,SeaExam,Nhu,CS-H,NAT,2026-05-29T12:29:16.080Z,3,v3,,
seaexam_816,SeaExam,Khang,CS-H,NAT,2026-05-29T14:29:16.080Z,3,v3,,
seaexam_816,SeaExam,Ngoc,CS-H,NAT,2026-05-29T15:56:20.903Z,3,v3,,
seaexam_816,SeaExam,Nhu,CS-H,NAT,2026-05-29T12:29:16.080Z,3,v3,,
seaexam_817,SeaExam,Khang,CS-E,NAT,2026-05-29T14:29:16.080Z,3,v3,,
seaexam_817,SeaExam,Ngoc,CS-E,NAT,2026-05-29T15:56:20.903Z,3,v3,,
seaexam_817,SeaExam,Nhu,CS-E,NAT,2026-05-29T12:29:16.080Z,3,v3,,
seaexam_818,SeaExam,Khang,CS-H,NAT,2026-05-29T14:29:16.080Z,3,v3,,
seaexam_818,SeaExam,Ngoc,CS-H,NAT,2026-05-29T15:56:20.903Z,3,v3,,
seaexam_818,SeaExam,Nhu,CS-H,NAT,2026-05-29T12:29:16.080Z,3,v3,,
seaexam_819,SeaExam,Khang,CS-E,NAT,2026-05-29T14:29:16.080Z,3,v3,,
seaexam_819,SeaExam,Ngoc,CS-E,NAT,2026-05-29T15:56:20.903Z,3,v3,,
seaexam_819,SeaExam,Nhu,CS-E,NAT,2026-05-29T12:29:16.080Z,3,v3,,
seaexam_820,SeaExam,Khang,CS-H,NAT,2026-05-29T14:29:16.080Z,3,v3,,
seaexam_820,SeaExam,Ngoc,CS-H,NAT,2026-05-29T15:56:20.903Z,3,v3,,
seaexam_820,SeaExam,Nhu,CS-H,NAT,2026-05-29T12:29:16.080Z,3,v3,,
seaexam_821,SeaExam,Khang,CS-E,NAT,2026-05-29T14:29:16.080Z,3,v3,,
seaexam_821,SeaExam,Ngoc,CS-E,NAT,2026-05-29T15:56:20.903Z,3,v3,,
seaexam_821,SeaExam,Nhu,CS-E,NAT,2026-05-29T12:29:16.080Z,3,v3,,
seaexam_822,SeaExam,Khang,CS-E,NAT,2026-05-29T14:29:16.080Z,3,v3,,
seaexam_822,SeaExam,Ngoc,CS-E,NAT,2026-05-29T15:56:20.903Z,3,v3,,
seaexam_822,SeaExam,Nhu,CS-E,NAT,2026-05-29T12:29:16.080Z,3,v3,,
seaexam_823,SeaExam,Khang,CS-H,NAT,2026-05-29T14:29:16.080Z,3,v3,,
seaexam_823,SeaExam,Ngoc,CS-H,NAT,2026-05-29T15:56:20.903Z,3,v3,,
seaexam_823,SeaExam,Nhu,CS-H,NAT,2026-05-29T12:29:16.080Z,3,v3,,
seaexam_824,SeaExam,Khang,CS-E,NAT,2026-05-29T14:29:16.080Z,3,v3,,
seaexam_824,SeaExam,Ngoc,CS-E,NAT,2026-05-29T15:56:20.903Z,3,v3,,
seaexam_824,SeaExam,Nhu,CS-E,NAT,2026-05-29T12:29:16.080Z,3,v3,,
seaexam_825,SeaExam,Khang,CS-E,NAT,2026-05-29T14:29:16.080Z,3,v3,,
seaexam_825,SeaExam,Ngoc,CS-E,NAT,2026-05-29T15:56:20.903Z,3,v3,,
seaexam_825,SeaExam,Nhu,CS-E,NAT,2026-05-29T12:29:16.080Z,3,v3,,
seaexam_826,SeaExam,Khang,CS-H,NAT,2026-05-29T14:29:16.080Z,3,v3,,
seaexam_826,SeaExam,Ngoc,CS-H,NAT,2026-05-29T15:56:20.903Z,3,v3,,
seaexam_826,SeaExam,Nhu,CS-H,NAT,2026-05-29T12:29:16.080Z,3,v3,,
seaexam_827,SeaExam,Khang,CS-H,NAT,2026-05-29T14:29:16.080Z,3,v3,,
seaexam_827,SeaExam,Ngoc,CS-H,NAT,2026-05-29T15:56:20.903Z,3,v3,,
seaexam_827,SeaExam,Nhu,CS-H,NAT,2026-05-29T12:29:16.080Z,3,v3,,
seaexam_828,SeaExam,Khang,CA,NAT,2026-05-29T14:29:16.080Z,3,v3,,
seaexam_828,SeaExam,Ngoc,CS-E,NAT,2026-05-29T15:56:20.903Z,3,v3,,
seaexam_828,SeaExam,Nhu,CA,NAT,2026-05-29T12:29:16.080Z,3,v3,,
seaexam_829,SeaExam,Khang,CS-E,NAT,2026-05-29T14:29:16.080Z,3,v3,,
seaexam_829,SeaExam,Ngoc,CS-E,NAT,2026-05-29T15:56:20.903Z,3,v3,,
seaexam_829,SeaExam,Nhu,CS-E,NAT,2026-05-29T12:29:16.080Z,3,v3,,
seaexam_830,SeaExam,Khang,CS-E,NAT,2026-05-29T14:29:16.080Z,3,v3,,
seaexam_830,SeaExam,Ngoc,CS-E,NAT,2026-05-29T15:56:20.903Z,3,v3,,
seaexam_830,SeaExam,Nhu,CS-E,NAT,2026-05-29T12:29:16.080Z,3,v3,,
seaexam_831,SeaExam,Khang,CS-E,NAT,2026-05-29T14:29:16.080Z,3,v3,,
seaexam_831,SeaExam,Ngoc,CS-E,NAT,2026-05-29T15:56:20.903Z,3,v3,,
seaexam_831,SeaExam,Nhu,CS-E,NAT,2026-05-29T12:29:16.080Z,3,v3,,
seaexam_832,SeaExam,Khang,CS-E,NAT,2026-05-29T14:29:16.080Z,3,v3,,
seaexam_832,SeaExam,Ngoc,CS-E,NAT,2026-05-29T15:56:20.903Z,3,v3,,
seaexam_832,SeaExam,Nhu,CS-E,NAT,2026-05-29T12:29:16.080Z,3,v3,,
seaexam_833,SeaExam,Khang,CS-E,NAT,2026-05-29T14:29:16.080Z,3,v3,,
seaexam_833,SeaExam,Ngoc,CS-E,NAT,2026-05-29T15:56:20.903Z,3,v3,,
seaexam_833,SeaExam,Nhu,CS-E,NAT,2026-05-29T12:29:16.080Z,3,v3,,
seaexam_834,SeaExam,Khang,CS-H,NAT,2026-05-29T14:29:16.080Z,3,v3,,
seaexam_834,SeaExam,Ngoc,CS-H,NAT,2026-05-29T15:56:20.903Z,3,v3,,
seaexam_834,SeaExam,Nhu,CS-H,NAT,2026-05-29T12:29:16.080Z,3,v3,,
seaexam_835,SeaExam,Khang,CA,NAT,2026-05-29T14:29:16.080Z,3,v3,,
seaexam_835,SeaExam,Ngoc,CS-H,NAT,2026-05-29T15:56:20.903Z,3,v3,,
seaexam_835,SeaExam,Nhu,CA,NAT,2026-05-29T12:29:16.080Z,3,v3,,
seaexam_836,SeaExam,Khang,CS-E,NAT,2026-05-29T14:29:16.080Z,3,v3,,
seaexam_836,SeaExam,Ngoc,CS-E,NAT,2026-05-29T15:56:20.903Z,3,v3,,
seaexam_836,SeaExam,Nhu,CS-E,NAT,2026-05-29T12:29:16.080Z,3,v3,,
seaexam_837,SeaExam,Khang,CS-E,NAT,2026-05-29T14:29:16.080Z,3,v3,,
seaexam_837,SeaExam,Ngoc,CS-E,NAT,2026-05-29T15:56:20.903Z,3,v3,,
seaexam_837,SeaExam,Nhu,CS-E,NAT,2026-05-29T12:29:16.080Z,3,v3,,
seaexam_838,SeaExam,Khang,CS-H,NAT,2026-05-29T14:29:16.080Z,3,v3,,
seaexam_838,SeaExam,Ngoc,CS-E,NAT,2026-05-29T15:56:20.903Z,3,v3,,
seaexam_838,SeaExam,Nhu,CS-H,NAT,2026-05-29T12:29:16.080Z,3,v3,,
seaexam_839,SeaExam,Khang,UNK,NAT,2026-05-29T14:29:16.080Z,3,v3,,
seaexam_839,SeaExam,Ngoc,CS-H,NAT,2026-05-29T15:56:20.903Z,3,v3,,
seaexam_839,SeaExam,Nhu,CS-H,NAT,2026-05-29T12:29:16.080Z,3,v3,,
seaexam_840,SeaExam,Khang,CA,NAT,2026-05-29T14:29:16.080Z,3,v3,,
seaexam_840,SeaExam,Ngoc,CS-E,NAT,2026-05-29T15:56:20.903Z,3,v3,,
seaexam_840,SeaExam,Nhu,CA,NAT,2026-05-29T12:29:16.080Z,3,v3,,
seaexam_841,SeaExam,Khang,CS-E,NAT,2026-05-29T14:29:16.080Z,3,v3,,
seaexam_841,SeaExam,Ngoc,CS-E,NAT,2026-05-29T15:56:20.903Z,3,v3,,
seaexam_841,SeaExam,Nhu,CS-E,NAT,2026-05-29T12:29:16.080Z,3,v3,,
seaexam_842,SeaExam,Khang,CS-L,NAT,2026-05-29T14:29:16.080Z,3,v3,,
seaexam_842,SeaExam,Ngoc,CS-L,NAT,2026-05-29T15:56:20.903Z,3,v3,,
seaexam_842,SeaExam,Nhu,CS-L,NAT,2026-05-29T12:29:16.080Z,3,v3,,
seaexam_843,SeaExam,Khang,CS-H,NAT,2026-05-29T14:29:16.080Z,3,v3,,
seaexam_843,SeaExam,Ngoc,CS-H,NAT,2026-05-29T15:56:20.903Z,3,v3,,
seaexam_843,SeaExam,Nhu,CS-H,NAT,2026-05-29T12:29:16.080Z,3,v3,,
seaexam_844,SeaExam,Khang,CS-E,NAT,2026-05-29T14:29:16.080Z,3,v3,,
seaexam_844,SeaExam,Ngoc,CS-H,NAT,2026-05-29T15:56:20.903Z,3,v3,,
seaexam_844,SeaExam,Nhu,CS-E,NAT,2026-05-29T12:29:16.080Z,3,v3,,
seaexam_845,SeaExam,Khang,CS-E,NAT,2026-05-29T14:29:16.080Z,3,v3,,
seaexam_845,SeaExam,Ngoc,CS-E,NAT,2026-05-29T15:56:20.903Z,3,v3,,
seaexam_845,SeaExam,Nhu,CS-E,NAT,2026-05-29T12:29:16.080Z,3,v3,,
seaexam_846,SeaExam,Khang,CS-H,NAT,2026-05-29T14:29:16.080Z,3,v3,,
seaexam_846,SeaExam,Ngoc,CS-H,NAT,2026-05-29T15:56:20.903Z,3,v3,,
seaexam_846,SeaExam,Nhu,CS-H,NAT,2026-05-29T12:29:16.080Z,3,v3,,
seaexam_847,SeaExam,Khang,CS-H,NAT,2026-05-29T14:29:16.080Z,3,v3,,
seaexam_847,SeaExam,Ngoc,CS-H,NAT,2026-05-29T15:56:20.903Z,3,v3,,
seaexam_847,SeaExam,Nhu,CS-H,NAT,2026-05-29T12:29:16.080Z,3,v3,,
seaexam_848,SeaExam,Khang,CS-H,NAT,2026-05-29T14:29:16.080Z,3,v3,,
seaexam_848,SeaExam,Ngoc,CS-H,NAT,2026-05-29T15:56:20.903Z,3,v3,,
seaexam_848,SeaExam,Nhu,CS-H,NAT,2026-05-29T12:29:16.080Z,3,v3,,
seaexam_849,SeaExam,Khang,CA,NAT,2026-05-29T14:29:16.080Z,3,v3,,
seaexam_849,SeaExam,Ngoc,CA,NAT,2026-05-29T15:56:20.903Z,3,v3,,
seaexam_849,SeaExam,Nhu,CA,NAT,2026-05-29T12:29:16.080Z,3,v3,,
seaexam_850,SeaExam,Khang,CS-H,NAT,2026-05-29T14:29:16.080Z,3,v3,,
seaexam_850,SeaExam,Ngoc,CS-E,NAT,2026-05-29T15:56:20.903Z,3,v3,,
seaexam_850,SeaExam,Nhu,CS-E,NAT,2026-05-29T12:29:16.080Z,3,v3,,
seaexam_851,SeaExam,Khang,CS-H,NAT,2026-05-29T14:29:16.080Z,3,v3,,
seaexam_851,SeaExam,Ngoc,CS-E,NAT,2026-05-29T15:56:20.903Z,3,v3,,
seaexam_851,SeaExam,Nhu,CS-H,NAT,2026-05-29T12:29:16.080Z,3,v3,,
seaexam_852,SeaExam,Khang,CS-H,NAT,2026-05-29T14:29:16.080Z,3,v3,,
seaexam_852,SeaExam,Ngoc,CS-E,NAT,2026-05-29T15:56:20.903Z,3,v3,,
seaexam_852,SeaExam,Nhu,CS-H,NAT,2026-05-29T12:29:16.080Z,3,v3,,
seaexam_853,SeaExam,Khang,CS-H,NAT,2026-05-29T14:29:16.080Z,3,v3,,
seaexam_853,SeaExam,Ngoc,CS-H,NAT,2026-05-29T15:56:20.903Z,3,v3,,
seaexam_853,SeaExam,Nhu,CS-H,NAT,2026-05-29T12:29:16.080Z,3,v3,,
seaexam_854,SeaExam,Khang,CA,NAT,2026-05-29T14:29:16.080Z,3,v3,,
seaexam_854,SeaExam,Ngoc,CA,NAT,2026-05-29T15:56:20.903Z,3,v3,,
seaexam_854,SeaExam,Nhu,CA,NAT,2026-05-29T12:29:16.080Z,3,v3,,
seaexam_855,SeaExam,Khang,CS-H,NAT,2026-05-29T14:29:16.080Z,3,v3,,
seaexam_855,SeaExam,Ngoc,CS-H,NAT,2026-05-29T15:56:20.903Z,3,v3,,
seaexam_855,SeaExam,Nhu,CS-H,NAT,2026-05-29T12:29:16.080Z,3,v3,,
seaexam_856,SeaExam,Khang,CS-E,NAT,2026-05-29T14:29:16.080Z,3,v3,,
seaexam_856,SeaExam,Ngoc,CS-E,NAT,2026-05-29T15:56:20.903Z,3,v3,,
seaexam_856,SeaExam,Nhu,CS-E,NAT,2026-05-29T12:29:16.080Z,3,v3,,
