item_id,source,annotator_id,cs_label,to_label,annotated_at,interval_id,ontology_version,is_reevaluation,triggered_refinement
seaexam_0,SeaExam,Khang,CS-E,NAT,2026-05-02T23:46:09.482Z,1,v1,,
seaexam_0,SeaExam,Ngoc,CA,NAT,2026-05-03T09:16:58.365Z,1,v1,,
seaexam_0,SeaExam,Nhu,CA,NAT,2026-05-02T21:46:09.482Z,1,v1,,
seaexam_1,SeaExam,Khang,CS-E,NAT,2026-05-02T23:46:09.482Z,1,v1,,
seaexam_1,SeaExam,Ngoc,CS-H,NAT,2026-05-03T09:16:58.365Z,1,v1,,
seaexam_1,SeaExam,Nhu,CS-H,NAT,2026-05-02T21:46:09.482Z,1,v1,,
seaexam_2,SeaExam,Khang,CS-E,NAT,2026-05-02T23:46:09.482Z,1,v1,,
seaexam_2,SeaExam,Ngoc,CS-H,NAT,2026-05-03T09:16:58.365Z,1,v1,,
seaexam_2,SeaExam,Nhu,CS-E,NAT,2026-05-02T21:46:09.482Z,1,v1,,
seaexam_3,SeaExam,Khang,CS-E,NAT,2026-05-02T23:46:09.482Z,1,v1,,
seaexam_3,SeaExam,Ngoc,CS-H,NAT,2026-05-03T09:16:58.365Z,1,v1,,
seaexam_3,SeaExam,Nhu,CS-H,NAT,2026-05-02T21:46:09.482Z,1,v1,,
seaexam_4,SeaExam,Khang,CA,NAT,2026-05-02T23:46:09.482Z,1,v1,,
seaexam_4,SeaExam,Ngoc,CS-H,NAT,2026-05-03T09:16:58.365Z,1,v1,,
seaexam_4,SeaExam,Nhu,CA,NAT,2026-05-02T21:46:09.482Z,1,v1,,
seaexam_5,SeaExam,Khang,CS-H,NAT,2026-05-02T23:46:09.482Z,1,v1,,
seaexam_5,SeaExam,Ngoc,CS-H,NAT,2026-05-03T09:16:58.365Z,1,v1,,
seaexam_5,SeaExam,Nhu,CS-H,NAT,2026-05-02T21:46:09.482Z,1,v1,,
seaexam_6,SeaExam,Khang,CS-H,NAT,2026-05-02T23:46:09.482Z,1,v1,,
seaexam_6,SeaExam,Ngoc,CS-H,NAT,2026-05-03T09:16:58.365Z,1,v1,,
seaexam_6,SeaExam,Nhu,CS-H,NAT,2026-05-02T21:46:09.482Z,1,v1,,
seaexam_7,SeaExam,Khang,CS-E,NAT,2026-05-02T23:46:09.482Z,1,v1,,
seaexam_7,SeaExam,Ngoc,CA,NAT,2026-05-03T09:16:58.365Z,1,v1,,
seaexam_7,SeaExam,Nhu,CS-E,NAT,2026-05-02T21:46:09.482Z,1,v1,,
seaexam_8,SeaExam,Khang,CS-E,NAT,2026-05-02T23:46:09.482Z,1,v1,,
seaexam_8,SeaExam,Ngoc,CS-H,NAT,2026-05-03T09:16:58.365Z,1,v1,,
seaexam_8,SeaExam,Nhu,CS-E,NAT,2026-05-02T21:46:09.482Z,1,v1,,
seaexam_9,SeaExam,Khang,CS-E,NAT,2026-05-02T23:46:09.482Z,1,v1,,
seaexam_9,SeaExam,Ngoc,CS-E,NAT,2026-05-03T09:16:58.365Z,1,v1,,
seaexam_9,SeaExam,Nhu,CS-E,NAT,2026-05-02T21:46:09.482Z,1,v1,,
seaexam_10,SeaExam,Khang,CS-E,NAT,2026-05-02T23:46:09.482Z,1,v1,,
seaexam_10,SeaExam,Ngoc,CA,NAT,2026-05-03T09:16:58.365Z,1,v1,,
seaexam_10,SeaExam,Nhu,CS-E,NAT,2026-05-02T21:46:09.482Z,1,v1,,
seaexam_11,SeaExam,Khang,CS-H,NAT,2026-05-02T23:46:09.482Z,1,v1,,
seaexam_11,SeaExam,Ngoc,CS-H,NAT,2026-05-03T09:16:58.365Z,1,v1,,
seaexam_11,SeaExam,Nhu,CS-H,NAT,2026-05-02T21:46:09.482Z,1,v1,,
seaexam_12,SeaExam,Khang,CA,NAT,2026-05-02T23:46:09.482Z,1,v1,,
seaexam_12,SeaExam,Ngoc,CS-H,NAT,2026-05-03T09:16:58.365Z,1,v1,,
seaexam_12,SeaExam,Nhu,CA,NAT,2026-05-02T21:46:09.482Z,1,v1,,
seaexam_13,SeaExam,Khang,CS-H,NAT,2026-05-02T23:46:09.482Z,1,v1,,
seaexam_13,SeaExam,Ngoc,CS-H,NAT,2026-05-03T09:16:58.365Z,1,v1,,
seaexam_13,SeaExam,Nhu,CS-H,NAT,2026-05-02T21:46:09.482Z,1,v1,,
seaexam_14,SeaExam,Khang,CS-P,NAT,2026-05-02T23:46:09.482Z,1,v1,,
seaexam_14,SeaExam,Ngoc,CS-H,NAT,2026-05-03T09:16:58.365Z,1,v1,,
seaexam_14,SeaExam,Nhu,CS-H,NAT,2026-05-02T21:46:09.482Z,1,v1,,
seaexam_15,SeaExam,Khang,CS-E,NAT,2026-05-02T23:46:09.482Z,1,v1,,
seaexam_15,SeaExam,Ngoc,CA,NAT,2026-05-03T09:16:58.365Z,1,v1,,
seaexam_15,SeaExam,Nhu,CS-E,NAT,2026-05-02T21:46:09.482Z,1,v1,,
seaexam_16,SeaExam,Khang,CS-H,NAT,2026-05-02T23:46:09.482Z,1,v1,,
seaexam_16,SeaExam,Ngoc,CS-H,NAT,2026-05-03T09:16:58.365Z,1,v1,,
seaexam_16,SeaExam,Nhu,CS-H,NAT,2026-05-02T21:46:09.482Z,1,v1,,
seaexam_17,SeaExam,Khang,CS-H,NAT,2026-05-02T23:46:09.482Z,1,v1,,
seaexam_17,SeaExam,Ngoc,CS-H,NAT,2026-05-03T09:16:58.365Z,1,v1,,
seaexam_17,SeaExam,Nhu,CS-H,NAT,2026-05-02T21:46:09.482Z,1,v1,,
seaexam_18,SeaExam,Khang,CS-E,NAT,2026-05-02T23:46:09.482Z,1,v1,,
seaexam_18,SeaExam,Ngoc,CA,NAT,2026-05-03T09:16:58.365Z,1,v1,,
seaexam_18,SeaExam,Nhu,CS-E,NAT,2026-05-02T21:46:09.482Z,1,v1,,
seaexam_19,SeaExam,Khang,CS-E,NAT,2026-05-02T23:46:09.482Z,1,v1,,
seaexam_19,SeaExam,Ngoc,CS-H,NAT,2026-05-03T09:16:58.365Z,1,v1,,
seaexam_19,SeaExam,Nhu,CS-E,NAT,2026-05-02T21:46:09.482Z,1,v1,,
seaexam_20,SeaExam,Khang,CS-E,NAT,2026-05-02T23:46:09.482Z,1,v1,,
seaexam_20,SeaExam,Ngoc,CS-E,NAT,2026-05-03T09:16:58.365Z,1,v1,,
seaexam_20,SeaExam,Nhu,CS-E,NAT,2026-05-02T21:46:09.482Z,1,v1,,
seaexam_21,SeaExam,Khang,CS-H,NAT,2026-05-02T23:46:09.482Z,1,v1,,
seaexam_21,SeaExam,Ngoc,CS-H,NAT,2026-05-03T09:16:58.365Z,1,v1,,
seaexam_21,SeaExam,Nhu,CS-H,NAT,2026-05-02T21:46:09.482Z,1,v1,,
seaexam_22,SeaExam,Khang,CS-H,NAT,2026-05-02T23:46:09.482Z,1,v1,,
seaexam_22,SeaExam,Ngoc,CS-H,TRA,2026-05-03T09:16:58.365Z,1,v1,,
seaexam_22,SeaExam,Nhu,CS-H,NAT,2026-05-02T21:46:09.482Z,1,v1,,
seaexam_23,SeaExam,Khang,CS-E,NAT,2026-05-02T23:46:09.482Z,1,v1,,
seaexam_23,SeaExam,Ngoc,CS-E,NAT,2026-05-03T09:16:58.365Z,1,v1,,
seaexam_23,SeaExam,Nhu,CS-E,NAT,2026-05-02T21:46:09.482Z,1,v1,,
seaexam_24,SeaExam,Khang,CS-E,NAT,2026-05-02T23:46:09.482Z,1,v1,,
seaexam_24,SeaExam,Ngoc,CS-H,NAT,2026-05-03T09:16:58.365Z,1,v1,,
seaexam_24,SeaExam,Nhu,CS-H,NAT,2026-05-02T21:46:09.482Z,1,v1,,
seaexam_25,SeaExam,Khang,CS-E,NAT,2026-05-02T23:46:09.482Z,1,v1,,
seaexam_25,SeaExam,Ngoc,CA,NAT,2026-05-03T09:16:58.365Z,1,v1,,
seaexam_25,SeaExam,Nhu,CS-E,NAT,2026-05-02T21:46:09.482Z,1,v1,,
seaexam_26,SeaExam,Khang,CS-E,NAT,2026-05-02T23:46:09.482Z,1,v1,,
seaexam_26,SeaExam,Ngoc,CS-E,NAT,2026-05-03T09:16:58.365Z,1,v1,,
seaexam_26,SeaExam,Nhu,CS-E,NAT,2026-05-02T21:46:09.482Z,1,v1,,
seaexam_27,SeaExam,Khang,CS-E,NAT,2026-05-02T23:46:09.482Z,1,v1,,
seaexam_27,SeaExam,Ngoc,CS-E,NAT,2026-05-03T09:16:58.365Z,1,v1,,
seaexam_27,SeaExam,Nhu,CS-E,NAT,2026-05-02T21:46:09.482Z,1,v1,,
seaexam_28,SeaExam,Khang,CS-H,NAT,2026-05-02T23:46:09.482Z,1,v1,,
seaexam_28,SeaExam,Ngoc,CS-H,NAT,2026-05-03T09:16:58.365Z,1,v1,,
seaexam_28,SeaExam,Nhu,CS-H,NAT,2026-05-02T21:46:09.482Z,1,v1,,
seaexam_29,SeaExam,Khang,CS-E,NAT,2026-05-02T23:46:09.482Z,1,v1,,
seaexam_29,SeaExam,Ngoc,CS-H,NAT,2026-05-03T09:16:58.365Z,1,v1,,
seaexam_29,SeaExam,Nhu,CS-E,NAT,2026-05-02T21:46:09.482Z,1,v1,,
seaexam_30,SeaExam,Khang,CS-H,NAT,2026-05-02T23:46:09.482Z,1,v1,,
seaexam_30,SeaExam,Ngoc,CS-H,NAT,2026-05-03T09:16:58.365Z,1,v1,,
seaexam_30,SeaExam,Nhu,CS-H,NAT,2026-05-02T21:46:09.482Z,1,v1,,
seaexam_31,SeaExam,Khang,CS-E,NAT,2026-05-02T23:46:09.482Z,1,v1,,
seaexam_31,SeaExam,Ngoc,CA,NAT,2026-05-03T09:16:58.365Z,1,v1,,
seaexam_31,SeaExam,Nhu,CS-E,NAT,2026-05-02T21:46:09.482Z,1,v1,,
seaexam_32,SeaExam,Khang,CA,NAT,2026-05-02T23:46:09.482Z,1,v1,,
seaexam_32,SeaExam,Ngoc,CA,NAT,2026-05-03T09:16:58.365Z,1,v1,,
seaexam_32,SeaExam,Nhu,CA,NAT,2026-05-02T21:46:09.482Z,1,v1,,
seaexam_33,SeaExam,Khang,CS-E,NAT,2026-05-02T23:46:09.482Z,1,v1,,
seaexam_33,SeaExam,Ngoc,CS-E,NAT,2026-05-03T09:16:58.365Z,1,v1,,
seaexam_33,SeaExam,Nhu,CS-E,NAT,2026-05-02T21:46:09.482Z,1,v1,,
seaexam_34,SeaExam,Khang,CS-E,NAT,2026-05-02T23:46:09.482Z,1,v1,,
seaexam_34,SeaExam,Ngoc,CS-H,NAT,2026-05-03T09:16:58.365Z,1,v1,,
seaexam_34,SeaExam,Nhu,CS-H,NAT,2026-05-02T21:46:09.482Z,1,v1,,
seaexam_35,SeaExam,Khang,CS-H,NAT,2026-05-02T23:46:09.482Z,1,v1,,
seaexam_35,SeaExam,Ngoc,CS-H,NAT,2026-05-03T09:16:58.365Z,1,v1,,
seaexam_35,SeaExam,Nhu,CS-H,NAT,2026-05-02T21:46:09.482Z,1,v1,,
seaexam_36,SeaExam,Khang,CA,NAT,2026-05-02T23:46:09.482Z,1,v1,,
seaexam_36,SeaExam,Ngoc,CA,NAT,2026-05-03T09:16:58.365Z,1,v1,,
seaexam_36,SeaExam,Nhu,CA,NAT,2026-05-02T21:46:09.482Z,1,v1,,
seaexam_37,SeaExam,Khang,CA,NAT,2026-05-02T23:46:09.482Z,1,v1,,
seaexam_37,SeaExam,Ngoc,CS-E,NAT,2026-05-03T09:16:58.365Z,1,v1,,
seaexam_37,SeaExam,Nhu,CA,NAT,2026-05-02T21:46:09.482Z,1,v1,,
seaexam_38,SeaExam,Khang,CS-E,NAT,2026-05-02T23:46:09.482Z,1,v1,,
seaexam_38,SeaExam,Ngoc,CS-E,NAT,2026-05-03T09:16:58.365Z,1,v1,,
seaexam_38,SeaExam,Nhu,CS-E,NAT,2026-05-02T21:46:09.482Z,1,v1,,
seaexam_39,SeaExam,Khang,CA,NAT,2026-05-02T23:46:09.482Z,1,v1,,
seaexam_39,SeaExam,Ngoc,CS-E,NAT,2026-05-03T09:16:58.365Z,1,v1,,
seaexam_39,SeaExam,Nhu,CA,NAT,2026-05-02T21:46:09.482Z,1,v1,,
seaexam_40,SeaExam,Khang,CS-E,NAT,2026-05-02T23:46:09.482Z,1,v1,,
seaexam_40,SeaExam,Ngoc,CS-E,NAT,2026-05-03T09:16:58.365Z,1,v1,,
seaexam_40,SeaExam,Nhu,CS-E,NAT,2026-05-02T21:46:09.482Z,1,v1,,
seaexam_41,SeaExam,Khang,CS-E,NAT,2026-05-02T23:46:09.482Z,1,v1,,
seaexam_41,SeaExam,Ngoc,CS-E,NAT,2026-05-03T09:16:58.365Z,1,v1,,
seaexam_41,SeaExam,Nhu,CS-E,NAT,2026-05-02T21:46:09.482Z,1,v1,,
seaexam_42,SeaExam,Khang,CS-E,NAT,2026-05-02T23:46:09.482Z,1,v1,,
seaexam_42,SeaExam,Ngoc,CS-E,NAT,2026-05-03T09:16:58.365Z,1,v1,,
seaexam_42,SeaExam,Nhu,CS-E,NAT,2026-05-02T21:46:09.482Z,1,v1,,
seaexam_43,SeaExam,Khang,CS-E,NAT,2026-05-02T23:46:09.482Z,1,v1,,
seaexam_43,SeaExam,Ngoc,CS-H,NAT,2026-05-03T09:16:58.365Z,1,v1,,
seaexam_43,SeaExam,Nhu,CS-H,NAT,2026-05-02T21:46:09.482Z,1,v1,,
seaexam_44,SeaExam,Khang,CS-H,NAT,2026-05-02T23:46:09.482Z,1,v1,,
seaexam_44,SeaExam,Ngoc,CS-H,NAT,2026-05-03T09:16:58.365Z,1,v1,,
seaexam_44,SeaExam,Nhu,CS-H,NAT,2026-05-02T21:46:09.482Z,1,v1,,
seaexam_45,SeaExam,Khang,CS-H,NAT,2026-05-02T23:46:09.482Z,1,v1,,
seaexam_45,SeaExam,Ngoc,CA,TRA,2026-05-03T09:16:58.365Z,1,v1,,
seaexam_45,SeaExam,Nhu,CS-H,NAT,2026-05-02T21:46:09.482Z,1,v1,,
seaexam_46,SeaExam,Khang,CS-H,NAT,2026-05-02T23:46:09.482Z,1,v1,,
seaexam_46,SeaExam,Ngoc,CA,NAT,2026-05-03T09:16:58.365Z,1,v1,,
seaexam_46,SeaExam,Nhu,CA,NAT,2026-05-02T21:46:09.482Z,1,v1,,
seaexam_47,SeaExam,Khang,CS-H,NAT,2026-05-02T23:46:09.482Z,1,v1,,
seaexam_47,SeaExam,Ngoc,CS-H,NAT,2026-05-03T09:16:58.365Z,1,v1,,
seaexam_47,SeaExam,Nhu,CS-H,NAT,2026-05-02T21:46:09.482Z,1,v1,,
seaexam_48,SeaExam,Khang,CA,NAT,2026-05-02T23:46:09.482Z,1,v1,,
seaexam_48,SeaExam,Ngoc,CS-H,NAT,2026-05-03T09:16:58.365Z,1,v1,,
seaexam_48,SeaExam,Nhu,CA,NAT,2026-05-02T21:46:09.482Z,1,v1,,
seaexam_49,SeaExam,Khang,CS-H,NAT,2026-05-02T23:46:09.482Z,1,v1,,
seaexam_49,SeaExam,Ngoc,CS-H,NAT,2026-05-03T09:16:58.365Z,1,v1,,
seaexam_49,SeaExam,Nhu,CS-H,NAT,2026-05-02T21:46:09.482Z,1,v1,,
seaexam_50,SeaExam,Khang,CS-H,NAT,2026-05-02T23:46:09.482Z,1,v1,,
seaexam_50,SeaExam,Ngoc,CS-H,TRA,2026-05-03T09:16:58.365Z,1,v1,,
seaexam_50,SeaExam,Nhu,CS-H,NAT,2026-05-02T21:46:09.482Z,1,v1,,
seaexam_51,SeaExam,Khang,CS-H,NAT,2026-05-02T23:46:09.482Z,1,v1,,
seaexam_51,SeaExam,Ngoc,CS-H,NAT,2026-05-03T09:16:58.365Z,1,v1,,
seaexam_51,SeaExam,Nhu,CS-H,NAT,2026-05-02T21:46:09.482Z,1,v1,,
seaexam_52,SeaExam,Khang,CS-E,NAT,2026-05-02T23:46:09.482Z,1,v1,,
seaexam_52,SeaExam,Ngoc,CS-H,NAT,2026-05-03T09:16:58.365Z,1,v1,,
seaexam_52,SeaExam,Nhu,CS-H,NAT,2026-05-02T21:46:09.482Z,1,v1,,
seaexam_53,SeaExam,Khang,CS-E,NAT,2026-05-02T23:46:09.482Z,1,v1,,
seaexam_53,SeaExam,Ngoc,CS-E,NAT,2026-05-03T09:16:58.365Z,1,v1,,
seaexam_53,SeaExam,Nhu,CS-E,NAT,2026-05-02T21:46:09.482Z,1,v1,,
seaexam_54,SeaExam,Khang,CA,NAT,2026-05-02T23:46:09.482Z,1,v1,,
seaexam_54,SeaExam,Ngoc,CS-E,NAT,2026-05-03T09:16:58.365Z,1,v1,,
seaexam_54,SeaExam,Nhu,CS-E,NAT,2026-05-02T21:46:09.482Z,1,v1,,
seaexam_55,SeaExam,Khang,CS-H,NAT,2026-05-02T23:46:09.482Z,1,v1,,
seaexam_55,SeaExam,Ngoc,CS-E,NAT,2026-05-03T09:16:58.365Z,1,v1,,
seaexam_55,SeaExam,Nhu,CS-H,NAT,2026-05-02T21:46:09.482Z,1,v1,,
seaexam_56,SeaExam,Khang,CS-H,NAT,2026-05-02T23:46:09.482Z,1,v1,,
seaexam_56,SeaExam,Ngoc,CS-E,NAT,2026-05-03T09:16:58.365Z,1,v1,,
seaexam_56,SeaExam,Nhu,CS-E,NAT,2026-05-02T21:46:09.482Z,1,v1,,
seaexam_57,SeaExam,Khang,CS-E,NAT,2026-05-02T23:46:09.482Z,1,v1,,
seaexam_57,SeaExam,Ngoc,CS-H,NAT,2026-05-03T09:16:58.365Z,1,v1,,
seaexam_57,SeaExam,Nhu,CS-E,NAT,2026-05-02T21:46:09.482Z,1,v1,,
seaexam_58,SeaExam,Khang,CS-H,NAT,2026-05-02T23:46:09.482Z,1,v1,,
seaexam_58,SeaExam,Ngoc,CS-H,NAT,2026-05-03T09:16:58.365Z,1,v1,,
seaexam_58,SeaExam,Nhu,CS-H,NAT,2026-05-02T21:46:09.482Z,1,v1,,
seaexam_59,SeaExam,Khang,CS-E,NAT,2026-05-02T23:46:09.482Z,1,v1,,
seaexam_59,SeaExam,Ngoc,CS-H,NAT,2026-05-04T23:30:53.750Z,1,v1,,
seaexam_59,SeaExam,Nhu,CS-H,NAT,2026-05-02T21:46:09.482Z,1,v1,,
seaexam_60,SeaExam,Khang,CS-H,NAT,2026-05-02T23:46:09.482Z,1,v1,,
seaexam_60,SeaExam,Ngoc,CS-H,NAT,2026-05-03T07:33:54.939Z,1,v1,,
seaexam_60,SeaExam,Nhu,CS-H,NAT,2026-05-02T21:46:09.482Z,1,v1,,
seaexam_61,SeaExam,Khang,CS-H,NAT,2026-05-02T23:46:09.482Z,1,v1,,
seaexam_61,SeaExam,Ngoc,CS-H,NAT,2026-05-03T07:33:54.939Z,1,v1,,
seaexam_61,SeaExam,Nhu,CS-H,NAT,2026-05-02T21:46:09.482Z,1,v1,,
seaexam_62,SeaExam,Khang,CS-H,NAT,2026-05-02T23:46:09.482Z,1,v1,,
seaexam_62,SeaExam,Ngoc,CS-H,NAT,2026-05-03T07:33:54.939Z,1,v1,,
seaexam_62,SeaExam,Nhu,CS-H,NAT,2026-05-02T21:46:09.482Z,1,v1,,
seaexam_63,SeaExam,Khang,CS-E,NAT,2026-05-02T23:46:09.482Z,1,v1,,
seaexam_63,SeaExam,Ngoc,CS-H,NAT,2026-05-03T07:33:54.939Z,1,v1,,
seaexam_63,SeaExam,Nhu,CS-E,NAT,2026-05-02T21:46:09.482Z,1,v1,,
seaexam_64,SeaExam,Khang,CS-H,NAT,2026-05-02T23:46:09.482Z,1,v1,,
seaexam_64,SeaExam,Ngoc,CS-H,NAT,2026-05-03T07:33:54.939Z,1,v1,,
seaexam_64,SeaExam,Nhu,CS-H,NAT,2026-05-02T21:46:09.482Z,1,v1,,
seaexam_65,SeaExam,Khang,CS-E,NAT,2026-05-02T23:46:09.482Z,1,v1,,
seaexam_65,SeaExam,Ngoc,CS-E,NAT,2026-05-03T07:33:54.939Z,1,v1,,
seaexam_65,SeaExam,Nhu,CS-E,NAT,2026-05-02T21:46:09.482Z,1,v1,,
seaexam_66,SeaExam,Khang,CS-H,NAT,2026-05-02T23:46:09.482Z,1,v1,,
seaexam_66,SeaExam,Ngoc,CS-H,NAT,2026-05-03T07:33:54.939Z,1,v1,,
seaexam_66,SeaExam,Nhu,CS-H,NAT,2026-05-02T21:46:09.482Z,1,v1,,
seaexam_67,SeaExam,Khang,CS-H,NAT,2026-05-02T23:46:09.482Z,1,v1,,
seaexam_67,SeaExam,Ngoc,CS-H,NAT,2026-05-03T07:33:54.939Z,1,v1,,
seaexam_67,SeaExam,Nhu,CS-H,NAT,2026-05-02T21:46:09.482Z,1,v1,,
seaexam_68,SeaExam,Khang,CS-H,NAT,2026-05-02T23:46:09.482Z,1,v1,,
seaexam_68,SeaExam,Ngoc,CS-H,TRA,2026-05-03T07:33:54.939Z,1,v1,,
seaexam_68,SeaExam,Nhu,CS-H,NAT,2026-05-02T21:46:09.482Z,1,v1,,
seaexam_69,SeaExam,Khang,CS-E,NAT,2026-05-02T23:46:09.482Z,1,v1,,
seaexam_69,SeaExam,Ngoc,CS-H,NAT,2026-05-03T07:33:54.939Z,1,v1,,
seaexam_69,SeaExam,Nhu,CS-H,NAT,2026-05-02T21:46:09.482Z,1,v1,,
seaexam_70,SeaExam,Khang,CS-H,NAT,2026-05-02T23:46:09.482Z,1,v1,,
seaexam_70,SeaExam,Ngoc,CS-H,TRA,2026-05-03T07:33:54.939Z,1,v1,,
seaexam_70,SeaExam,Nhu,CS-H,NAT,2026-05-02T21:46:09.482Z,1,v1,,
seaexam_71,SeaExam,Khang,CS-E,NAT,2026-05-02T23:46:09.482Z,1,v1,,
seaexam_71,SeaExam,Ngoc,CS-E,TRA,2026-05-03T07:33:54.939Z,1,v1,,
seaexam_71,SeaExam,Nhu,CS-E,NAT,2026-05-02T21:46:09.482Z,1,v1,,
seaexam_72,SeaExam,Khang,CS-H,NAT,2026-05-02T23:46:09.482Z,1,v1,,
seaexam_72,SeaExam,Ngoc,CS-H,TRA,2026-05-03T07:33:54.939Z,1,v1,,
seaexam_72,SeaExam,Nhu,CS-H,NAT,2026-05-02T21:46:09.482Z,1,v1,,
seaexam_73,SeaExam,Khang,CS-E,NAT,2026-05-02T23:46:09.482Z,1,v1,,
seaexam_73,SeaExam,Ngoc,CS-H,NAT,2026-05-03T07:33:54.939Z,1,v1,,
seaexam_73,SeaExam,Nhu,CS-E,NAT,2026-05-02T21:46:09.482Z,1,v1,,
seaexam_74,SeaExam,Khang,CA,NAT,2026-05-02T23:46:09.482Z,1,v1,,
seaexam_74,SeaExam,Ngoc,CA,NAT,2026-05-03T07:33:54.939Z,1,v1,,
seaexam_74,SeaExam,Nhu,CA,NAT,2026-05-02T21:46:09.482Z,1,v1,,
seaexam_75,SeaExam,Khang,CS-E,NAT,2026-05-02T23:46:09.482Z,1,v1,,
seaexam_75,SeaExam,Ngoc,CS-H,NAT,2026-05-03T07:33:54.939Z,1,v1,,
seaexam_75,SeaExam,Nhu,CS-H,NAT,2026-05-02T21:46:09.482Z,1,v1,,
seaexam_76,SeaExam,Khang,CS-H,NAT,2026-05-02T23:46:09.482Z,1,v1,,
seaexam_76,SeaExam,Ngoc,CS-H,NAT,2026-05-03T07:33:54.939Z,1,v1,,
seaexam_76,SeaExam,Nhu,CS-H,NAT,2026-05-02T21:46:09.482Z,1,v1,,
seaexam_77,SeaExam,Khang,CS-H,NAT,2026-05-02T23:46:09.482Z,1,v1,,
seaexam_77,SeaExam,Ngoc,CA,NAT,2026-05-03T07:33:54.939Z,1,v1,,
seaexam_77,SeaExam,Nhu,CS-H,NAT,2026-05-02T21:46:09.482Z,1,v1,,
seaexam_78,SeaExam,Khang,CA,NAT,2026-05-02T23:46:09.482Z,1,v1,,
seaexam_78,SeaExam,Ngoc,CA,NAT,2026-05-03T07:33:54.939Z,1,v1,,
seaexam_78,SeaExam,Nhu,CA,NAT,2026-05-02T21:46:09.482Z,1,v1,,
seaexam_79,SeaExam,Khang,CS-E,NAT,2026-05-02T23:46:09.482Z,1,v1,,
seaexam_79,SeaExam,Ngoc,CS-E,NAT,2026-05-03T07:33:54.939Z,1,v1,,
seaexam_79,SeaExam,Nhu,CS-E,NAT,2026-05-02T21:46:09.482Z,1,v1,,
seaexam_80,SeaExam,Khang,CS-H,NAT,2026-05-02T23:46:09.482Z,1,v1,,
seaexam_80,SeaExam,Ngoc,CA,NAT,2026-05-03T07:33:54.939Z,1,v1,,
seaexam_80,SeaExam,Nhu,CS-H,NAT,2026-05-02T21:46:09.482Z,1,v1,,
seaexam_81,SeaExam,Khang,CS-H,NAT,2026-05-02T23:46:09.482Z,1,v1,,
seaexam_81,SeaExam,Ngoc,CS-E,NAT,2026-05-03T07:33:54.939Z,1,v1,,
seaexam_81,SeaExam,Nhu,CS-H,NAT,2026-05-02T21:46:09.482Z,1,v1,,
seaexam_82,SeaExam,Khang,CS-E,NAT,2026-05-02T23:46:09.482Z,1,v1,,
seaexam_82,SeaExam,Ngoc,CS-H,NAT,2026-05-03T07:33:54.939Z,1,v1,,
seaexam_82,SeaExam,Nhu,CS-H,NAT,2026-05-02T21:46:09.482Z,1,v1,,
seaexam_83,SeaExam,Khang,CS-H,NAT,2026-05-02T23:46:09.482Z,1,v1,,
seaexam_83,SeaExam,Ngoc,CS-H,NAT,2026-05-03T07:33:54.939Z,1,v1,,
seaexam_83,SeaExam,Nhu,CS-H,NAT,2026-05-02T21:46:09.482Z,1,v1,,
seaexam_84,SeaExam,Khang,CS-E,NAT,2026-05-02T23:46:09.482Z,1,v1,,
seaexam_84,SeaExam,Ngoc,CS-H,NAT,2026-05-03T07:33:54.939Z,1,v1,,
seaexam_84,SeaExam,Nhu,CS-E,NAT,2026-05-02T21:46:09.482Z,1,v1,,
seaexam_85,SeaExam,Khang,CA,NAT,2026-05-02T23:46:09.482Z,1,v1,,
seaexam_85,SeaExam,Ngoc,CA,NAT,2026-05-03T07:33:54.939Z,1,v1,,
seaexam_85,SeaExam,Nhu,CA,NAT,2026-05-02T21:46:09.482Z,1,v1,,
seaexam_86,SeaExam,Khang,CS-H,NAT,2026-05-02T23:46:09.482Z,1,v1,,
seaexam_86,SeaExam,Ngoc,CS-H,NAT,2026-05-03T07:33:54.939Z,1,v1,,
seaexam_86,SeaExam,Nhu,CS-H,NAT,2026-05-02T21:46:09.482Z,1,v1,,
seaexam_87,SeaExam,Khang,CS-E,NAT,2026-05-02T23:46:09.482Z,1,v1,,
seaexam_87,SeaExam,Ngoc,CS-H,NAT,2026-05-03T07:33:54.939Z,1,v1,,
seaexam_87,SeaExam,Nhu,CS-H,NAT,2026-05-02T21:46:09.482Z,1,v1,,
seaexam_88,SeaExam,Khang,CS-E,NAT,2026-05-02T23:46:09.482Z,1,v1,,
seaexam_88,SeaExam,Ngoc,CS-E,NAT,2026-05-03T07:33:54.939Z,1,v1,,
seaexam_88,SeaExam,Nhu,CS-E,NAT,2026-05-02T21:46:09.482Z,1,v1,,
seaexam_89,SeaExam,Khang,CS-E,NAT,2026-05-02T23:46:09.482Z,1,v1,,
seaexam_89,SeaExam,Ngoc,CS-E,NAT,2026-05-03T07:33:54.939Z,1,v1,,
seaexam_89,SeaExam,Nhu,CS-E,NAT,2026-05-02T21:46:09.482Z,1,v1,,
seaexam_90,SeaExam,Khang,CS-E,NAT,2026-05-02T23:46:09.482Z,1,v1,,
seaexam_90,SeaExam,Ngoc,CS-E,NAT,2026-05-03T09:16:58.365Z,1,v1,,
seaexam_90,SeaExam,Nhu,CS-E,NAT,2026-05-02T21:46:09.482Z,1,v1,,
seaexam_91,SeaExam,Khang,CS-E,NAT,2026-05-02T23:46:09.482Z,1,v1,,
seaexam_91,SeaExam,Ngoc,CS-H,NAT,2026-05-03T09:16:58.365Z,1,v1,,
seaexam_91,SeaExam,Nhu,CS-H,NAT,2026-05-02T21:46:09.482Z,1,v1,,
seaexam_92,SeaExam,Khang,CS-E,NAT,2026-05-02T23:46:09.482Z,1,v1,,
seaexam_92,SeaExam,Ngoc,CS-H,NAT,2026-05-03T09:16:58.365Z,1,v1,,
seaexam_92,SeaExam,Nhu,CS-H,NAT,2026-05-02T21:46:09.482Z,1,v1,,
seaexam_93,SeaExam,Khang,CS-E,NAT,2026-05-02T23:46:09.482Z,1,v1,,
seaexam_93,SeaExam,Ngoc,CS-E,NAT,2026-05-03T09:16:58.365Z,1,v1,,
seaexam_93,SeaExam,Nhu,CS-E,NAT,2026-05-02T21:46:09.482Z,1,v1,,
seaexam_94,SeaExam,Khang,CS-E,NAT,2026-05-02T23:46:09.482Z,1,v1,,
seaexam_94,SeaExam,Ngoc,CA,NAT,2026-05-03T09:16:58.365Z,1,v1,,
seaexam_94,SeaExam,Nhu,CS-E,NAT,2026-05-02T21:46:09.482Z,1,v1,,
seaexam_95,SeaExam,Khang,CS-H,NAT,2026-05-02T23:46:09.482Z,1,v1,,
seaexam_95,SeaExam,Ngoc,CS-H,NAT,2026-05-03T09:16:58.365Z,1,v1,,
seaexam_95,SeaExam,Nhu,CS-H,NAT,2026-05-02T21:46:09.482Z,1,v1,,
seaexam_96,SeaExam,Khang,CS-H,NAT,2026-05-02T23:46:09.482Z,1,v1,,
seaexam_96,SeaExam,Ngoc,CA,NAT,2026-05-03T09:16:58.365Z,1,v1,,
seaexam_96,SeaExam,Nhu,CS-H,NAT,2026-05-02T21:46:09.482Z,1,v1,,
seaexam_97,SeaExam,Khang,CS-E,NAT,2026-05-02T23:46:09.482Z,1,v1,,
seaexam_97,SeaExam,Ngoc,CS-H,NAT,2026-05-03T09:16:58.365Z,1,v1,,
seaexam_97,SeaExam,Nhu,CS-E,NAT,2026-05-02T21:46:09.482Z,1,v1,,
seaexam_98,SeaExam,Khang,CS-H,NAT,2026-05-02T23:46:09.482Z,1,v1,,
seaexam_98,SeaExam,Ngoc,CS-H,NAT,2026-05-03T09:16:58.365Z,1,v1,,
seaexam_98,SeaExam,Nhu,CS-H,NAT,2026-05-02T21:46:09.482Z,1,v1,,
seaexam_99,SeaExam,Khang,CS-H,NAT,2026-05-02T23:46:09.482Z,1,v1,,
seaexam_99,SeaExam,Ngoc,CS-H,NAT,2026-05-03T09:16:58.365Z,1,v1,,
seaexam_99,SeaExam,Nhu,CS-H,NAT,2026-05-02T21:46:09.482Z,1,v1,,
seaexam_100,SeaExam,Khang,CS-H,NAT,2026-05-02T23:46:09.482Z,1,v1,,
seaexam_100,SeaExam,Ngoc,CA,NAT,2026-05-03T09:16:58.365Z,1,v1,,
seaexam_100,SeaExam,Nhu,CS-H,NAT,2026-05-02T21:46:09.482Z,1,v1,,
seaexam_101,SeaExam,Khang,CS-E,NAT,2026-05-02T23:46:09.482Z,1,v1,,
seaexam_101,SeaExam,Ngoc,CS-E,NAT,2026-05-03T09:16:58.365Z,1,v1,,
seaexam_101,SeaExam,Nhu,CS-E,NAT,2026-05-02T21:46:09.482Z,1,v1,,
seaexam_102,SeaExam,Khang,CS-E,NAT,2026-05-02T23:46:09.482Z,1,v1,,
seaexam_102,SeaExam,Ngoc,CS-H,NAT,2026-05-03T09:16:58.365Z,1,v1,,
seaexam_102,SeaExam,Nhu,CS-H,NAT,2026-05-02T21:46:09.482Z,1,v1,,
seaexam_103,SeaExam,Khang,CS-H,NAT,2026-05-02T23:46:09.482Z,1,v1,,
seaexam_103,SeaExam,Ngoc,CS-H,NAT,2026-05-03T09:16:58.365Z,1,v1,,
seaexam_103,SeaExam,Nhu,CS-H,NAT,2026-05-02T21:46:09.482Z,1,v1,,
seaexam_104,SeaExam,Khang,CS-H,NAT,2026-05-02T23:46:09.482Z,1,v1,,
seaexam_104,SeaExam,Ngoc,CS-E,NAT,2026-05-03T09:16:58.365Z,1,v1,,
seaexam_104,SeaExam,Nhu,CS-H,NAT,2026-05-02T21:46:09.482Z,1,v1,,
seaexam_105,SeaExam,Khang,CS-H,NAT,2026-05-02T23:46:09.482Z,1,v1,,
seaexam_105,SeaExam,Ngoc,CS-E,NAT,2026-05-03T09:16:58.365Z,1,v1,,
seaexam_105,SeaExam,Nhu,CS-H,NAT,2026-05-02T21:46:09.482Z,1,v1,,
seaexam_106,SeaExam,Khang,CS-H,NAT,2026-05-02T23:46:09.482Z,1,v1,,
seaexam_106,SeaExam,Ngoc,CS-E,NAT,2026-05-03T09:16:58.365Z,1,v1,,
seaexam_106,SeaExam,Nhu,CS-H,NAT,2026-05-02T21:46:09.482Z,1,v1,,
seaexam_107,SeaExam,Khang,CS-E,NAT,2026-05-02T23:46:09.482Z,1,v1,,
seaexam_107,SeaExam,Ngoc,CS-E,NAT,2026-05-03T09:16:58.365Z,1,v1,,
seaexam_107,SeaExam,Nhu,CS-E,NAT,2026-05-02T21:46:09.482Z,1,v1,,
seaexam_108,SeaExam,Khang,CS-E,NAT,2026-05-02T23:46:09.482Z,1,v1,,
seaexam_108,SeaExam,Ngoc,CS-H,NAT,2026-05-03T09:16:58.365Z,1,v1,,
seaexam_108,SeaExam,Nhu,CS-H,NAT,2026-05-02T21:46:09.482Z,1,v1,,
seaexam_109,SeaExam,Khang,CS-E,NAT,2026-05-02T23:46:09.482Z,1,v1,,
seaexam_109,SeaExam,Ngoc,CS-E,NAT,2026-05-03T09:16:58.365Z,1,v1,,
seaexam_109,SeaExam,Nhu,CS-E,NAT,2026-05-02T21:46:09.482Z,1,v1,,
seaexam_110,SeaExam,Khang,CS-E,NAT,2026-05-02T23:46:09.482Z,1,v1,,
seaexam_110,SeaExam,Ngoc,CS-E,NAT,2026-05-03T09:16:58.365Z,1,v1,,
seaexam_110,SeaExam,Nhu,CS-E,NAT,2026-05-02T21:46:09.482Z,1,v1,,
seaexam_111,SeaExam,Khang,CS-E,NAT,2026-05-02T23:46:09.482Z,1,v1,,
seaexam_111,SeaExam,Ngoc,CS-H,NAT,2026-05-03T09:16:58.365Z,1,v1,,
seaexam_111,SeaExam,Nhu,CS-H,NAT,2026-05-02T21:46:09.482Z,1,v1,,
seaexam_112,SeaExam,Khang,CS-E,NAT,2026-05-02T23:46:09.482Z,1,v1,,
seaexam_112,SeaExam,Ngoc,CS-H,NAT,2026-05-03T09:16:58.365Z,1,v1,,
seaexam_112,SeaExam,Nhu,CS-E,NAT,2026-05-02T21:46:09.482Z,1,v1,,
seaexam_113,SeaExam,Khang,CA,NAT,2026-05-02T23:46:09.482Z,1,v1,,
seaexam_113,SeaExam,Ngoc,CS-E,NAT,2026-05-03T09:16:58.365Z,1,v1,,
seaexam_113,SeaExam,Nhu,CA,NAT,2026-05-02T21:46:09.482Z,1,v1,,
seaexam_114,SeaExam,Khang,CS-H,NAT,2026-05-02T23:46:09.482Z,1,v1,,
seaexam_114,SeaExam,Ngoc,CS-H,NAT,2026-05-03T09:16:58.365Z,1,v1,,
seaexam_114,SeaExam,Nhu,CS-H,NAT,2026-05-02T21:46:09.482Z,1,v1,,
seaexam_115,SeaExam,Khang,CS-E,NAT,2026-05-02T23:46:09.482Z,1,v1,,
seaexam_115,SeaExam,Ngoc,CS-E,NAT,2026-05-03T09:16:58.365Z,1,v1,,
seaexam_115,SeaExam,Nhu,CS-E,NAT,2026-05-02T21:46:09.482Z,1,v1,,
seaexam_116,SeaExam,Khang,CS-H,NAT,2026-05-02T23:46:09.482Z,1,v1,,
seaexam_116,SeaExam,Ngoc,CS-H,NAT,2026-05-03T09:16:58.365Z,1,v1,,
seaexam_116,SeaExam,Nhu,CS-H,NAT,2026-05-02T21:46:09.482Z,1,v1,,
seaexam_117,SeaExam,Khang,CS-E,NAT,2026-05-02T23:46:09.482Z,1,v1,,
seaexam_117,SeaExam,Ngoc,CS-E,NAT,2026-05-03T09:16:58.365Z,1,v1,,
seaexam_117,SeaExam,Nhu,CS-E,NAT,2026-05-02T21:46:09.482Z,1,v1,,
seaexam_118,SeaExam,Khang,CS-E,NAT,2026-05-02T23:46:09.482Z,1,v1,,
seaexam_118,SeaExam,Ngoc,CS-H,NAT,2026-05-03T09:16:58.365Z,1,v1,,
seaexam_118,SeaExam,Nhu,CS-H,NAT,2026-05-02T21:46:09.482Z,1,v1,,
seaexam_119,SeaExam,Khang,CS-E,NAT,2026-05-02T23:46:09.482Z,1,v1,,
seaexam_119,SeaExam,Ngoc,CS-E,NAT,2026-05-03T09:16:58.365Z,1,v1,,
seaexam_119,SeaExam,Nhu,CS-E,NAT,2026-05-02T21:46:09.482Z,1,v1,,
seaexam_120,SeaExam,Khang,CS-E,NAT,2026-05-02T23:46:09.482Z,1,v1,,
seaexam_120,SeaExam,Ngoc,CS-E,NAT,2026-05-03T09:16:58.365Z,1,v1,,
seaexam_120,SeaExam,Nhu,CS-E,NAT,2026-05-02T21:46:09.482Z,1,v1,,
seaexam_121,SeaExam,Khang,CS-H,NAT,2026-05-02T23:46:09.482Z,1,v1,,
seaexam_121,SeaExam,Ngoc,CS-H,NAT,2026-05-03T09:16:58.365Z,1,v1,,
seaexam_121,SeaExam,Nhu,CS-H,NAT,2026-05-02T21:46:09.482Z,1,v1,,
seaexam_122,SeaExam,Khang,CA,NAT,2026-05-02T23:46:09.482Z,1,v1,,
seaexam_122,SeaExam,Ngoc,CS-L,NAT,2026-05-03T09:16:58.365Z,1,v1,,
seaexam_122,SeaExam,Nhu,CA,NAT,2026-05-02T21:46:09.482Z,1,v1,,
seaexam_123,SeaExam,Khang,CS-H,NAT,2026-05-02T23:46:09.482Z,1,v1,,
seaexam_123,SeaExam,Ngoc,CS-L,NAT,2026-05-03T09:16:58.365Z,1,v1,,
seaexam_123,SeaExam,Nhu,CS-L,NAT,2026-05-02T21:46:09.482Z,1,v1,,
seaexam_124,SeaExam,Khang,CS-H,NAT,2026-05-02T23:46:09.482Z,1,v1,,
seaexam_124,SeaExam,Ngoc,CS-H,NAT,2026-05-03T09:16:58.365Z,1,v1,,
seaexam_124,SeaExam,Nhu,CS-H,NAT,2026-05-02T21:46:09.482Z,1,v1,,
seaexam_125,SeaExam,Khang,CA,NAT,2026-05-02T23:46:09.482Z,1,v1,,
seaexam_125,SeaExam,Ngoc,CS-E,NAT,2026-05-03T09:16:58.365Z,1,v1,,
seaexam_125,SeaExam,Nhu,CA,NAT,2026-05-02T21:46:09.482Z,1,v1,,
seaexam_126,SeaExam,Khang,CS-H,NAT,2026-05-02T23:46:09.482Z,1,v1,,
seaexam_126,SeaExam,Ngoc,CS-H,NAT,2026-05-03T09:16:58.365Z,1,v1,,
seaexam_126,SeaExam,Nhu,CS-H,NAT,2026-05-02T21:46:09.482Z,1,v1,,
seaexam_127,SeaExam,Khang,CS-E,NAT,2026-05-02T23:46:09.482Z,1,v1,,
seaexam_127,SeaExam,Ngoc,CS-E,NAT,2026-05-03T09:16:58.365Z,1,v1,,
seaexam_127,SeaExam,Nhu,CS-E,NAT,2026-05-02T21:46:09.482Z,1,v1,,
seaexam_128,SeaExam,Khang,CS-H,NAT,2026-05-02T23:46:09.482Z,1,v1,,
seaexam_128,SeaExam,Ngoc,CS-L,NAT,2026-05-03T09:16:58.365Z,1,v1,,
seaexam_128,SeaExam,Nhu,CS-H,NAT,2026-05-02T21:46:09.482Z,1,v1,,
seaexam_129,SeaExam,Khang,CS-E,NAT,2026-05-02T23:46:09.482Z,1,v1,,
seaexam_129,SeaExam,Ngoc,CS-H,NAT,2026-05-03T09:16:58.365Z,1,v1,,
seaexam_129,SeaExam,Nhu,CS-H,NAT,2026-05-02T21:46:09.482Z,1,v1,,
seaexam_130,SeaExam,Khang,CS-H,NAT,2026-05-02T23:46:09.482Z,1,v1,,
seaexam_130,SeaExam,Ngoc,CA,NAT,2026-05-03T09:16:58.365Z,1,v1,,
seaexam_130,SeaExam,Nhu,CS-H,NAT,2026-05-02T21:46:09.482Z,1,v1,,
seaexam_131,SeaExam,Khang,CS-H,NAT,2026-05-02T23:46:09.482Z,1,v1,,
seaexam_131,SeaExam,Ngoc,CS-L,NAT,2026-05-03T09:16:58.365Z,1,v1,,
seaexam_131,SeaExam,Nhu,CS-H,NAT,2026-05-02T21:46:09.482Z,1,v1,,
seaexam_132,SeaExam,Khang,CS-H,NAT,2026-05-02T23:46:09.482Z,1,v1,,
seaexam_132,SeaExam,Ngoc,CA,NAT,2026-05-03T09:16:58.365Z,1,v1,,
seaexam_132,SeaExam,Nhu,CS-H,NAT,2026-05-02T21:46:09.482Z,1,v1,,
seaexam_133,SeaExam,Khang,CS-E,NAT,2026-05-02T23:46:09.482Z,1,v1,,
seaexam_133,SeaExam,Ngoc,CS-E,NAT,2026-05-03T09:16:58.365Z,1,v1,,
seaexam_133,SeaExam,Nhu,CS-E,NAT,2026-05-02T21:46:09.482Z,1,v1,,
seaexam_134,SeaExam,Khang,CS-H,NAT,2026-05-02T23:46:09.482Z,1,v1,,
seaexam_134,SeaExam,Ngoc,CS-H,NAT,2026-05-03T09:16:58.365Z,1,v1,,
seaexam_134,SeaExam,Nhu,CS-H,NAT,2026-05-02T21:46:09.482Z,1,v1,,
seaexam_135,SeaExam,Khang,CS-E,NAT,2026-05-02T23:46:09.482Z,1,v1,,
seaexam_135,SeaExam,Ngoc,CS-H,NAT,2026-05-03T09:16:58.365Z,1,v1,,
seaexam_135,SeaExam,Nhu,CS-H,NAT,2026-05-02T21:46:09.482Z,1,v1,,
seaexam_136,SeaExam,Khang,CS-E,NAT,2026-05-02T23:46:09.482Z,1,v1,,
seaexam_136,SeaExam,Ngoc,CS-E,NAT,2026-05-03T09:16:58.365Z,1,v1,,
seaexam_136,SeaExam,Nhu,CS-E,NAT,2026-05-02T21:46:09.482Z,1,v1,,
seaexam_137,SeaExam,Khang,CS-E,NAT,2026-05-02T23:46:09.482Z,1,v1,,
seaexam_137,SeaExam,Ngoc,CA,NAT,2026-05-03T09:16:58.365Z,1,v1,,
seaexam_137,SeaExam,Nhu,CA,NAT,2026-05-02T21:46:09.482Z,1,v1,,
seaexam_138,SeaExam,Khang,CS-E,NAT,2026-05-02T23:46:09.482Z,1,v1,,
seaexam_138,SeaExam,Ngoc,CS-E,NAT,2026-05-03T09:16:58.365Z,1,v1,,
seaexam_138,SeaExam,Nhu,CS-E,NAT,2026-05-02T21:46:09.482Z,1,v1,,
seaexam_139,SeaExam,Khang,CS-E,NAT,2026-05-02T23:46:09.482Z,1,v1,,
seaexam_139,SeaExam,Ngoc,CS-E,NAT,2026-05-03T09:16:58.365Z,1,v1,,
seaexam_139,SeaExam,Nhu,CS-E,NAT,2026-05-02T21:46:09.482Z,1,v1,,
seaexam_140,SeaExam,Khang,CS-E,NAT,2026-05-02T23:46:09.482Z,1,v1,,
seaexam_140,SeaExam,Ngoc,CS-H,NAT,2026-05-03T09:16:58.365Z,1,v1,,
seaexam_140,SeaExam,Nhu,CS-H,NAT,2026-05-02T21:46:09.482Z,1,v1,,
seaexam_141,SeaExam,Khang,CS-E,NAT,2026-05-02T23:46:09.482Z,1,v1,,
seaexam_141,SeaExam,Ngoc,CS-H,NAT,2026-05-03T09:16:58.365Z,1,v1,,
seaexam_141,SeaExam,Nhu,CS-H,NAT,2026-05-02T21:46:09.482Z,1,v1,,
seaexam_142,SeaExam,Khang,CS-H,NAT,2026-05-02T23:46:09.482Z,1,v1,,
seaexam_142,SeaExam,Ngoc,CS-H,NAT,2026-05-03T09:16:58.365Z,1,v1,,
seaexam_142,SeaExam,Nhu,CS-H,NAT,2026-05-02T21:46:09.482Z,1,v1,,
seaexam_143,SeaExam,Khang,CS-E,NAT,2026-05-02T23:46:09.482Z,1,v1,,
seaexam_143,SeaExam,Ngoc,CS-E,NAT,2026-05-03T09:16:58.365Z,1,v1,,
seaexam_143,SeaExam,Nhu,CS-E,NAT,2026-05-02T21:46:09.482Z,1,v1,,
seaexam_144,SeaExam,Khang,CS-E,NAT,2026-05-02T23:46:09.482Z,1,v1,,
seaexam_144,SeaExam,Ngoc,CS-H,NAT,2026-05-03T09:16:58.365Z,1,v1,,
seaexam_144,SeaExam,Nhu,CS-E,NAT,2026-05-02T21:46:09.482Z,1,v1,,
seaexam_145,SeaExam,Khang,CS-E,NAT,2026-05-02T23:46:09.482Z,1,v1,,
seaexam_145,SeaExam,Ngoc,CS-H,NAT,2026-05-03T09:16:58.365Z,1,v1,,
seaexam_145,SeaExam,Nhu,CS-H,NAT,2026-05-02T21:46:09.482Z,1,v1,,
seaexam_146,SeaExam,Khang,CA,NAT,2026-05-02T23:46:09.482Z,1,v1,,
seaexam_146,SeaExam,Ngoc,CS-L,NAT,2026-05-03T09:16:58.365Z,1,v1,,
seaexam_146,SeaExam,Nhu,CA,NAT,2026-05-02T21:46:09.482Z,1,v1,,
seaexam_147,SeaExam,Khang,CS-H,NAT,2026-05-02T23:46:09.482Z,1,v1,,
seaexam_147,SeaExam,Ngoc,CS-H,NAT,2026-05-03T09:16:58.365Z,1,v1,,
seaexam_147,SeaExam,Nhu,CS-H,NAT,2026-05-02T21:46:09.482Z,1,v1,,
seaexam_148,SeaExam,Khang,CS-H,NAT,2026-05-02T23:46:09.482Z,1,v1,,
seaexam_148,SeaExam,Ngoc,CS-H,NAT,2026-05-03T09:16:58.365Z,1,v1,,
seaexam_148,SeaExam,Nhu,CS-H,NAT,2026-05-02T21:46:09.482Z,1,v1,,
seaexam_149,SeaExam,Khang,CS-H,NAT,2026-05-02T23:46:09.482Z,1,v1,,
seaexam_149,SeaExam,Ngoc,CS-H,NAT,2026-05-03T09:16:58.365Z,1,v1,,
seaexam_149,SeaExam,Nhu,CS-H,NAT,2026-05-02T21:46:09.482Z,1,v1,,
seaexam_150,SeaExam,Khang,CS-E,NAT,2026-05-02T23:46:09.482Z,1,v1,,
seaexam_150,SeaExam,Ngoc,CS-E,NAT,2026-05-03T09:16:58.365Z,1,v1,,
seaexam_150,SeaExam,Nhu,CS-E,NAT,2026-05-02T21:46:09.482Z,1,v1,,
seaexam_151,SeaExam,Khang,CS-E,NAT,2026-05-02T23:46:09.482Z,1,v1,,
seaexam_151,SeaExam,Ngoc,CS-E,NAT,2026-05-03T09:16:58.365Z,1,v1,,
seaexam_151,SeaExam,Nhu,CS-E,NAT,2026-05-02T21:46:09.482Z,1,v1,,
seaexam_152,SeaExam,Khang,CA,NAT,2026-05-02T23:46:09.482Z,1,v1,,
seaexam_152,SeaExam,Ngoc,CS-E,NAT,2026-05-03T09:16:58.365Z,1,v1,,
seaexam_152,SeaExam,Nhu,CA,NAT,2026-05-02T21:46:09.482Z,1,v1,,
seaexam_153,SeaExam,Khang,CS-E,NAT,2026-05-02T23:46:09.482Z,1,v1,,
seaexam_153,SeaExam,Ngoc,CS-H,NAT,2026-05-03T09:16:58.365Z,1,v1,,
seaexam_153,SeaExam,Nhu,CS-E,NAT,2026-05-02T21:46:09.482Z,1,v1,,
seaexam_154,SeaExam,Khang,CS-E,NAT,2026-05-02T23:46:09.482Z,1,v1,,
seaexam_154,SeaExam,Ngoc,CS-H,NAT,2026-05-03T09:16:58.365Z,1,v1,,
seaexam_154,SeaExam,Nhu,CS-H,NAT,2026-05-02T21:46:09.482Z,1,v1,,
seaexam_155,SeaExam,Khang,CS-H,NAT,2026-05-02T23:46:09.482Z,1,v1,,
seaexam_155,SeaExam,Ngoc,CA,NAT,2026-05-03T09:16:58.365Z,1,v1,,
seaexam_155,SeaExam,Nhu,CS-H,NAT,2026-05-02T21:46:09.482Z,1,v1,,
seaexam_156,SeaExam,Khang,CA,NAT,2026-05-02T23:46:09.482Z,1,v1,,
seaexam_156,SeaExam,Ngoc,CS-E,NAT,2026-05-03T09:16:58.365Z,1,v1,,
seaexam_156,SeaExam,Nhu,CA,NAT,2026-05-02T21:46:09.482Z,1,v1,,
seaexam_157,SeaExam,Khang,CS-H,NAT,2026-05-02T23:46:09.482Z,1,v1,,
seaexam_157,SeaExam,Ngoc,CS-H,NAT,2026-05-03T09:16:58.365Z,1,v1,,
seaexam_157,SeaExam,Nhu,CS-H,NAT,2026-05-02T21:46:09.482Z,1,v1,,
seaexam_158,SeaExam,Khang,CS-H,NAT,2026-05-02T23:46:09.482Z,1,v1,,
seaexam_158,SeaExam,Ngoc,CS-H,NAT,2026-05-03T09:16:58.365Z,1,v1,,
seaexam_158,SeaExam,Nhu,CS-H,NAT,2026-05-02T21:46:09.482Z,1,v1,,
seaexam_159,SeaExam,Khang,CS-E,NAT,2026-05-02T23:46:09.482Z,1,v1,,
seaexam_159,SeaExam,Ngoc,CS-H,NAT,2026-05-03T09:16:58.365Z,1,v1,,
seaexam_159,SeaExam,Nhu,CS-E,NAT,2026-05-02T21:46:09.482Z,1,v1,,
seaexam_160,SeaExam,Khang,CS-E,NAT,2026-05-02T23:46:09.482Z,1,v1,,
seaexam_160,SeaExam,Ngoc,CS-E,NAT,2026-05-03T09:16:58.365Z,1,v1,,
seaexam_160,SeaExam,Nhu,CS-E,NAT,2026-05-02T21:46:09.482Z,1,v1,,
seaexam_161,SeaExam,Khang,CS-H,NAT,2026-05-02T23:46:09.482Z,1,v1,,
seaexam_161,SeaExam,Ngoc,CS-H,NAT,2026-05-03T09:16:58.365Z,1,v1,,
seaexam_161,SeaExam,Nhu,CS-H,NAT,2026-05-02T21:46:09.482Z,1,v1,,
seaexam_162,SeaExam,Khang,CS-H,NAT,2026-05-02T23:46:09.482Z,1,v1,,
seaexam_162,SeaExam,Ngoc,CA,NAT,2026-05-03T09:16:58.365Z,1,v1,,
seaexam_162,SeaExam,Nhu,CS-H,NAT,2026-05-02T21:46:09.482Z,1,v1,,
seaexam_163,SeaExam,Khang,CS-H,NAT,2026-05-02T23:46:09.482Z,1,v1,,
seaexam_163,SeaExam,Ngoc,CA,NAT,2026-05-03T09:16:58.365Z,1,v1,,
seaexam_163,SeaExam,Nhu,CS-H,NAT,2026-05-02T21:46:09.482Z,1,v1,,
seaexam_164,SeaExam,Khang,CS-E,NAT,2026-05-02T23:46:09.482Z,1,v1,,
seaexam_164,SeaExam,Ngoc,CA,TRA,2026-05-03T09:16:58.365Z,1,v1,,
seaexam_164,SeaExam,Nhu,CS-E,NAT,2026-05-02T21:46:09.482Z,1,v1,,
seaexam_165,SeaExam,Khang,CS-H,NAT,2026-05-02T23:46:09.482Z,1,v1,,
seaexam_165,SeaExam,Ngoc,CS-E,NAT,2026-05-03T09:16:58.365Z,1,v1,,
seaexam_165,SeaExam,Nhu,CS-H,NAT,2026-05-02T21:46:09.482Z,1,v1,,
seaexam_166,SeaExam,Khang,CS-H,NAT,2026-05-02T23:46:09.482Z,1,v1,,
seaexam_166,SeaExam,Ngoc,CS-H,NAT,2026-05-03T09:16:58.365Z,1,v1,,
seaexam_166,SeaExam,Nhu,CS-H,NAT,2026-05-02T21:46:09.482Z,1,v1,,
seaexam_167,SeaExam,Khang,CS-H,NAT,2026-05-02T23:46:09.482Z,1,v1,,
seaexam_167,SeaExam,Ngoc,CA,NAT,2026-05-03T09:16:58.365Z,1,v1,,
seaexam_167,SeaExam,Nhu,CA,NAT,2026-05-02T21:46:09.482Z,1,v1,,
seaexam_168,SeaExam,Khang,CS-H,NAT,2026-05-02T23:46:09.482Z,1,v1,,
seaexam_168,SeaExam,Ngoc,CS-H,NAT,2026-05-03T09:16:58.365Z,1,v1,,
seaexam_168,SeaExam,Nhu,CS-H,NAT,2026-05-02T21:46:09.482Z,1,v1,,
seaexam_169,SeaExam,Khang,CA,NAT,2026-05-02T23:46:09.482Z,1,v1,,
seaexam_169,SeaExam,Ngoc,CS-L,NAT,2026-05-03T09:16:58.365Z,1,v1,,
seaexam_169,SeaExam,Nhu,CA,NAT,2026-05-02T21:46:09.482Z,1,v1,,
seaexam_170,SeaExam,Khang,CS-H,NAT,2026-05-02T23:46:09.482Z,1,v1,,
seaexam_170,SeaExam,Ngoc,CS-H,NAT,2026-05-03T09:16:58.365Z,1,v1,,
seaexam_170,SeaExam,Nhu,CS-H,NAT,2026-05-02T21:46:09.482Z,1,v1,,
seaexam_171,SeaExam,Khang,CS-H,NAT,2026-05-02T23:46:09.482Z,1,v1,,
seaexam_171,SeaExam,Ngoc,CA,NAT,2026-05-03T09:16:58.365Z,1,v1,,
seaexam_171,SeaExam,Nhu,CS-H,NAT,2026-05-02T21:46:09.482Z,1,v1,,
seaexam_172,SeaExam,Khang,CS-E,NAT,2026-05-02T23:46:09.482Z,1,v1,,
seaexam_172,SeaExam,Ngoc,CS-E,NAT,2026-05-03T09:16:58.365Z,1,v1,,
seaexam_172,SeaExam,Nhu,CS-E,NAT,2026-05-02T21:46:09.482Z,1,v1,,
seaexam_173,SeaExam,Khang,CS-H,NAT,2026-05-02T23:46:09.482Z,1,v1,,
seaexam_173,SeaExam,Ngoc,CA,NAT,2026-05-03T09:16:58.365Z,1,v1,,
seaexam_173,SeaExam,Nhu,CS-H,NAT,2026-05-02T21:46:09.482Z,1,v1,,
seaexam_174,SeaExam,Khang,CS-H,NAT,2026-05-02T23:46:09.482Z,1,v1,,
seaexam_174,SeaExam,Ngoc,CA,NAT,2026-05-03T09:16:58.365Z,1,v1,,
seaexam_174,SeaExam,Nhu,CS-H,NAT,2026-05-02T21:46:09.482Z,1,v1,,
seaexam_175,SeaExam,Khang,CS-H,NAT,2026-05-02T23:46:09.482Z,1,v1,,
seaexam_175,SeaExam,Ngoc,CS-H,NAT,2026-05-03T09:16:58.365Z,1,v1,,
seaexam_175,SeaExam,Nhu,CS-H,NAT,2026-05-02T21:46:09.482Z,1,v1,,
seaexam_176,SeaExam,Khang,CS-E,NAT,2026-05-02T23:46:09.482Z,1,v1,,
seaexam_176,SeaExam,Ngoc,CS-E,NAT,2026-05-03T09:16:58.365Z,1,v1,,
seaexam_176,SeaExam,Nhu,CS-E,NAT,2026-05-02T21:46:09.482Z,1,v1,,
seaexam_177,SeaExam,Khang,CS-E,NAT,2026-05-02T23:46:09.482Z,1,v1,,
seaexam_177,SeaExam,Ngoc,CS-E,NAT,2026-05-03T09:16:58.365Z,1,v1,,
seaexam_177,SeaExam,Nhu,CS-E,NAT,2026-05-02T21:46:09.482Z,1,v1,,
seaexam_178,SeaExam,Khang,CA,NAT,2026-05-02T23:46:09.482Z,1,v1,,
seaexam_178,SeaExam,Ngoc,CS-E,NAT,2026-05-03T09:16:58.365Z,1,v1,,
seaexam_178,SeaExam,Nhu,CA,NAT,2026-05-02T21:46:09.482Z,1,v1,,
seaexam_179,SeaExam,Khang,CS-E,NAT,2026-05-02T23:46:09.482Z,1,v1,,
seaexam_179,SeaExam,Ngoc,CS-E,NAT,2026-05-03T09:16:58.365Z,1,v1,,
seaexam_179,SeaExam,Nhu,CS-E,NAT,2026-05-02T21:46:09.482Z,1,v1,,
seaexam_180,SeaExam,Khang,CS-E,NAT,2026-05-02T23:46:09.482Z,1,v1,,
seaexam_180,SeaExam,Ngoc,CS-E,NAT,2026-05-03T09:16:58.365Z,1,v1,,
seaexam_180,SeaExam,Nhu,CS-E,NAT,2026-05-02T21:46:09.482Z,1,v1,,
seaexam_181,SeaExam,Khang,CS-E,NAT,2026-05-02T23:46:09.482Z,1,v1,,
seaexam_181,SeaExam,Ngoc,CS-E,NAT,2026-05-03T09:16:58.365Z,1,v1,,
seaexam_181,SeaExam,Nhu,CS-E,NAT,2026-05-02T21:46:09.482Z,1,v1,,
seaexam_182,SeaExam,Khang,CS-E,NAT,2026-05-02T23:46:09.482Z,1,v1,,
seaexam_182,SeaExam,Ngoc,CS-E,NAT,2026-05-03T09:16:58.365Z,1,v1,,
seaexam_182,SeaExam,Nhu,CS-E,NAT,2026-05-02T21:46:09.482Z,1,v1,,
seaexam_183,SeaExam,Khang,CS-H,NAT,2026-05-02T23:46:09.482Z,1,v1,,
seaexam_183,SeaExam,Ngoc,CS-H,TRA,2026-05-03T09:16:58.365Z,1,v1,,
seaexam_183,SeaExam,Nhu,CS-H,NAT,2026-05-02T21:46:09.482Z,1,v1,,
seaexam_184,SeaExam,Khang,CS-E,NAT,2026-05-02T23:46:09.482Z,1,v1,,
seaexam_184,SeaExam,Ngoc,CS-E,NAT,2026-05-03T09:16:58.365Z,1,v1,,
seaexam_184,SeaExam,Nhu,CS-E,NAT,2026-05-02T21:46:09.482Z,1,v1,,
seaexam_185,SeaExam,Khang,CS-E,NAT,2026-05-02T23:46:09.482Z,1,v1,,
seaexam_185,SeaExam,Ngoc,CS-H,NAT,2026-05-03T09:16:58.365Z,1,v1,,
seaexam_185,SeaExam,Nhu,CS-H,NAT,2026-05-02T21:46:09.482Z,1,v1,,
seaexam_186,SeaExam,Khang,CS-H,NAT,2026-05-02T23:46:09.482Z,1,v1,,
seaexam_186,SeaExam,Ngoc,CS-H,NAT,2026-05-03T09:16:58.365Z,1,v1,,
seaexam_186,SeaExam,Nhu,CS-H,NAT,2026-05-02T21:46:09.482Z,1,v1,,
seaexam_187,SeaExam,Khang,CS-E,NAT,2026-05-02T23:46:09.482Z,1,v1,,
seaexam_187,SeaExam,Ngoc,CS-E,TRA,2026-05-03T09:16:58.365Z,1,v1,,
seaexam_187,SeaExam,Nhu,CS-E,NAT,2026-05-02T21:46:09.482Z,1,v1,,
seaexam_188,SeaExam,Khang,CS-H,NAT,2026-05-02T23:46:09.482Z,1,v1,,
seaexam_188,SeaExam,Ngoc,CA,NAT,2026-05-03T09:16:58.365Z,1,v1,,
seaexam_188,SeaExam,Nhu,CS-H,NAT,2026-05-02T21:46:09.482Z,1,v1,,
seaexam_189,SeaExam,Khang,CS-H,NAT,2026-05-02T23:46:09.482Z,1,v1,,
seaexam_189,SeaExam,Ngoc,CS-H,NAT,2026-05-03T09:16:58.365Z,1,v1,,
seaexam_189,SeaExam,Nhu,CS-H,NAT,2026-05-02T21:46:09.482Z,1,v1,,
seaexam_190,SeaExam,Khang,CS-H,NAT,2026-05-02T23:46:09.482Z,1,v1,,
seaexam_190,SeaExam,Ngoc,CA,NAT,2026-05-03T09:16:58.365Z,1,v1,,
seaexam_190,SeaExam,Nhu,CS-H,NAT,2026-05-02T21:46:09.482Z,1,v1,,
seaexam_191,SeaExam,Khang,CA,NAT,2026-05-02T23:46:09.482Z,1,v1,,
seaexam_191,SeaExam,Ngoc,CA,NAT,2026-05-03T09:16:58.365Z,1,v1,,
seaexam_191,SeaExam,Nhu,CA,NAT,2026-05-02T21:46:09.482Z,1,v1,,
seaexam_192,SeaExam,Khang,CS-H,NAT,2026-05-02T23:46:09.482Z,1,v1,,
seaexam_192,SeaExam,Ngoc,CS-H,NAT,2026-05-03T09:16:58.365Z,1,v1,,
seaexam_192,SeaExam,Nhu,CS-H,NAT,2026-05-02T21:46:09.482Z,1,v1,,
seaexam_193,SeaExam,Khang,CS-H,NAT,2026-05-02T23:46:09.482Z,1,v1,,
seaexam_193,SeaExam,Ngoc,CS-H,NAT,2026-05-03T09:16:58.365Z,1,v1,,
seaexam_193,SeaExam,Nhu,CS-H,NAT,2026-05-02T21:46:09.482Z,1,v1,,
seaexam_194,SeaExam,Khang,CS-H,NAT,2026-05-02T23:46:09.482Z,1,v1,,
seaexam_194,SeaExam,Ngoc,CA,NAT,2026-05-03T09:16:58.365Z,1,v1,,
seaexam_194,SeaExam,Nhu,CS-H,NAT,2026-05-02T21:46:09.482Z,1,v1,,
seaexam_195,SeaExam,Khang,CS-E,NAT,2026-05-02T23:46:09.482Z,1,v1,,
seaexam_195,SeaExam,Ngoc,CS-H,NAT,2026-05-03T09:16:58.365Z,1,v1,,
seaexam_195,SeaExam,Nhu,CS-H,NAT,2026-05-02T21:46:09.482Z,1,v1,,
seaexam_196,SeaExam,Khang,CS-H,NAT,2026-05-02T23:46:09.482Z,1,v1,,
seaexam_196,SeaExam,Ngoc,CS-L,NAT,2026-05-03T09:16:58.365Z,1,v1,,
seaexam_196,SeaExam,Nhu,CS-L,NAT,2026-05-02T21:46:09.482Z,1,v1,,
seaexam_197,SeaExam,Khang,CS-E,NAT,2026-05-02T23:46:09.482Z,1,v1,,
seaexam_197,SeaExam,Ngoc,CS-E,NAT,2026-05-03T09:16:58.365Z,1,v1,,
seaexam_197,SeaExam,Nhu,CS-E,NAT,2026-05-02T21:46:09.482Z,1,v1,,
seaexam_198,SeaExam,Khang,CS-H,NAT,2026-05-02T23:46:09.482Z,1,v1,,
seaexam_198,SeaExam,Ngoc,CS-H,NAT,2026-05-03T09:16:58.365Z,1,v1,,
seaexam_198,SeaExam,Nhu,CS-H,NAT,2026-05-02T21:46:09.482Z,1,v1,,
seaexam_199,SeaExam,Khang,CS-E,NAT,2026-05-02T23:46:09.482Z,1,v1,,
seaexam_199,SeaExam,Ngoc,CS-E,NAT,2026-05-03T09:16:58.365Z,1,v1,,
seaexam_199,SeaExam,Nhu,CS-E,NAT,2026-05-02T21:46:09.482Z,1,v1,,
seaexam_200,SeaExam,Khang,CS-H,NAT,2026-05-16T16:02:58.466Z,2,v2,,
seaexam_200,SeaExam,Ngoc,CS-H,NAT,2026-05-18T02:54:55.349Z,2,v2,,
seaexam_200,SeaExam,Nhu,CS-H,NAT,2026-05-16T15:02:58.466Z,2,v2,,
seaexam_201,SeaExam,Khang,CS-E,NAT,2026-05-16T16:02:58.466Z,2,v2,,
seaexam_201,SeaExam,Ngoc,CS-H,NAT,2026-05-18T02:54:55.350Z,2,v2,,
seaexam_201,SeaExam,Nhu,CS-E,NAT,2026-05-16T15:02:58.466Z,2,v2,,
seaexam_202,SeaExam,Khang,CS-H,NAT,2026-05-16T16:02:58.466Z,2,v2,,
seaexam_202,SeaExam,Ngoc,CS-H,NAT,2026-05-18T02:54:55.350Z,2,v2,,
seaexam_202,SeaExam,Nhu,CS-H,NAT,2026-05-16T15:02:58.466Z,2,v2,,
seaexam_203,SeaExam,Khang,CS-E,NAT,2026-05-16T16:02:58.466Z,2,v2,,
seaexam_203,SeaExam,Ngoc,CS-H,NAT,2026-05-18T02:54:55.350Z,2,v2,,
seaexam_203,SeaExam,Nhu,CS-E,NAT,2026-05-16T15:02:58.466Z,2,v2,,
seaexam_204,SeaExam,Khang,CA,NAT,2026-05-16T16:02:58.466Z,2,v2,,
seaexam_204,SeaExam,Ngoc,CS-L,NAT,2026-05-18T02:54:55.350Z,2,v2,,
seaexam_204,SeaExam,Nhu,CA,NAT,2026-05-16T15:02:58.466Z,2,v2,,
seaexam_205,SeaExam,Khang,CS-H,TRA,2026-05-16T16:02:58.466Z,2,v2,,
seaexam_205,SeaExam,Ngoc,CS-H,NAT,2026-05-18T02:54:55.350Z,2,v2,,
seaexam_205,SeaExam,Nhu,CS-H,NAT,2026-05-16T15:02:58.466Z,2,v2,,
seaexam_206,SeaExam,Khang,CS-H,NAT,2026-05-16T16:02:58.466Z,2,v2,,
seaexam_206,SeaExam,Ngoc,CS-H,NAT,2026-05-18T02:54:55.350Z,2,v2,,
seaexam_206,SeaExam,Nhu,CS-H,NAT,2026-05-16T15:02:58.466Z,2,v2,,
seaexam_207,SeaExam,Khang,CS-H,NAT,2026-05-16T16:02:58.466Z,2,v2,,
seaexam_207,SeaExam,Ngoc,CS-H,NAT,2026-05-18T02:54:55.350Z,2,v2,,
seaexam_207,SeaExam,Nhu,CS-H,NAT,2026-05-16T15:02:58.466Z,2,v2,,
seaexam_208,SeaExam,Khang,CS-L,NAT,2026-05-16T16:02:58.466Z,2,v2,,
seaexam_208,SeaExam,Ngoc,CS-L,NAT,2026-05-18T02:54:55.350Z,2,v2,,
seaexam_208,SeaExam,Nhu,CS-L,NAT,2026-05-16T15:02:58.466Z,2,v2,,
seaexam_209,SeaExam,Khang,CS-E,NAT,2026-05-16T16:02:58.466Z,2,v2,,
seaexam_209,SeaExam,Ngoc,CS-H,NAT,2026-05-18T02:54:55.350Z,2,v2,,
seaexam_209,SeaExam,Nhu,CS-E,NAT,2026-05-16T15:02:58.466Z,2,v2,,
seaexam_210,SeaExam,Khang,CS-H,NAT,2026-05-16T16:02:58.466Z,2,v2,,
seaexam_210,SeaExam,Ngoc,CS-H,NAT,2026-05-18T02:54:55.350Z,2,v2,,
seaexam_210,SeaExam,Nhu,CS-H,NAT,2026-05-16T15:02:58.466Z,2,v2,,
seaexam_211,SeaExam,Khang,CS-H,NAT,2026-05-16T16:02:58.466Z,2,v2,,
seaexam_211,SeaExam,Ngoc,CA,NAT,2026-05-18T02:54:55.350Z,2,v2,,
seaexam_211,SeaExam,Nhu,CA,NAT,2026-05-16T15:02:58.466Z,2,v2,,
seaexam_212,SeaExam,Khang,CS-H,NAT,2026-05-16T16:02:58.466Z,2,v2,,
seaexam_212,SeaExam,Ngoc,CS-H,NAT,2026-05-18T02:54:55.350Z,2,v2,,
seaexam_212,SeaExam,Nhu,CS-H,NAT,2026-05-16T15:02:58.466Z,2,v2,,
seaexam_213,SeaExam,Khang,CS-L,NAT,2026-05-16T16:02:58.466Z,2,v2,,
seaexam_213,SeaExam,Ngoc,CS-L,NAT,2026-05-18T02:54:55.350Z,2,v2,,
seaexam_213,SeaExam,Nhu,CS-L,NAT,2026-05-16T15:02:58.466Z,2,v2,,
seaexam_214,SeaExam,Khang,CS-E,NAT,2026-05-16T16:02:58.466Z,2,v2,,
seaexam_214,SeaExam,Ngoc,CS-E,NAT,2026-05-18T02:54:55.350Z,2,v2,,
seaexam_214,SeaExam,Nhu,CS-E,NAT,2026-05-16T15:02:58.466Z,2,v2,,
seaexam_215,SeaExam,Khang,CS-H,NAT,2026-05-16T16:02:58.466Z,2,v2,,
seaexam_215,SeaExam,Ngoc,CS-H,NAT,2026-05-18T02:54:55.350Z,2,v2,,
seaexam_215,SeaExam,Nhu,CS-H,NAT,2026-05-16T15:02:58.466Z,2,v2,,
seaexam_216,SeaExam,Khang,CS-H,NAT,2026-05-16T16:02:58.466Z,2,v2,,
seaexam_216,SeaExam,Ngoc,CS-H,NAT,2026-05-18T02:54:55.350Z,2,v2,,
seaexam_216,SeaExam,Nhu,CS-H,NAT,2026-05-16T15:02:58.466Z,2,v2,,
seaexam_217,SeaExam,Khang,CS-L,NAT,2026-05-16T16:02:58.466Z,2,v2,,
seaexam_217,SeaExam,Ngoc,CS-L,NAT,2026-05-18T02:54:55.350Z,2,v2,,
seaexam_217,SeaExam,Nhu,CS-L,NAT,2026-05-16T15:02:58.466Z,2,v2,,
seaexam_218,SeaExam,Khang,CS-H,NAT,2026-05-16T16:02:58.466Z,2,v2,,
seaexam_218,SeaExam,Ngoc,CS-H,NAT,2026-05-18T02:54:55.350Z,2,v2,,
seaexam_218,SeaExam,Nhu,CS-H,NAT,2026-05-16T15:02:58.466Z,2,v2,,
seaexam_219,SeaExam,Khang,CS-H,NAT,2026-05-16T16:02:58.466Z,2,v2,,
seaexam_219,SeaExam,Ngoc,CS-H,NAT,2026-05-18T02:54:55.350Z,2,v2,,
seaexam_219,SeaExam,Nhu,CS-H,NAT,2026-05-16T15:02:58.466Z,2,v2,,
seaexam_220,SeaExam,Khang,CS-H,NAT,2026-05-16T16:02:58.466Z,2,v2,,
seaexam_220,SeaExam,Ngoc,CS-H,NAT,2026-05-18T02:54:55.350Z,2,v2,,
seaexam_220,SeaExam,Nhu,CS-H,NAT,2026-05-16T15:02:58.466Z,2,v2,,
seaexam_221,SeaExam,Khang,CS-H,NAT,2026-05-16T16:02:58.466Z,2,v2,,
seaexam_221,SeaExam,Ngoc,CS-H,NAT,2026-05-18T02:54:55.350Z,2,v2,,
seaexam_221,SeaExam,Nhu,CS-H,NAT,2026-05-16T15:02:58.466Z,2,v2,,
seaexam_222,SeaExam,Khang,CS-H,NAT,2026-05-16T16:02:58.466Z,2,v2,,
seaexam_222,SeaExam,Ngoc,CS-H,NAT,2026-05-18T02:54:55.350Z,2,v2,,
seaexam_222,SeaExam,Nhu,CS-H,NAT,2026-05-16T15:02:58.466Z,2,v2,,
seaexam_223,SeaExam,Khang,CS-H,NAT,2026-05-16T16:02:58.466Z,2,v2,,
seaexam_223,SeaExam,Ngoc,CS-H,NAT,2026-05-18T02:54:55.350Z,2,v2,,
seaexam_223,SeaExam,Nhu,CS-H,NAT,2026-05-16T15:02:58.466Z,2,v2,,
seaexam_224,SeaExam,Khang,CS-H,NAT,2026-05-16T16:02:58.466Z,2,v2,,
seaexam_224,SeaExam,Ngoc,CS-H,NAT,2026-05-18T02:54:55.350Z,2,v2,,
seaexam_224,SeaExam,Nhu,CS-H,NAT,2026-05-16T15:02:58.466Z,2,v2,,
seaexam_225,SeaExam,Khang,CS-E,NAT,2026-05-16T16:02:58.466Z,2,v2,,
seaexam_225,SeaExam,Ngoc,CS-H,NAT,2026-05-18T02:54:55.350Z,2,v2,,
seaexam_225,SeaExam,Nhu,CS-H,NAT,2026-05-16T15:02:58.466Z,2,v2,,
seaexam_226,SeaExam,Khang,CS-E,NAT,2026-05-16T16:02:58.466Z,2,v2,,
seaexam_226,SeaExam,Ngoc,CS-E,NAT,2026-05-18T02:54:55.350Z,2,v2,,
seaexam_226,SeaExam,Nhu,CS-E,NAT,2026-05-16T15:02:58.466Z,2,v2,,
seaexam_227,SeaExam,Khang,CS-E,NAT,2026-05-16T16:02:58.466Z,2,v2,,
seaexam_227,SeaExam,Ngoc,CS-H,NAT,2026-05-18T02:54:55.350Z,2,v2,,
seaexam_227,SeaExam,Nhu,CS-H,NAT,2026-05-16T15:02:58.466Z,2,v2,,
seaexam_228,SeaExam,Khang,CS-L,NAT,2026-05-16T16:02:58.466Z,2,v2,,
seaexam_228,SeaExam,Ngoc,CS-L,NAT,2026-05-18T02:54:55.350Z,2,v2,,
seaexam_228,SeaExam,Nhu,CS-L,NAT,2026-05-16T15:02:58.466Z,2,v2,,
seaexam_229,SeaExam,Khang,CS-H,NAT,2026-05-16T16:02:58.466Z,2,v2,,
seaexam_229,SeaExam,Ngoc,CS-E,NAT,2026-05-18T02:54:55.350Z,2,v2,,
seaexam_229,SeaExam,Nhu,CS-H,NAT,2026-05-16T15:02:58.466Z,2,v2,,
seaexam_230,SeaExam,Khang,CS-E,NAT,2026-05-16T16:02:58.466Z,2,v2,,
seaexam_230,SeaExam,Ngoc,CS-E,NAT,2026-05-18T02:54:55.350Z,2,v2,,
seaexam_230,SeaExam,Nhu,CS-E,NAT,2026-05-16T15:02:58.466Z,2,v2,,
seaexam_231,SeaExam,Khang,CA,NAT,2026-05-16T16:02:58.466Z,2,v2,,
seaexam_231,SeaExam,Ngoc,CS-E,NAT,2026-05-18T02:54:55.350Z,2,v2,,
seaexam_231,SeaExam,Nhu,CA,NAT,2026-05-16T15:02:58.466Z,2,v2,,
seaexam_232,SeaExam,Khang,CS-E,NAT,2026-05-16T16:02:58.466Z,2,v2,,
seaexam_232,SeaExam,Ngoc,CS-E,NAT,2026-05-18T02:54:55.350Z,2,v2,,
seaexam_232,SeaExam,Nhu,CS-E,NAT,2026-05-16T15:02:58.466Z,2,v2,,
seaexam_233,SeaExam,Khang,CA,NAT,2026-05-16T16:02:58.466Z,2,v2,,
seaexam_233,SeaExam,Ngoc,CS-L,NAT,2026-05-18T02:54:55.350Z,2,v2,,
seaexam_233,SeaExam,Nhu,CA,NAT,2026-05-16T15:02:58.466Z,2,v2,,
seaexam_234,SeaExam,Khang,CS-E,NAT,2026-05-16T16:02:58.466Z,2,v2,,
seaexam_234,SeaExam,Ngoc,CS-E,NAT,2026-05-18T02:54:55.350Z,2,v2,,
seaexam_234,SeaExam,Nhu,CS-E,NAT,2026-05-16T15:02:58.466Z,2,v2,,
seaexam_235,SeaExam,Khang,CS-E,NAT,2026-05-16T16:02:58.466Z,2,v2,,
seaexam_235,SeaExam,Ngoc,CS-E,NAT,2026-05-18T02:54:55.350Z,2,v2,,
seaexam_235,SeaExam,Nhu,CS-E,NAT,2026-05-16T15:02:58.466Z,2,v2,,
seaexam_236,SeaExam,Khang,CS-H,NAT,2026-05-16T16:02:58.466Z,2,v2,,
seaexam_236,SeaExam,Ngoc,CS-H,NAT,2026-05-18T02:54:55.350Z,2,v2,,
seaexam_236,SeaExam,Nhu,CS-H,NAT,2026-05-16T15:02:58.466Z,2,v2,,
seaexam_237,SeaExam,Khang,CS-H,NAT,2026-05-16T16:02:58.466Z,2,v2,,
seaexam_237,SeaExam,Ngoc,CA,NAT,2026-05-18T02:54:55.350Z,2,v2,,
seaexam_237,SeaExam,Nhu,CA,NAT,2026-05-16T15:02:58.466Z,2,v2,,
seaexam_238,SeaExam,Khang,CS-H,NAT,2026-05-16T16:02:58.466Z,2,v2,,
seaexam_238,SeaExam,Ngoc,CA,NAT,2026-05-18T02:54:55.350Z,2,v2,,
seaexam_238,SeaExam,Nhu,CA,NAT,2026-05-16T15:02:58.466Z,2,v2,,
seaexam_239,SeaExam,Khang,CS-E,NAT,2026-05-16T16:02:58.466Z,2,v2,,
seaexam_239,SeaExam,Ngoc,CS-H,NAT,2026-05-18T02:54:55.350Z,2,v2,,
seaexam_239,SeaExam,Nhu,CS-H,NAT,2026-05-16T15:02:58.466Z,2,v2,,
seaexam_240,SeaExam,Khang,CS-H,NAT,2026-05-16T16:02:58.466Z,2,v2,,
seaexam_240,SeaExam,Ngoc,CS-H,NAT,2026-05-18T02:54:55.350Z,2,v2,,
seaexam_240,SeaExam,Nhu,CS-H,NAT,2026-05-16T15:02:58.466Z,2,v2,,
seaexam_241,SeaExam,Khang,CS-H,NAT,2026-05-16T16:02:58.466Z,2,v2,,
seaexam_241,SeaExam,Ngoc,CA,NAT,2026-05-18T02:54:55.350Z,2,v2,,
seaexam_241,SeaExam,Nhu,CA,NAT,2026-05-16T15:02:58.466Z,2,v2,,
seaexam_242,SeaExam,Khang,CS-H,NAT,2026-05-16T16:02:58.466Z,2,v2,,
seaexam_242,SeaExam,Ngoc,CS-L,NAT,2026-05-18T02:54:55.350Z,2,v2,,
seaexam_242,SeaExam,Nhu,CS-H,NAT,2026-05-16T15:02:58.466Z,2,v2,,
seaexam_243,SeaExam,Khang,CS-H,NAT,2026-05-16T16:02:58.466Z,2,v2,,
seaexam_243,SeaExam,Ngoc,CS-H,NAT,2026-05-18T02:54:55.350Z,2,v2,,
seaexam_243,SeaExam,Nhu,CS-H,NAT,2026-05-16T15:02:58.466Z,2,v2,,
seaexam_244,SeaExam,Khang,CA,NAT,2026-05-16T16:02:58.466Z,2,v2,,
seaexam_244,SeaExam,Ngoc,CA,NAT,2026-05-18T02:54:55.350Z,2,v2,,
seaexam_244,SeaExam,Nhu,CA,NAT,2026-05-16T15:02:58.466Z,2,v2,,
seaexam_245,SeaExam,Khang,CS-H,NAT,2026-05-16T16:02:58.466Z,2,v2,,
seaexam_245,SeaExam,Ngoc,CS-H,NAT,2026-05-18T02:54:55.350Z,2,v2,,
seaexam_245,SeaExam,Nhu,CS-H,NAT,2026-05-16T15:02:58.466Z,2,v2,,
seaexam_246,SeaExam,Khang,CS-H,NAT,2026-05-16T16:02:58.466Z,2,v2,,
seaexam_246,SeaExam,Ngoc,CA,NAT,2026-05-18T02:54:55.350Z,2,v2,,
seaexam_246,SeaExam,Nhu,CA,NAT,2026-05-16T15:02:58.466Z,2,v2,,
seaexam_247,SeaExam,Khang,CS-H,NAT,2026-05-16T16:02:58.466Z,2,v2,,
seaexam_247,SeaExam,Ngoc,CA,NAT,2026-05-18T02:54:55.350Z,2,v2,,
seaexam_247,SeaExam,Nhu,CA,NAT,2026-05-16T15:02:58.466Z,2,v2,,
seaexam_248,SeaExam,Khang,CA,NAT,2026-05-16T16:02:58.466Z,2,v2,,
seaexam_248,SeaExam,Ngoc,CA,NAT,2026-05-18T02:54:55.350Z,2,v2,,
seaexam_248,SeaExam,Nhu,CA,NAT,2026-05-16T15:02:58.466Z,2,v2,,
seaexam_249,SeaExam,Khang,CS-H,NAT,2026-05-16T16:02:58.466Z,2,v2,,
seaexam_249,SeaExam,Ngoc,CS-H,NAT,2026-05-18T02:54:55.350Z,2,v2,,
seaexam_249,SeaExam,Nhu,CS-H,NAT,2026-05-16T15:02:58.466Z,2,v2,,
seaexam_250,SeaExam,Khang,CS-H,NAT,2026-05-16T16:02:58.466Z,2,v2,,
seaexam_250,SeaExam,Ngoc,CS-H,NAT,2026-05-19T10:14:35.570Z,2,v2,,
seaexam_250,SeaExam,Nhu,CS-H,NAT,2026-05-16T15:02:58.466Z,2,v2,,
seaexam_251,SeaExam,Khang,CS-H,NAT,2026-05-16T16:02:58.466Z,2,v2,,
seaexam_251,SeaExam,Ngoc,CS-H,NAT,2026-05-19T10:14:35.570Z,2,v2,,
seaexam_251,SeaExam,Nhu,CS-H,NAT,2026-05-16T15:02:58.466Z,2,v2,,
seaexam_252,SeaExam,Khang,CS-H,NAT,2026-05-16T16:02:58.466Z,2,v2,,
seaexam_252,SeaExam,Ngoc,CS-H,NAT,2026-05-19T10:14:35.570Z,2,v2,,
seaexam_252,SeaExam,Nhu,CS-H,NAT,2026-05-16T15:02:58.466Z,2,v2,,
seaexam_253,SeaExam,Khang,CS-H,NAT,2026-05-16T16:02:58.466Z,2,v2,,
seaexam_253,SeaExam,Ngoc,CS-H,NAT,2026-05-19T10:14:35.570Z,2,v2,,
seaexam_253,SeaExam,Nhu,CS-H,NAT,2026-05-16T15:02:58.466Z,2,v2,,
seaexam_254,SeaExam,Khang,CS-H,NAT,2026-05-16T16:02:58.466Z,2,v2,,
seaexam_254,SeaExam,Ngoc,CS-H,NAT,2026-05-19T10:14:35.570Z,2,v2,,
seaexam_254,SeaExam,Nhu,CS-H,NAT,2026-05-16T15:02:58.466Z,2,v2,,
seaexam_255,SeaExam,Khang,CS-H,NAT,2026-05-16T16:02:58.466Z,2,v2,,
seaexam_255,SeaExam,Ngoc,CS-H,NAT,2026-05-19T10:14:35.570Z,2,v2,,
seaexam_255,SeaExam,Nhu,CS-H,NAT,2026-05-16T15:02:58.466Z,2,v2,,
seaexam_256,SeaExam,Khang,CA,NAT,2026-05-16T16:02:58.466Z,2,v2,,
seaexam_256,SeaExam,Ngoc,CA,NAT,2026-05-19T10:14:35.570Z,2,v2,,
seaexam_256,SeaExam,Nhu,CA,NAT,2026-05-16T15:02:58.466Z,2,v2,,
seaexam_257,SeaExam,Khang,CS-H,NAT,2026-05-16T16:02:58.466Z,2,v2,,
seaexam_257,SeaExam,Ngoc,CA,NAT,2026-05-19T10:14:35.570Z,2,v2,,
seaexam_257,SeaExam,Nhu,CA,NAT,2026-05-16T15:02:58.466Z,2,v2,,
seaexam_258,SeaExam,Khang,CS-H,NAT,2026-05-16T16:02:58.466Z,2,v2,,
seaexam_258,SeaExam,Ngoc,CA,NAT,2026-05-19T10:14:35.570Z,2,v2,,
seaexam_258,SeaExam,Nhu,CA,NAT,2026-05-16T15:02:58.466Z,2,v2,,
seaexam_259,SeaExam,Khang,CS-E,NAT,2026-05-16T16:02:58.466Z,2,v2,,
seaexam_259,SeaExam,Ngoc,CS-E,NAT,2026-05-19T10:14:35.570Z,2,v2,,
seaexam_259,SeaExam,Nhu,CS-E,NAT,2026-05-16T15:02:58.466Z,2,v2,,
seaexam_260,SeaExam,Khang,CS-H,NAT,2026-05-16T16:02:58.466Z,2,v2,,
seaexam_260,SeaExam,Ngoc,CS-H,NAT,2026-05-19T10:14:35.570Z,2,v2,,
seaexam_260,SeaExam,Nhu,CS-H,NAT,2026-05-16T15:02:58.466Z,2,v2,,
seaexam_261,SeaExam,Khang,CS-H,NAT,2026-05-16T16:02:58.466Z,2,v2,,
seaexam_261,SeaExam,Ngoc,CS-H,NAT,2026-05-19T10:14:35.570Z,2,v2,,
seaexam_261,SeaExam,Nhu,CS-H,NAT,2026-05-16T15:02:58.466Z,2,v2,,
seaexam_262,SeaExam,Khang,CS-H,NAT,2026-05-16T16:02:58.466Z,2,v2,,
seaexam_262,SeaExam,Ngoc,CS-H,NAT,2026-05-19T10:14:35.570Z,2,v2,,
seaexam_262,SeaExam,Nhu,CS-H,NAT,2026-05-16T15:02:58.466Z,2,v2,,
seaexam_263,SeaExam,Khang,CS-L,NAT,2026-05-16T16:02:58.466Z,2,v2,,
seaexam_263,SeaExam,Ngoc,CS-L,NAT,2026-05-19T10:14:35.570Z,2,v2,,
seaexam_263,SeaExam,Nhu,CS-L,NAT,2026-05-16T15:02:58.466Z,2,v2,,
seaexam_264,SeaExam,Khang,CS-H,NAT,2026-05-16T16:02:58.466Z,2,v2,,
seaexam_264,SeaExam,Ngoc,CS-H,NAT,2026-05-19T10:14:35.570Z,2,v2,,
seaexam_264,SeaExam,Nhu,CS-H,NAT,2026-05-16T15:02:58.466Z,2,v2,,
seaexam_265,SeaExam,Khang,CS-E,NAT,2026-05-16T16:02:58.466Z,2,v2,,
seaexam_265,SeaExam,Ngoc,CS-E,NAT,2026-05-19T10:14:35.570Z,2,v2,,
seaexam_265,SeaExam,Nhu,CS-E,NAT,2026-05-16T15:02:58.466Z,2,v2,,
seaexam_266,SeaExam,Khang,CS-H,NAT,2026-05-16T16:02:58.466Z,2,v2,,
seaexam_266,SeaExam,Ngoc,CS-H,NAT,2026-05-19T10:14:35.570Z,2,v2,,
seaexam_266,SeaExam,Nhu,CS-H,NAT,2026-05-16T15:02:58.466Z,2,v2,,
seaexam_267,SeaExam,Khang,CS-E,NAT,2026-05-16T16:02:58.466Z,2,v2,,
seaexam_267,SeaExam,Ngoc,UNK,NAT,2026-05-19T10:14:35.570Z,2,v2,,
seaexam_267,SeaExam,Nhu,CS-E,NAT,2026-05-16T15:02:58.466Z,2,v2,,
seaexam_268,SeaExam,Khang,CS-L,NAT,2026-05-16T16:02:58.466Z,2,v2,,
seaexam_268,SeaExam,Ngoc,CS-L,NAT,2026-05-19T10:14:35.570Z,2,v2,,
seaexam_268,SeaExam,Nhu,CS-L,NAT,2026-05-16T15:02:58.466Z,2,v2,,
seaexam_269,SeaExam,Khang,CA,NAT,2026-05-16T16:02:58.466Z,2,v2,,
seaexam_269,SeaExam,Ngoc,CA,NAT,2026-05-19T10:14:35.570Z,2,v2,,
seaexam_269,SeaExam,Nhu,CA,NAT,2026-05-16T15:02:58.466Z,2,v2,,
seaexam_270,SeaExam,Khang,CS-H,NAT,2026-05-16T16:02:58.466Z,2,v2,,
seaexam_270,SeaExam,Ngoc,CS-E,NAT,2026-05-19T10:14:35.570Z,2,v2,,
seaexam_270,SeaExam,Nhu,CS-H,NAT,2026-05-16T15:02:58.466Z,2,v2,,
seaexam_271,SeaExam,Khang,CS-H,NAT,2026-05-16T16:02:58.466Z,2,v2,,
seaexam_271,SeaExam,Ngoc,CS-H,NAT,2026-05-19T10:14:35.570Z,2,v2,,
seaexam_271,SeaExam,Nhu,CS-H,NAT,2026-05-16T15:02:58.466Z,2,v2,,
seaexam_272,SeaExam,Khang,CA,NAT,2026-05-16T16:02:58.466Z,2,v2,,
seaexam_272,SeaExam,Ngoc,CA,NAT,2026-05-19T10:14:35.570Z,2,v2,,
seaexam_272,SeaExam,Nhu,CA,NAT,2026-05-16T15:02:58.466Z,2,v2,,
seaexam_273,SeaExam,Khang,CS-H,NAT,2026-05-16T16:02:58.466Z,2,v2,,
seaexam_273,SeaExam,Ngoc,CS-E,NAT,2026-05-19T10:14:35.570Z,2,v2,,
seaexam_273,SeaExam,Nhu,CS-H,NAT,2026-05-16T15:02:58.466Z,2,v2,,
seaexam_274,SeaExam,Khang,CS-H,NAT,2026-05-16T16:02:58.466Z,2,v2,,
seaexam_274,SeaExam,Ngoc,CS-H,NAT,2026-05-19T10:14:35.570Z,2,v2,,
seaexam_274,SeaExam,Nhu,CS-H,NAT,2026-05-16T15:02:58.466Z,2,v2,,
seaexam_275,SeaExam,Khang,CA,NAT,2026-05-16T16:02:58.466Z,2,v2,,
seaexam_275,SeaExam,Ngoc,CA,NAT,2026-05-19T10:14:35.570Z,2,v2,,
seaexam_275,SeaExam,Nhu,CA,NAT,2026-05-16T15:02:58.466Z,2,v2,,
seaexam_276,SeaExam,Khang,CS-E,NAT,2026-05-16T16:02:58.466Z,2,v2,,
seaexam_276,SeaExam,Ngoc,CA,NAT,2026-05-19T10:14:35.570Z,2,v2,,
seaexam_276,SeaExam,Nhu,CS-E,NAT,2026-05-16T15:02:58.466Z,2,v2,,
seaexam_277,SeaExam,Khang,CS-E,NAT,2026-05-16T16:02:58.466Z,2,v2,,
seaexam_277,SeaExam,Ngoc,CS-E,NAT,2026-05-19T10:14:35.570Z,2,v2,,
seaexam_277,SeaExam,Nhu,CS-E,NAT,2026-05-16T15:02:58.466Z,2,v2,,
seaexam_278,SeaExam,Khang,CS-E,NAT,2026-05-16T16:02:58.466Z,2,v2,,
seaexam_278,SeaExam,Ngoc,CS-P,NAT,2026-05-19T10:14:35.570Z,2,v2,,
seaexam_278,SeaExam,Nhu,CS-E,NAT,2026-05-16T15:02:58.466Z,2,v2,,
seaexam_279,SeaExam,Khang,CS-E,NAT,2026-05-16T16:02:58.466Z,2,v2,,
seaexam_279,SeaExam,Ngoc,CS-H,NAT,2026-05-19T10:14:35.570Z,2,v2,,
seaexam_279,SeaExam,Nhu,CS-E,NAT,2026-05-16T15:02:58.466Z,2,v2,,
seaexam_280,SeaExam,Khang,CS-H,NAT,2026-05-16T16:02:58.466Z,2,v2,,
seaexam_280,SeaExam,Ngoc,CS-H,NAT,2026-05-19T10:14:35.570Z,2,v2,,
seaexam_280,SeaExam,Nhu,CS-H,NAT,2026-05-16T15:02:58.466Z,2,v2,,
seaexam_281,SeaExam,Khang,CS-E,NAT,2026-05-16T16:02:58.466Z,2,v2,,
seaexam_281,SeaExam,Ngoc,CS-E,NAT,2026-05-19T10:14:35.570Z,2,v2,,
seaexam_281,SeaExam,Nhu,CS-E,NAT,2026-05-16T15:02:58.466Z,2,v2,,
seaexam_282,SeaExam,Khang,CS-E,NAT,2026-05-16T16:02:58.466Z,2,v2,,
seaexam_282,SeaExam,Ngoc,CS-H,NAT,2026-05-19T10:14:35.570Z,2,v2,,
seaexam_282,SeaExam,Nhu,CS-H,NAT,2026-05-16T15:02:58.466Z,2,v2,,
seaexam_283,SeaExam,Khang,CS-E,NAT,2026-05-16T16:02:58.466Z,2,v2,,
seaexam_283,SeaExam,Ngoc,CS-E,NAT,2026-05-19T10:14:35.570Z,2,v2,,
seaexam_283,SeaExam,Nhu,CS-E,NAT,2026-05-16T15:02:58.466Z,2,v2,,
seaexam_284,SeaExam,Khang,CS-E,NAT,2026-05-16T16:02:58.466Z,2,v2,,
seaexam_284,SeaExam,Ngoc,CS-E,NAT,2026-05-19T10:14:35.570Z,2,v2,,
seaexam_284,SeaExam,Nhu,CS-E,NAT,2026-05-16T15:02:58.466Z,2,v2,,
seaexam_285,SeaExam,Khang,CS-H,NAT,2026-05-16T16:02:58.466Z,2,v2,,
seaexam_285,SeaExam,Ngoc,CS-H,NAT,2026-05-19T10:14:35.570Z,2,v2,,
seaexam_285,SeaExam,Nhu,CS-H,NAT,2026-05-16T15:02:58.466Z,2,v2,,
seaexam_286,SeaExam,Khang,CS-E,NAT,2026-05-16T16:02:58.466Z,2,v2,,
seaexam_286,SeaExam,Ngoc,CA,NAT,2026-05-19T10:14:35.570Z,2,v2,,
seaexam_286,SeaExam,Nhu,CS-E,NAT,2026-05-16T15:02:58.466Z,2,v2,,
seaexam_287,SeaExam,Khang,CS-H,NAT,2026-05-16T16:02:58.466Z,2,v2,,
seaexam_287,SeaExam,Ngoc,CS-H,NAT,2026-05-19T10:14:35.570Z,2,v2,,
seaexam_287,SeaExam,Nhu,CS-H,NAT,2026-05-16T15:02:58.466Z,2,v2,,
seaexam_288,SeaExam,Khang,CS-E,NAT,2026-05-16T16:02:58.466Z,2,v2,,
seaexam_288,SeaExam,Ngoc,CS-E,NAT,2026-05-19T10:14:35.570Z,2,v2,,
seaexam_288,SeaExam,Nhu,CS-E,NAT,2026-05-16T15:02:58.466Z,2,v2,,
seaexam_289,SeaExam,Khang,CS-E,NAT,2026-05-16T16:02:58.466Z,2,v2,,
seaexam_289,SeaExam,Ngoc,CS-H,NAT,2026-05-19T10:14:35.570Z,2,v2,,
seaexam_289,SeaExam,Nhu,CS-H,NAT,2026-05-16T15:02:58.466Z,2,v2,,
seaexam_290,SeaExam,Khang,CS-E,NAT,2026-05-16T16:02:58.466Z,2,v2,,
seaexam_290,SeaExam,Ngoc,CS-E,NAT,2026-05-19T10:14:35.570Z,2,v2,,
seaexam_290,SeaExam,Nhu,CS-E,NAT,2026-05-16T15:02:58.466Z,2,v2,,
seaexam_291,SeaExam,Khang,CS-H,NAT,2026-05-16T16:02:58.466Z,2,v2,,
seaexam_291,SeaExam,Ngoc,CS-H,NAT,2026-05-19T10:14:35.570Z,2,v2,,
seaexam_291,SeaExam,Nhu,CS-H,NAT,2026-05-16T15:02:58.466Z,2,v2,,
seaexam_292,SeaExam,Khang,CS-H,NAT,2026-05-16T16:02:58.466Z,2,v2,,
seaexam_292,SeaExam,Ngoc,CA,NAT,2026-05-19T10:14:35.570Z,2,v2,,
seaexam_292,SeaExam,Nhu,CA,NAT,2026-05-16T15:02:58.466Z,2,v2,,
seaexam_293,SeaExam,Khang,CA,NAT,2026-05-16T16:02:58.466Z,2,v2,,
seaexam_293,SeaExam,Ngoc,CA,NAT,2026-05-19T10:14:35.570Z,2,v2,,
seaexam_293,SeaExam,Nhu,CA,NAT,2026-05-16T15:02:58.466Z,2,v2,,
seaexam_294,SeaExam,Khang,CS-E,NAT,2026-05-16T16:02:58.466Z,2,v2,,
seaexam_294,SeaExam,Ngoc,CS-E,NAT,2026-05-19T10:14:35.570Z,2,v2,,
seaexam_294,SeaExam,Nhu,CS-E,NAT,2026-05-16T15:02:58.466Z,2,v2,,
seaexam_295,SeaExam,Khang,CS-H,NAT,2026-05-16T16:02:58.466Z,2,v2,,
seaexam_295,SeaExam,Ngoc,CA,NAT,2026-05-19T10:14:35.570Z,2,v2,,
seaexam_295,SeaExam,Nhu,CA,NAT,2026-05-16T15:02:58.466Z,2,v2,,
seaexam_296,SeaExam,Khang,CS-H,NAT,2026-05-16T16:02:58.466Z,2,v2,,
seaexam_296,SeaExam,Ngoc,CA,NAT,2026-05-19T10:14:35.570Z,2,v2,,
seaexam_296,SeaExam,Nhu,CS-H,NAT,2026-05-16T15:02:58.466Z,2,v2,,
seaexam_297,SeaExam,Khang,CS-H,NAT,2026-05-16T16:02:58.466Z,2,v2,,
seaexam_297,SeaExam,Ngoc,CS-H,NAT,2026-05-19T10:14:35.570Z,2,v2,,
seaexam_297,SeaExam,Nhu,CS-H,NAT,2026-05-16T15:02:58.466Z,2,v2,,
seaexam_298,SeaExam,Khang,CS-H,NAT,2026-05-16T16:02:58.466Z,2,v2,,
seaexam_298,SeaExam,Ngoc,CA,NAT,2026-05-19T10:14:35.570Z,2,v2,,
seaexam_298,SeaExam,Nhu,CA,NAT,2026-05-16T15:02:58.466Z,2,v2,,
seaexam_299,SeaExam,Khang,CS-E,NAT,2026-05-16T16:02:58.466Z,2,v2,,
seaexam_299,SeaExam,Ngoc,CS-E,NAT,2026-05-19T10:14:35.570Z,2,v2,,
seaexam_299,SeaExam,Nhu,CS-E,NAT,2026-05-16T15:02:58.466Z,2,v2,,
seaexam_300,SeaExam,Khang,CA,NAT,2026-05-16T16:02:58.466Z,2,v2,,
seaexam_300,SeaExam,Ngoc,CA,NAT,2026-05-19T10:14:35.570Z,2,v2,,
seaexam_300,SeaExam,Nhu,CA,NAT,2026-05-16T15:02:58.466Z,2,v2,,
seaexam_301,SeaExam,Khang,CS-H,NAT,2026-05-16T16:02:58.466Z,2,v2,,
seaexam_301,SeaExam,Ngoc,CS-H,NAT,2026-05-19T10:14:35.570Z,2,v2,,
seaexam_301,SeaExam,Nhu,CS-H,NAT,2026-05-16T15:02:58.466Z,2,v2,,
seaexam_302,SeaExam,Khang,CS-H,NAT,2026-05-16T16:02:58.466Z,2,v2,,
seaexam_302,SeaExam,Ngoc,CS-H,NAT,2026-05-19T10:14:35.570Z,2,v2,,
seaexam_302,SeaExam,Nhu,CS-H,NAT,2026-05-16T15:02:58.466Z,2,v2,,
seaexam_303,SeaExam,Khang,CS-H,NAT,2026-05-16T16:02:58.466Z,2,v2,,
seaexam_303,SeaExam,Ngoc,CS-H,NAT,2026-05-19T10:14:35.570Z,2,v2,,
seaexam_303,SeaExam,Nhu,CS-H,NAT,2026-05-16T15:02:58.466Z,2,v2,,
seaexam_304,SeaExam,Khang,CS-L,NAT,2026-05-16T16:02:58.466Z,2,v2,,
seaexam_304,SeaExam,Ngoc,CS-L,NAT,2026-05-19T10:14:35.570Z,2,v2,,
seaexam_304,SeaExam,Nhu,CS-L,NAT,2026-05-16T15:02:58.466Z,2,v2,,
seaexam_305,SeaExam,Khang,CS-H,NAT,2026-05-16T16:02:58.466Z,2,v2,,
seaexam_305,SeaExam,Ngoc,CS-H,NAT,2026-05-19T10:14:35.570Z,2,v2,,
seaexam_305,SeaExam,Nhu,CS-H,NAT,2026-05-16T15:02:58.466Z,2,v2,,
seaexam_306,SeaExam,Khang,CS-H,NAT,2026-05-16T16:02:58.466Z,2,v2,,
seaexam_306,SeaExam,Ngoc,CS-H,NAT,2026-05-19T10:14:35.570Z,2,v2,,
seaexam_306,SeaExam,Nhu,CS-H,NAT,2026-05-16T15:02:58.466Z,2,v2,,
seaexam_307,SeaExam,Khang,CS-E,NAT,2026-05-16T16:02:58.466Z,2,v2,,
seaexam_307,SeaExam,Ngoc,CS-H,NAT,2026-05-19T10:14:35.570Z,2,v2,,
seaexam_307,SeaExam,Nhu,CS-E,NAT,2026-05-16T15:02:58.466Z,2,v2,,
seaexam_308,SeaExam,Khang,CS-E,NAT,2026-05-16T16:02:58.466Z,2,v2,,
seaexam_308,SeaExam,Ngoc,CS-E,NAT,2026-05-19T10:14:35.570Z,2,v2,,
seaexam_308,SeaExam,Nhu,CS-E,NAT,2026-05-16T15:02:58.466Z,2,v2,,
seaexam_309,SeaExam,Khang,CS-H,NAT,2026-05-16T16:02:58.466Z,2,v2,,
seaexam_309,SeaExam,Ngoc,CS-H,NAT,2026-05-19T10:14:35.570Z,2,v2,,
seaexam_309,SeaExam,Nhu,CS-H,NAT,2026-05-16T15:02:58.466Z,2,v2,,
seaexam_310,SeaExam,Khang,CA,NAT,2026-05-16T16:02:58.466Z,2,v2,,
seaexam_310,SeaExam,Ngoc,CA,NAT,2026-05-19T10:14:35.570Z,2,v2,,
seaexam_310,SeaExam,Nhu,CA,NAT,2026-05-16T15:02:58.466Z,2,v2,,
seaexam_311,SeaExam,Khang,CS-E,NAT,2026-05-16T16:02:58.466Z,2,v2,,
seaexam_311,SeaExam,Ngoc,CS-E,NAT,2026-05-19T10:14:35.570Z,2,v2,,
seaexam_311,SeaExam,Nhu,CS-E,NAT,2026-05-16T15:02:58.466Z,2,v2,,
seaexam_312,SeaExam,Khang,CS-E,NAT,2026-05-16T16:02:58.466Z,2,v2,,
seaexam_312,SeaExam,Ngoc,CS-E,NAT,2026-05-19T10:14:35.570Z,2,v2,,
seaexam_312,SeaExam,Nhu,CS-E,NAT,2026-05-16T15:02:58.466Z,2,v2,,
seaexam_313,SeaExam,Khang,CS-H,NAT,2026-05-16T16:02:58.466Z,2,v2,,
seaexam_313,SeaExam,Ngoc,CS-H,NAT,2026-05-19T10:14:35.570Z,2,v2,,
seaexam_313,SeaExam,Nhu,CS-H,NAT,2026-05-16T15:02:58.466Z,2,v2,,
seaexam_314,SeaExam,Khang,CS-H,NAT,2026-05-16T16:02:58.466Z,2,v2,,
seaexam_314,SeaExam,Ngoc,CS-H,NAT,2026-05-19T10:14:35.570Z,2,v2,,
seaexam_314,SeaExam,Nhu,CS-H,NAT,2026-05-16T15:02:58.466Z,2,v2,,
seaexam_315,SeaExam,Khang,CS-H,NAT,2026-05-16T16:02:58.466Z,2,v2,,
seaexam_315,SeaExam,Ngoc,CS-H,NAT,2026-05-19T10:14:35.570Z,2,v2,,
seaexam_315,SeaExam,Nhu,CS-H,NAT,2026-05-16T15:02:58.466Z,2,v2,,
seaexam_316,SeaExam,Khang,CS-H,NAT,2026-05-16T16:02:58.466Z,2,v2,,
seaexam_316,SeaExam,Ngoc,CA,NAT,2026-05-19T10:14:35.570Z,2,v2,,
seaexam_316,SeaExam,Nhu,CA,NAT,2026-05-16T15:02:58.466Z,2,v2,,
seaexam_317,SeaExam,Khang,CS-E,NAT,2026-05-16T16:02:58.466Z,2,v2,,
seaexam_317,SeaExam,Ngoc,CS-E,NAT,2026-05-19T10:14:35.570Z,2,v2,,
seaexam_317,SeaExam,Nhu,CS-E,NAT,2026-05-16T15:02:58.466Z,2,v2,,
seaexam_318,SeaExam,Khang,CS-H,NAT,2026-05-16T16:02:58.466Z,2,v2,,
seaexam_318,SeaExam,Ngoc,CS-H,NAT,2026-05-19T10:14:35.570Z,2,v2,,
seaexam_318,SeaExam,Nhu,CS-H,NAT,2026-05-16T15:02:58.466Z,2,v2,,
seaexam_319,SeaExam,Khang,CS-H,NAT,2026-05-16T16:02:58.466Z,2,v2,,
seaexam_319,SeaExam,Ngoc,CS-H,NAT,2026-05-19T10:14:35.570Z,2,v2,,
seaexam_319,SeaExam,Nhu,CS-H,NAT,2026-05-16T15:02:58.466Z,2,v2,,
seaexam_320,SeaExam,Khang,CS-H,NAT,2026-05-16T16:02:58.466Z,2,v2,,
seaexam_320,SeaExam,Ngoc,CS-H,NAT,2026-05-19T10:14:35.570Z,2,v2,,
seaexam_320,SeaExam,Nhu,CS-H,NAT,2026-05-16T15:02:58.466Z,2,v2,,
seaexam_321,SeaExam,Khang,CS-H,NAT,2026-05-16T16:02:58.466Z,2,v2,,
seaexam_321,SeaExam,Ngoc,CA,NAT,2026-05-19T10:14:35.570Z,2,v2,,
seaexam_321,SeaExam,Nhu,CA,NAT,2026-05-16T15:02:58.466Z,2,v2,,
seaexam_322,SeaExam,Khang,CS-H,NAT,2026-05-16T16:02:58.466Z,2,v2,,
seaexam_322,SeaExam,Ngoc,CA,NAT,2026-05-19T10:14:35.570Z,2,v2,,
seaexam_322,SeaExam,Nhu,CA,NAT,2026-05-16T15:02:58.466Z,2,v2,,
seaexam_323,SeaExam,Khang,CS-H,NAT,2026-05-16T16:02:58.466Z,2,v2,,
seaexam_323,SeaExam,Ngoc,CS-H,NAT,2026-05-19T10:14:35.570Z,2,v2,,
seaexam_323,SeaExam,Nhu,CS-H,NAT,2026-05-16T15:02:58.466Z,2,v2,,
seaexam_324,SeaExam,Khang,CA,NAT,2026-05-16T16:02:58.466Z,2,v2,,
seaexam_324,SeaExam,Ngoc,CA,NAT,2026-05-19T10:14:35.570Z,2,v2,,
seaexam_324,SeaExam,Nhu,CA,NAT,2026-05-16T15:02:58.466Z,2,v2,,
seaexam_325,SeaExam,Khang,CS-H,NAT,2026-05-16T16:02:58.466Z,2,v2,,
seaexam_325,SeaExam,Ngoc,CS-H,NAT,2026-05-19T10:14:35.570Z,2,v2,,
seaexam_325,SeaExam,Nhu,CS-H,NAT,2026-05-16T15:02:58.466Z,2,v2,,
seaexam_326,SeaExam,Khang,CS-H,NAT,2026-05-16T16:02:58.466Z,2,v2,,
seaexam_326,SeaExam,Ngoc,CA,NAT,2026-05-19T10:14:35.570Z,2,v2,,
seaexam_326,SeaExam,Nhu,CA,NAT,2026-05-16T15:02:58.466Z,2,v2,,
seaexam_327,SeaExam,Khang,CS-E,NAT,2026-05-16T16:02:58.466Z,2,v2,,
seaexam_327,SeaExam,Ngoc,CS-E,NAT,2026-05-19T10:14:35.570Z,2,v2,,
seaexam_327,SeaExam,Nhu,CS-E,NAT,2026-05-16T15:02:58.466Z,2,v2,,
seaexam_328,SeaExam,Khang,CS-H,NAT,2026-05-16T16:02:58.466Z,2,v2,,
seaexam_328,SeaExam,Ngoc,CA,NAT,2026-05-19T10:14:35.570Z,2,v2,,
seaexam_328,SeaExam,Nhu,CA,NAT,2026-05-16T15:02:58.466Z,2,v2,,
seaexam_329,SeaExam,Khang,CS-H,NAT,2026-05-16T16:02:58.466Z,2,v2,,
seaexam_329,SeaExam,Ngoc,CS-H,NAT,2026-05-19T10:14:35.570Z,2,v2,,
seaexam_329,SeaExam,Nhu,CS-H,NAT,2026-05-16T15:02:58.466Z,2,v2,,
seaexam_330,SeaExam,Khang,CS-H,NAT,2026-05-16T16:02:58.466Z,2,v2,,
seaexam_330,SeaExam,Ngoc,CS-H,NAT,2026-05-19T10:14:35.570Z,2,v2,,
seaexam_330,SeaExam,Nhu,CS-H,NAT,2026-05-16T15:02:58.466Z,2,v2,,
seaexam_331,SeaExam,Khang,CS-E,NAT,2026-05-16T16:02:58.466Z,2,v2,,
seaexam_331,SeaExam,Ngoc,CS-E,NAT,2026-05-19T10:14:35.570Z,2,v2,,
seaexam_331,SeaExam,Nhu,CS-E,NAT,2026-05-16T15:02:58.466Z,2,v2,,
seaexam_332,SeaExam,Khang,CS-E,NAT,2026-05-16T16:02:58.466Z,2,v2,,
seaexam_332,SeaExam,Ngoc,CS-E,NAT,2026-05-19T10:14:35.570Z,2,v2,,
seaexam_332,SeaExam,Nhu,CS-E,NAT,2026-05-16T15:02:58.466Z,2,v2,,
seaexam_333,SeaExam,Khang,CS-E,NAT,2026-05-16T16:02:58.466Z,2,v2,,
seaexam_333,SeaExam,Ngoc,CS-E,NAT,2026-05-19T10:14:35.570Z,2,v2,,
seaexam_333,SeaExam,Nhu,CS-E,NAT,2026-05-16T15:02:58.466Z,2,v2,,
seaexam_334,SeaExam,Khang,CS-H,NAT,2026-05-16T16:02:58.466Z,2,v2,,
seaexam_334,SeaExam,Ngoc,CA,NAT,2026-05-19T10:14:35.570Z,2,v2,,
seaexam_334,SeaExam,Nhu,CS-H,NAT,2026-05-16T15:02:58.466Z,2,v2,,
seaexam_335,SeaExam,Khang,CS-L,NAT,2026-05-16T16:02:58.466Z,2,v2,,
seaexam_335,SeaExam,Ngoc,CS-L,NAT,2026-05-19T10:14:35.570Z,2,v2,,
seaexam_335,SeaExam,Nhu,CS-L,NAT,2026-05-16T15:02:58.466Z,2,v2,,
seaexam_336,SeaExam,Khang,CS-H,NAT,2026-05-16T16:02:58.466Z,2,v2,,
seaexam_336,SeaExam,Ngoc,CS-H,NAT,2026-05-19T10:14:35.570Z,2,v2,,
seaexam_336,SeaExam,Nhu,CS-H,NAT,2026-05-16T15:02:58.466Z,2,v2,,
seaexam_337,SeaExam,Khang,CS-E,NAT,2026-05-16T16:02:58.466Z,2,v2,,
seaexam_337,SeaExam,Ngoc,CS-E,NAT,2026-05-19T10:14:35.570Z,2,v2,,
seaexam_337,SeaExam,Nhu,CS-E,NAT,2026-05-16T15:02:58.466Z,2,v2,,
seaexam_338,SeaExam,Khang,CS-H,NAT,2026-05-16T16:02:58.466Z,2,v2,,
seaexam_338,SeaExam,Ngoc,CS-H,NAT,2026-05-19T10:14:35.570Z,2,v2,,
seaexam_338,SeaExam,Nhu,CS-H,NAT,2026-05-16T15:02:58.466Z,2,v2,,
seaexam_339,SeaExam,Khang,CS-H,NAT,2026-05-16T16:02:58.466Z,2,v2,,
seaexam_339,SeaExam,Ngoc,CS-H,NAT,2026-05-19T10:14:35.570Z,2,v2,,
seaexam_339,SeaExam,Nhu,CS-H,NAT,2026-05-16T15:02:58.466Z,2,v2,,
seaexam_340,SeaExam,Khang,CS-H,NAT,2026-05-16T16:02:58.466Z,2,v2,,
seaexam_340,SeaExam,Ngoc,CA,NAT,2026-05-19T10:14:35.570Z,2,v2,,
seaexam_340,SeaExam,Nhu,CS-H,NAT,2026-05-16T15:02:58.466Z,2,v2,,
seaexam_341,SeaExam,Khang,CS-H,NAT,2026-05-16T16:02:58.466Z,2,v2,,
seaexam_341,SeaExam,Ngoc,CS-E,NAT,2026-05-19T10:14:35.570Z,2,v2,,
seaexam_341,SeaExam,Nhu,CS-H,NAT,2026-05-16T15:02:58.466Z,2,v2,,
seaexam_342,SeaExam,Khang,CS-E,NAT,2026-05-16T16:02:58.466Z,2,v2,,
seaexam_342,SeaExam,Ngoc,CS-H,NAT,2026-05-19T10:14:35.570Z,2,v2,,
seaexam_342,SeaExam,Nhu,CS-E,NAT,2026-05-16T15:02:58.466Z,2,v2,,
seaexam_343,SeaExam,Khang,CS-L,NAT,2026-05-16T16:02:58.466Z,2,v2,,
seaexam_343,SeaExam,Ngoc,CS-L,NAT,2026-05-19T10:14:35.570Z,2,v2,,
seaexam_343,SeaExam,Nhu,CS-L,NAT,2026-05-16T15:02:58.466Z,2,v2,,
seaexam_344,SeaExam,Khang,CS-H,NAT,2026-05-16T16:02:58.466Z,2,v2,,
seaexam_344,SeaExam,Ngoc,CS-H,NAT,2026-05-19T10:14:35.570Z,2,v2,,
seaexam_344,SeaExam,Nhu,CS-H,NAT,2026-05-16T15:02:58.466Z,2,v2,,
seaexam_345,SeaExam,Khang,CS-E,NAT,2026-05-16T16:02:58.466Z,2,v2,,
seaexam_345,SeaExam,Ngoc,CS-E,NAT,2026-05-19T10:14:35.570Z,2,v2,,
seaexam_345,SeaExam,Nhu,CS-E,NAT,2026-05-16T15:02:58.466Z,2,v2,,
seaexam_346,SeaExam,Khang,CS-H,NAT,2026-05-16T16:02:58.466Z,2,v2,,
seaexam_346,SeaExam,Ngoc,CS-H,NAT,2026-05-19T10:14:35.570Z,2,v2,,
seaexam_346,SeaExam,Nhu,CS-H,NAT,2026-05-16T15:02:58.466Z,2,v2,,
seaexam_347,SeaExam,Khang,CS-H,NAT,2026-05-16T16:02:58.466Z,2,v2,,
seaexam_347,SeaExam,Ngoc,CS-H,NAT,2026-05-19T10:14:35.570Z,2,v2,,
seaexam_347,SeaExam,Nhu,CS-H,NAT,2026-05-16T15:02:58.466Z,2,v2,,
seaexam_348,SeaExam,Khang,CS-E,NAT,2026-05-16T16:02:58.466Z,2,v2,,
seaexam_348,SeaExam,Ngoc,CS-E,NAT,2026-05-19T10:14:35.570Z,2,v2,,
seaexam_348,SeaExam,Nhu,CS-E,NAT,2026-05-16T15:02:58.466Z,2,v2,,
seaexam_349,SeaExam,Khang,CS-H,NAT,2026-05-16T16:02:58.466Z,2,v2,,
seaexam_349,SeaExam,Ngoc,CA,NAT,2026-05-19T10:14:35.570Z,2,v2,,
seaexam_349,SeaExam,Nhu,CS-H,NAT,2026-05-16T15:02:58.466Z,2,v2,,
seaexam_350,SeaExam,Khang,CS-E,NAT,2026-05-16T16:02:58.466Z,2,v2,,
seaexam_350,SeaExam,Ngoc,CS-E,NAT,2026-05-19T10:14:35.570Z,2,v2,,
seaexam_350,SeaExam,Nhu,CS-E,NAT,2026-05-16T15:02:58.466Z,2,v2,,
seaexam_351,SeaExam,Khang,CS-H,NAT,2026-05-16T16:02:58.466Z,2,v2,,
seaexam_351,SeaExam,Ngoc,CA,NAT,2026-05-19T10:14:35.570Z,2,v2,,
seaexam_351,SeaExam,Nhu,CA,NAT,2026-05-16T15:02:58.466Z,2,v2,,
seaexam_352,SeaExam,Khang,CS-H,NAT,2026-05-16T16:02:58.466Z,2,v2,,
seaexam_352,SeaExam,Ngoc,CS-H,NAT,2026-05-19T10:14:35.570Z,2,v2,,
seaexam_352,SeaExam,Nhu,CS-H,NAT,2026-05-16T15:02:58.466Z,2,v2,,
seaexam_353,SeaExam,Khang,CS-H,NAT,2026-05-16T16:02:58.466Z,2,v2,,
seaexam_353,SeaExam,Ngoc,CS-H,NAT,2026-05-19T10:14:35.570Z,2,v2,,
seaexam_353,SeaExam,Nhu,CS-H,NAT,2026-05-16T15:02:58.466Z,2,v2,,
seaexam_354,SeaExam,Khang,CS-H,NAT,2026-05-16T16:02:58.466Z,2,v2,,
seaexam_354,SeaExam,Ngoc,CS-H,NAT,2026-05-19T10:14:35.570Z,2,v2,,
seaexam_354,SeaExam,Nhu,CS-H,NAT,2026-05-16T15:02:58.466Z,2,v2,,
seaexam_355,SeaExam,Khang,CS-H,NAT,2026-05-16T16:02:58.466Z,2,v2,,
seaexam_355,SeaExam,Ngoc,CS-H,NAT,2026-05-19T10:14:35.570Z,2,v2,,
seaexam_355,SeaExam,Nhu,CS-H,NAT,2026-05-16T15:02:58.466Z,2,v2,,
seaexam_356,SeaExam,Khang,CS-H,NAT,2026-05-16T16:02:58.466Z,2,v2,,
seaexam_356,SeaExam,Ngoc,CS-H,NAT,2026-05-19T10:14:35.570Z,2,v2,,
seaexam_356,SeaExam,Nhu,CS-H,NAT,2026-05-16T15:02:58.466Z,2,v2,,
seaexam_357,SeaExam,Khang,CS-H,NAT,2026-05-16T16:02:58.466Z,2,v2,,
seaexam_357,SeaExam,Ngoc,CS-H,NAT,2026-05-19T10:14:35.570Z,2,v2,,
seaexam_357,SeaExam,Nhu,CS-H,NAT,2026-05-16T15:02:58.466Z,2,v2,,
seaexam_358,SeaExam,Khang,CS-E,NAT,2026-05-16T16:02:58.466Z,2,v2,,
seaexam_358,SeaExam,Ngoc,CS-E,NAT,2026-05-19T10:14:35.570Z,2,v2,,
seaexam_358,SeaExam,Nhu,CS-E,NAT,2026-05-16T15:02:58.466Z,2,v2,,
seaexam_359,SeaExam,Khang,CA,NAT,2026-05-16T16:02:58.466Z,2,v2,,
seaexam_359,SeaExam,Ngoc,CA,NAT,2026-05-19T10:14:35.570Z,2,v2,,
seaexam_359,SeaExam,Nhu,CA,NAT,2026-05-16T15:02:58.466Z,2,v2,,
seaexam_360,SeaExam,Khang,CS-E,NAT,2026-05-16T16:02:58.466Z,2,v2,,
seaexam_360,SeaExam,Ngoc,CS-E,NAT,2026-05-19T10:14:35.570Z,2,v2,,
seaexam_360,SeaExam,Nhu,CS-E,NAT,2026-05-16T15:02:58.466Z,2,v2,,
seaexam_361,SeaExam,Khang,CS-H,NAT,2026-05-16T16:02:58.466Z,2,v2,,
seaexam_361,SeaExam,Ngoc,CS-H,NAT,2026-05-19T10:14:35.570Z,2,v2,,
seaexam_361,SeaExam,Nhu,CS-H,NAT,2026-05-16T15:02:58.466Z,2,v2,,
seaexam_362,SeaExam,Khang,CA,NAT,2026-05-16T16:02:58.466Z,2,v2,,
seaexam_362,SeaExam,Ngoc,CS-H,NAT,2026-05-19T10:14:35.570Z,2,v2,,
seaexam_362,SeaExam,Nhu,CA,NAT,2026-05-16T15:02:58.466Z,2,v2,,
seaexam_363,SeaExam,Khang,CS-H,NAT,2026-05-16T16:02:58.466Z,2,v2,,
seaexam_363,SeaExam,Ngoc,CS-H,NAT,2026-05-19T10:14:35.570Z,2,v2,,
seaexam_363,SeaExam,Nhu,CS-H,NAT,2026-05-16T15:02:58.466Z,2,v2,,
seaexam_364,SeaExam,Khang,CS-H,NAT,2026-05-16T16:02:58.466Z,2,v2,,
seaexam_364,SeaExam,Ngoc,CS-H,NAT,2026-05-19T10:14:35.570Z,2,v2,,
seaexam_364,SeaExam,Nhu,CS-H,NAT,2026-05-16T15:02:58.466Z,2,v2,,
seaexam_365,SeaExam,Khang,CS-E,NAT,2026-05-16T16:02:58.466Z,2,v2,,
seaexam_365,SeaExam,Ngoc,CS-E,NAT,2026-05-19T10:14:35.570Z,2,v2,,
seaexam_365,SeaExam,Nhu,CS-E,NAT,2026-05-16T15:02:58.466Z,2,v2,,
seaexam_366,SeaExam,Khang,CS-E,NAT,2026-05-16T16:02:58.466Z,2,v2,,
seaexam_366,SeaExam,Ngoc,CA,NAT,2026-05-19T10:14:35.570Z,2,v2,,
seaexam_366,SeaExam,Nhu,CA,NAT,2026-05-16T15:02:58.466Z,2,v2,,
seaexam_367,SeaExam,Khang,CS-E,NAT,2026-05-16T16:02:58.466Z,2,v2,,
seaexam_367,SeaExam,Ngoc,CA,NAT,2026-05-19T10:14:35.570Z,2,v2,,
seaexam_367,SeaExam,Nhu,CA,NAT,2026-05-16T15:02:58.466Z,2,v2,,
seaexam_368,SeaExam,Khang,CS-H,NAT,2026-05-16T16:02:58.466Z,2,v2,,
seaexam_368,SeaExam,Ngoc,CS-H,NAT,2026-05-19T10:14:35.570Z,2,v2,,
seaexam_368,SeaExam,Nhu,CS-H,NAT,2026-05-16T15:02:58.466Z,2,v2,,
seaexam_369,SeaExam,Khang,CS-H,NAT,2026-05-16T16:02:58.466Z,2,v2,,
seaexam_369,SeaExam,Ngoc,CS-H,NAT,2026-05-19T10:14:35.570Z,2,v2,,
seaexam_369,SeaExam,Nhu,CS-H,NAT,2026-05-16T15:02:58.466Z,2,v2,,
seaexam_370,SeaExam,Khang,CS-L,NAT,2026-05-16T16:02:58.466Z,2,v2,,
seaexam_370,SeaExam,Ngoc,CS-L,NAT,2026-05-19T10:14:35.570Z,2,v2,,
seaexam_370,SeaExam,Nhu,CS-L,NAT,2026-05-16T15:02:58.466Z,2,v2,,
seaexam_371,SeaExam,Khang,CS-E,NAT,2026-05-16T16:02:58.466Z,2,v2,,
seaexam_371,SeaExam,Ngoc,CA,NAT,2026-05-19T10:14:35.570Z,2,v2,,
seaexam_371,SeaExam,Nhu,CA,NAT,2026-05-16T15:02:58.466Z,2,v2,,
seaexam_372,SeaExam,Khang,CS-E,NAT,2026-05-16T16:02:58.466Z,2,v2,,
seaexam_372,SeaExam,Ngoc,CS-E,NAT,2026-05-19T10:14:35.570Z,2,v2,,
seaexam_372,SeaExam,Nhu,CS-E,NAT,2026-05-16T15:02:58.466Z,2,v2,,
seaexam_373,SeaExam,Khang,CS-H,NAT,2026-05-16T16:02:58.466Z,2,v2,,
seaexam_373,SeaExam,Ngoc,CA,NAT,2026-05-19T10:14:35.570Z,2,v2,,
seaexam_373,SeaExam,Nhu,CS-H,NAT,2026-05-16T15:02:58.466Z,2,v2,,
seaexam_374,SeaExam,Khang,CS-E,NAT,2026-05-16T16:02:58.466Z,2,v2,,
seaexam_374,SeaExam,Ngoc,CS-E,NAT,2026-05-19T10:14:35.570Z,2,v2,,
seaexam_374,SeaExam,Nhu,CS-E,NAT,2026-05-16T15:02:58.466Z,2,v2,,
seaexam_375,SeaExam,Khang,CS-H,NAT,2026-05-16T16:02:58.466Z,2,v2,,
seaexam_375,SeaExam,Ngoc,CS-H,NAT,2026-05-19T10:14:35.570Z,2,v2,,
seaexam_375,SeaExam,Nhu,CS-H,NAT,2026-05-16T15:02:58.466Z,2,v2,,
seaexam_376,SeaExam,Khang,CA,NAT,2026-05-16T16:02:58.466Z,2,v2,,
seaexam_376,SeaExam,Ngoc,CS-E,NAT,2026-05-19T10:14:35.570Z,2,v2,,
seaexam_376,SeaExam,Nhu,CA,NAT,2026-05-16T15:02:58.466Z,2,v2,,
seaexam_377,SeaExam,Khang,CS-H,NAT,2026-05-16T16:02:58.466Z,2,v2,,
seaexam_377,SeaExam,Ngoc,CS-H,NAT,2026-05-19T10:14:35.570Z,2,v2,,
seaexam_377,SeaExam,Nhu,CS-H,NAT,2026-05-16T15:02:58.466Z,2,v2,,
seaexam_378,SeaExam,Khang,CS-H,NAT,2026-05-16T16:02:58.466Z,2,v2,,
seaexam_378,SeaExam,Ngoc,CS-H,NAT,2026-05-19T10:14:35.570Z,2,v2,,
seaexam_378,SeaExam,Nhu,CS-H,NAT,2026-05-16T15:02:58.466Z,2,v2,,
seaexam_379,SeaExam,Khang,CS-L,NAT,2026-05-16T16:02:58.466Z,2,v2,,
seaexam_379,SeaExam,Ngoc,CS-L,NAT,2026-05-19T10:14:35.570Z,2,v2,,
seaexam_379,SeaExam,Nhu,CS-L,NAT,2026-05-16T15:02:58.466Z,2,v2,,
seaexam_380,SeaExam,Khang,CS-E,NAT,2026-05-16T16:02:58.466Z,2,v2,,
seaexam_380,SeaExam,Ngoc,CS-E,NAT,2026-05-19T10:14:35.570Z,2,v2,,
seaexam_380,SeaExam,Nhu,CS-E,NAT,2026-05-16T15:02:58.466Z,2,v2,,
seaexam_381,SeaExam,Khang,CS-E,NAT,2026-05-16T16:02:58.466Z,2,v2,,
seaexam_381,SeaExam,Ngoc,CS-E,NAT,2026-05-19T10:14:35.570Z,2,v2,,
seaexam_381,SeaExam,Nhu,CS-E,NAT,2026-05-16T15:02:58.466Z,2,v2,,
seaexam_382,SeaExam,Khang,CS-L,NAT,2026-05-16T16:02:58.466Z,2,v2,,
seaexam_382,SeaExam,Ngoc,CS-L,NAT,2026-05-19T10:14:35.570Z,2,v2,,
seaexam_382,SeaExam,Nhu,CS-L,NAT,2026-05-16T15:02:58.466Z,2,v2,,
seaexam_383,SeaExam,Khang,CS-H,NAT,2026-05-16T16:02:58.466Z,2,v2,,
seaexam_383,SeaExam,Ngoc,CS-H,NAT,2026-05-19T10:14:35.570Z,2,v2,,
seaexam_383,SeaExam,Nhu,CS-H,NAT,2026-05-16T15:02:58.466Z,2,v2,,
seaexam_384,SeaExam,Khang,CS-H,NAT,2026-05-16T16:02:58.466Z,2,v2,,
seaexam_384,SeaExam,Ngoc,CS-H,NAT,2026-05-19T10:14:35.570Z,2,v2,,
seaexam_384,SeaExam,Nhu,CS-H,NAT,2026-05-16T15:02:58.466Z,2,v2,,
seaexam_385,SeaExam,Khang,CS-L,NAT,2026-05-16T16:02:58.466Z,2,v2,,
seaexam_385,SeaExam,Ngoc,CS-L,NAT,2026-05-19T10:14:35.570Z,2,v2,,
seaexam_385,SeaExam,Nhu,CS-L,NAT,2026-05-16T15:02:58.466Z,2,v2,,
seaexam_386,SeaExam,Khang,CS-H,NAT,2026-05-16T16:02:58.466Z,2,v2,,
seaexam_386,SeaExam,Ngoc,CS-H,NAT,2026-05-19T10:14:35.570Z,2,v2,,
seaexam_386,SeaExam,Nhu,CS-H,NAT,2026-05-16T15:02:58.466Z,2,v2,,
seaexam_387,SeaExam,Khang,CS-E,NAT,2026-05-16T16:02:58.466Z,2,v2,,
seaexam_387,SeaExam,Ngoc,CS-E,NAT,2026-05-19T10:14:35.570Z,2,v2,,
seaexam_387,SeaExam,Nhu,CS-E,NAT,2026-05-16T15:02:58.466Z,2,v2,,
seaexam_388,SeaExam,Khang,CS-H,NAT,2026-05-16T16:02:58.466Z,2,v2,,
seaexam_388,SeaExam,Ngoc,CS-H,NAT,2026-05-19T10:14:35.570Z,2,v2,,
seaexam_388,SeaExam,Nhu,CS-H,NAT,2026-05-16T15:02:58.466Z,2,v2,,
seaexam_389,SeaExam,Khang,CS-H,NAT,2026-05-16T16:02:58.466Z,2,v2,,
seaexam_389,SeaExam,Ngoc,CS-H,NAT,2026-05-19T10:14:35.570Z,2,v2,,
seaexam_389,SeaExam,Nhu,CS-H,NAT,2026-05-16T15:02:58.466Z,2,v2,,
seaexam_390,SeaExam,Khang,CS-H,NAT,2026-05-16T16:02:58.466Z,2,v2,,
seaexam_390,SeaExam,Ngoc,CS-H,NAT,2026-05-19T10:14:35.570Z,2,v2,,
seaexam_390,SeaExam,Nhu,CS-H,NAT,2026-05-16T15:02:58.466Z,2,v2,,
seaexam_391,SeaExam,Khang,CS-H,NAT,2026-05-16T16:02:58.466Z,2,v2,,
seaexam_391,SeaExam,Ngoc,CS-H,NAT,2026-05-19T10:14:35.570Z,2,v2,,
seaexam_391,SeaExam,Nhu,CS-H,NAT,2026-05-16T15:02:58.466Z,2,v2,,
seaexam_392,SeaExam,Khang,CS-H,NAT,2026-05-16T16:02:58.466Z,2,v2,,
seaexam_392,SeaExam,Ngoc,CS-H,NAT,2026-05-19T10:14:35.570Z,2,v2,,
seaexam_392,SeaExam,Nhu,CS-H,NAT,2026-05-16T15:02:58.466Z,2,v2,,
seaexam_393,SeaExam,Khang,CS-E,NAT,2026-05-16T16:02:58.466Z,2,v2,,
seaexam_393,SeaExam,Ngoc,CS-E,NAT,2026-05-19T10:14:35.570Z,2,v2,,
seaexam_393,SeaExam,Nhu,CS-E,NAT,2026-05-16T15:02:58.466Z,2,v2,,
seaexam_394,SeaExam,Khang,CS-H,NAT,2026-05-16T16:02:58.466Z,2,v2,,
seaexam_394,SeaExam,Ngoc,CS-H,NAT,2026-05-19T10:14:35.570Z,2,v2,,
seaexam_394,SeaExam,Nhu,CS-H,NAT,2026-05-16T15:02:58.466Z,2,v2,,
seaexam_395,SeaExam,Khang,CS-L,NAT,2026-05-16T16:02:58.466Z,2,v2,,
seaexam_395,SeaExam,Ngoc,CS-L,NAT,2026-05-19T10:14:35.570Z,2,v2,,
seaexam_395,SeaExam,Nhu,CS-L,NAT,2026-05-16T15:02:58.466Z,2,v2,,
seaexam_396,SeaExam,Khang,CS-E,NAT,2026-05-16T16:02:58.466Z,2,v2,,
seaexam_396,SeaExam,Ngoc,CS-E,NAT,2026-05-19T10:14:35.570Z,2,v2,,
seaexam_396,SeaExam,Nhu,CS-E,NAT,2026-05-16T15:02:58.466Z,2,v2,,
seaexam_397,SeaExam,Khang,CS-E,NAT,2026-05-16T16:02:58.466Z,2,v2,,
seaexam_397,SeaExam,Ngoc,CS-E,NAT,2026-05-19T10:14:35.570Z,2,v2,,
seaexam_397,SeaExam,Nhu,CS-E,NAT,2026-05-16T15:02:58.466Z,2,v2,,
seaexam_398,SeaExam,Khang,CS-E,NAT,2026-05-16T16:02:58.466Z,2,v2,,
seaexam_398,SeaExam,Ngoc,CS-E,NAT,2026-05-19T10:14:35.570Z,2,v2,,
seaexam_398,SeaExam,Nhu,CS-E,NAT,2026-05-16T15:02:58.466Z,2,v2,,
seaexam_399,SeaExam,Khang,CS-H,NAT,2026-05-16T16:02:58.466Z,2,v2,,
seaexam_399,SeaExam,Ngoc,CS-H,NAT,2026-05-19T10:14:35.570Z,2,v2,,
seaexam_399,SeaExam,Nhu,CS-H,NAT,2026-05-16T15:02:58.466Z,2,v2,,
seaexam_400,SeaExam,Khang,CS-H,NAT,2026-05-16T16:02:58.466Z,2,v2,,
seaexam_400,SeaExam,Ngoc,CA,NAT,2026-05-19T10:14:35.570Z,2,v2,,
seaexam_400,SeaExam,Nhu,CA,NAT,2026-05-16T15:02:58.466Z,2,v2,,
seaexam_401,SeaExam,Khang,CS-E,NAT,2026-05-16T16:02:58.466Z,2,v2,,
seaexam_401,SeaExam,Ngoc,CA,NAT,2026-05-19T10:14:35.570Z,2,v2,,
seaexam_401,SeaExam,Nhu,CA,NAT,2026-05-16T15:02:58.466Z,2,v2,,
seaexam_402,SeaExam,Khang,CA,NAT,2026-05-16T16:02:58.466Z,2,v2,,
seaexam_402,SeaExam,Ngoc,CA,NAT,2026-05-19T10:14:35.570Z,2,v2,,
seaexam_402,SeaExam,Nhu,CA,NAT,2026-05-16T15:02:58.466Z,2,v2,,
seaexam_403,SeaExam,Khang,CA,NAT,2026-05-16T16:02:58.466Z,2,v2,,
seaexam_403,SeaExam,Ngoc,CS-E,NAT,2026-05-19T10:14:35.570Z,2,v2,,
seaexam_403,SeaExam,Nhu,CA,NAT,2026-05-16T15:02:58.466Z,2,v2,,
seaexam_404,SeaExam,Khang,CS-H,NAT,2026-05-16T16:02:58.466Z,2,v2,,
seaexam_404,SeaExam,Ngoc,CS-H,NAT,2026-05-19T10:14:35.570Z,2,v2,,
seaexam_404,SeaExam,Nhu,CS-H,NAT,2026-05-16T15:02:58.466Z,2,v2,,
seaexam_405,SeaExam,Khang,CS-H,NAT,2026-05-16T16:02:58.466Z,2,v2,,
seaexam_405,SeaExam,Ngoc,CS-H,NAT,2026-05-19T10:14:35.570Z,2,v2,,
seaexam_405,SeaExam,Nhu,CS-H,NAT,2026-05-16T15:02:58.466Z,2,v2,,
seaexam_406,SeaExam,Khang,CS-E,NAT,2026-05-16T16:02:58.466Z,2,v2,,
seaexam_406,SeaExam,Ngoc,CS-H,NAT,2026-05-19T10:14:35.570Z,2,v2,,
seaexam_406,SeaExam,Nhu,CS-E,NAT,2026-05-16T15:02:58.466Z,2,v2,,
seaexam_407,SeaExam,Khang,CS-H,NAT,2026-05-16T16:02:58.466Z,2,v2,,
seaexam_407,SeaExam,Ngoc,CA,NAT,2026-05-19T10:14:35.570Z,2,v2,,
seaexam_407,SeaExam,Nhu,CA,NAT,2026-05-16T15:02:58.466Z,2,v2,,
seaexam_408,SeaExam,Khang,CS-H,NAT,2026-05-16T16:02:58.466Z,2,v2,,
seaexam_408,SeaExam,Ngoc,CS-H,NAT,2026-05-19T10:14:35.570Z,2,v2,,
seaexam_408,SeaExam,Nhu,CS-H,NAT,2026-05-16T15:02:58.466Z,2,v2,,
seaexam_409,SeaExam,Khang,CS-H,NAT,2026-05-16T16:02:58.466Z,2,v2,,
seaexam_409,SeaExam,Ngoc,CS-H,NAT,2026-05-19T10:14:35.570Z,2,v2,,
seaexam_409,SeaExam,Nhu,CS-H,NAT,2026-05-16T15:02:58.466Z,2,v2,,
seaexam_410,SeaExam,Khang,CA,NAT,2026-05-16T16:02:58.466Z,2,v2,,
seaexam_410,SeaExam,Ngoc,CA,NAT,2026-05-19T10:14:35.570Z,2,v2,,
seaexam_410,SeaExam,Nhu,CA,NAT,2026-05-16T15:02:58.466Z,2,v2,,
seaexam_411,SeaExam,Khang,CS-H,NAT,2026-05-16T16:02:58.466Z,2,v2,,
seaexam_411,SeaExam,Ngoc,CS-H,NAT,2026-05-19T10:14:35.570Z,2,v2,,
seaexam_411,SeaExam,Nhu,CS-H,NAT,2026-05-16T15:02:58.466Z,2,v2,,
seaexam_412,SeaExam,Khang,CA,NAT,2026-05-16T16:02:58.466Z,2,v2,,
seaexam_412,SeaExam,Ngoc,CA,NAT,2026-05-19T10:14:35.570Z,2,v2,,
seaexam_412,SeaExam,Nhu,CA,NAT,2026-05-16T15:02:58.466Z,2,v2,,
seaexam_413,SeaExam,Khang,CS-H,NAT,2026-05-16T16:02:58.466Z,2,v2,,
seaexam_413,SeaExam,Ngoc,CS-H,NAT,2026-05-19T10:14:35.570Z,2,v2,,
seaexam_413,SeaExam,Nhu,CS-H,NAT,2026-05-16T15:02:58.466Z,2,v2,,
seaexam_414,SeaExam,Khang,CS-H,NAT,2026-05-16T16:02:58.466Z,2,v2,,
seaexam_414,SeaExam,Ngoc,CS-H,NAT,2026-05-19T10:14:35.570Z,2,v2,,
seaexam_414,SeaExam,Nhu,CS-H,NAT,2026-05-16T15:02:58.466Z,2,v2,,
seaexam_415,SeaExam,Khang,CS-L,NAT,2026-05-16T16:02:58.466Z,2,v2,,
seaexam_415,SeaExam,Ngoc,CS-L,NAT,2026-05-19T10:14:35.570Z,2,v2,,
seaexam_415,SeaExam,Nhu,CS-L,NAT,2026-05-16T15:02:58.466Z,2,v2,,
seaexam_416,SeaExam,Khang,CS-H,NAT,2026-05-16T16:02:58.466Z,2,v2,,
seaexam_416,SeaExam,Ngoc,CS-H,NAT,2026-05-19T10:14:35.570Z,2,v2,,
seaexam_416,SeaExam,Nhu,CS-H,NAT,2026-05-16T15:02:58.466Z,2,v2,,
seaexam_417,SeaExam,Khang,CS-L,NAT,2026-05-16T16:02:58.466Z,2,v2,,
seaexam_417,SeaExam,Ngoc,CA,NAT,2026-05-19T10:14:35.570Z,2,v2,,
seaexam_417,SeaExam,Nhu,CS-L,NAT,2026-05-16T15:02:58.466Z,2,v2,,
seaexam_418,SeaExam,Khang,CS-H,NAT,2026-05-16T16:02:58.466Z,2,v2,,
seaexam_418,SeaExam,Ngoc,CA,NAT,2026-05-19T10:14:35.570Z,2,v2,,
seaexam_418,SeaExam,Nhu,CA,NAT,2026-05-16T15:02:58.466Z,2,v2,,
seaexam_419,SeaExam,Khang,CS-E,NAT,2026-05-16T16:02:58.466Z,2,v2,,
seaexam_419,SeaExam,Ngoc,CS-E,NAT,2026-05-19T10:14:35.570Z,2,v2,,
seaexam_419,SeaExam,Nhu,CS-E,NAT,2026-05-16T15:02:58.466Z,2,v2,,
seaexam_420,SeaExam,Khang,CS-E,NAT,2026-05-16T16:02:58.466Z,2,v2,,
seaexam_420,SeaExam,Ngoc,CS-E,NAT,2026-05-19T10:14:35.570Z,2,v2,,
seaexam_420,SeaExam,Nhu,CS-E,NAT,2026-05-16T15:02:58.466Z,2,v2,,
seaexam_421,SeaExam,Khang,CS-H,NAT,2026-05-16T16:02:58.466Z,2,v2,,
seaexam_421,SeaExam,Ngoc,CS-H,NAT,2026-05-19T10:14:35.570Z,2,v2,,
seaexam_421,SeaExam,Nhu,CS-H,NAT,2026-05-16T15:02:58.466Z,2,v2,,
seaexam_422,SeaExam,Khang,CS-H,NAT,2026-05-16T16:02:58.466Z,2,v2,,
seaexam_422,SeaExam,Ngoc,CS-H,NAT,2026-05-19T10:14:35.570Z,2,v2,,
seaexam_422,SeaExam,Nhu,CS-H,NAT,2026-05-16T15:02:58.466Z,2,v2,,
seaexam_423,SeaExam,Khang,CA,NAT,2026-05-16T16:02:58.466Z,2,v2,,
seaexam_423,SeaExam,Ngoc,CS-E,NAT,2026-05-19T10:14:35.570Z,2,v2,,
seaexam_423,SeaExam,Nhu,CA,NAT,2026-05-16T15:02:58.466Z,2,v2,,
seaexam_424,SeaExam,Khang,CS-H,NAT,2026-05-16T16:02:58.466Z,2,v2,,
seaexam_424,SeaExam,Ngoc,CS-H,NAT,2026-05-19T10:14:35.570Z,2,v2,,
seaexam_424,SeaExam,Nhu,CS-H,NAT,2026-05-16T15:02:58.466Z,2,v2,,
seaexam_425,SeaExam,Khang,CA,NAT,2026-05-16T16:02:58.466Z,2,v2,,
seaexam_425,SeaExam,Ngoc,CA,NAT,2026-05-19T10:14:35.570Z,2,v2,,
seaexam_425,SeaExam,Nhu,CA,NAT,2026-05-16T15:02:58.466Z,2,v2,,
seaexam_426,SeaExam,Khang,CS-E,NAT,2026-05-16T16:02:58.466Z,2,v2,,
seaexam_426,SeaExam,Ngoc,CS-H,NAT,2026-05-19T10:14:35.570Z,2,v2,,
seaexam_426,SeaExam,Nhu,CS-E,NAT,2026-05-16T15:02:58.466Z,2,v2,,
seaexam_427,SeaExam,Khang,CS-E,NAT,2026-05-16T16:02:58.466Z,2,v2,,
seaexam_427,SeaExam,Ngoc,CS-E,NAT,2026-05-19T10:14:35.570Z,2,v2,,
seaexam_427,SeaExam,Nhu,CS-E,NAT,2026-05-16T15:02:58.466Z,2,v2,,
seaexam_428,SeaExam,Khang,CS-H,NAT,2026-05-16T16:02:58.466Z,2,v2,,
seaexam_428,SeaExam,Ngoc,CS-H,NAT,2026-05-19T10:14:35.570Z,2,v2,,
seaexam_428,SeaExam,Nhu,CS-H,NAT,2026-05-16T15:02:58.466Z,2,v2,,
seaexam_429,SeaExam,Khang,CS-H,NAT,2026-05-16T16:02:58.467Z,2,v2,,
seaexam_429,SeaExam,Ngoc,CS-H,NAT,2026-05-19T10:14:35.570Z,2,v2,,
seaexam_429,SeaExam,Nhu,CS-H,NAT,2026-05-16T15:02:58.467Z,2,v2,,
seaexam_430,SeaExam,Khang,CS-H,NAT,2026-05-16T16:02:58.467Z,2,v2,,
seaexam_430,SeaExam,Ngoc,CS-H,NAT,2026-05-19T10:14:35.570Z,2,v2,,
seaexam_430,SeaExam,Nhu,CS-H,NAT,2026-05-16T15:02:58.467Z,2,v2,,
seaexam_431,SeaExam,Khang,CS-H,NAT,2026-05-16T16:02:58.467Z,2,v2,,
seaexam_431,SeaExam,Ngoc,CS-H,NAT,2026-05-19T10:14:35.570Z,2,v2,,
seaexam_431,SeaExam,Nhu,CS-H,NAT,2026-05-16T15:02:58.467Z,2,v2,,
seaexam_432,SeaExam,Khang,CA,NAT,2026-05-16T16:02:58.467Z,2,v2,,
seaexam_432,SeaExam,Ngoc,CA,NAT,2026-05-19T10:14:35.570Z,2,v2,,
seaexam_432,SeaExam,Nhu,CA,NAT,2026-05-16T15:02:58.467Z,2,v2,,
seaexam_433,SeaExam,Khang,CS-H,NAT,2026-05-16T16:02:58.467Z,2,v2,,
seaexam_433,SeaExam,Ngoc,CS-H,NAT,2026-05-19T10:14:35.570Z,2,v2,,
seaexam_433,SeaExam,Nhu,CS-H,NAT,2026-05-16T15:02:58.467Z,2,v2,,
seaexam_434,SeaExam,Khang,CS-L,NAT,2026-05-16T16:02:58.467Z,2,v2,,
seaexam_434,SeaExam,Ngoc,CA,NAT,2026-05-19T10:14:35.570Z,2,v2,,
seaexam_434,SeaExam,Nhu,CS-L,NAT,2026-05-16T15:02:58.467Z,2,v2,,
seaexam_435,SeaExam,Khang,CS-H,NAT,2026-05-16T16:02:58.467Z,2,v2,,
seaexam_435,SeaExam,Ngoc,CA,NAT,2026-05-19T10:14:35.570Z,2,v2,,
seaexam_435,SeaExam,Nhu,CA,NAT,2026-05-16T15:02:58.467Z,2,v2,,
seaexam_436,SeaExam,Khang,CS-H,NAT,2026-05-16T16:02:58.467Z,2,v2,,
seaexam_436,SeaExam,Ngoc,CS-H,NAT,2026-05-19T10:14:35.570Z,2,v2,,
seaexam_436,SeaExam,Nhu,CS-H,NAT,2026-05-16T15:02:58.467Z,2,v2,,
seaexam_437,SeaExam,Khang,CS-H,NAT,2026-05-16T16:02:58.467Z,2,v2,,
seaexam_437,SeaExam,Ngoc,CS-H,NAT,2026-05-19T10:14:35.570Z,2,v2,,
seaexam_437,SeaExam,Nhu,CS-H,NAT,2026-05-16T15:02:58.467Z,2,v2,,
seaexam_438,SeaExam,Khang,CS-H,NAT,2026-05-16T16:02:58.467Z,2,v2,,
seaexam_438,SeaExam,Ngoc,CS-H,NAT,2026-05-19T10:14:35.570Z,2,v2,,
seaexam_438,SeaExam,Nhu,CS-H,NAT,2026-05-16T15:02:58.467Z,2,v2,,
seaexam_439,SeaExam,Khang,CA,NAT,2026-05-16T16:02:58.467Z,2,v2,,
seaexam_439,SeaExam,Ngoc,CS-H,NAT,2026-05-19T10:14:35.570Z,2,v2,,
seaexam_439,SeaExam,Nhu,CA,NAT,2026-05-16T15:02:58.467Z,2,v2,,
seaexam_440,SeaExam,Khang,CS-H,NAT,2026-05-16T16:02:58.467Z,2,v2,,
seaexam_440,SeaExam,Ngoc,CS-H,NAT,2026-05-19T10:14:35.570Z,2,v2,,
seaexam_440,SeaExam,Nhu,CS-H,NAT,2026-05-16T15:02:58.467Z,2,v2,,
seaexam_441,SeaExam,Khang,CA,NAT,2026-05-16T16:02:58.467Z,2,v2,,
seaexam_441,SeaExam,Ngoc,CA,NAT,2026-05-19T10:14:35.570Z,2,v2,,
seaexam_441,SeaExam,Nhu,CA,NAT,2026-05-16T15:02:58.467Z,2,v2,,
seaexam_442,SeaExam,Khang,CS-E,NAT,2026-05-16T16:02:58.467Z,2,v2,,
seaexam_442,SeaExam,Ngoc,CS-E,NAT,2026-05-19T10:14:35.570Z,2,v2,,
seaexam_442,SeaExam,Nhu,CS-E,NAT,2026-05-16T15:02:58.467Z,2,v2,,
seaexam_443,SeaExam,Khang,CS-E,NAT,2026-05-16T16:02:58.467Z,2,v2,,
seaexam_443,SeaExam,Ngoc,CS-E,NAT,2026-05-19T10:14:35.570Z,2,v2,,
seaexam_443,SeaExam,Nhu,CS-E,NAT,2026-05-16T15:02:58.467Z,2,v2,,
seaexam_444,SeaExam,Khang,CS-E,NAT,2026-05-16T16:02:58.467Z,2,v2,,
seaexam_444,SeaExam,Ngoc,CS-E,NAT,2026-05-19T10:14:35.570Z,2,v2,,
seaexam_444,SeaExam,Nhu,CS-E,NAT,2026-05-16T15:02:58.467Z,2,v2,,
seaexam_445,SeaExam,Khang,CS-H,NAT,2026-05-16T16:02:58.467Z,2,v2,,
seaexam_445,SeaExam,Ngoc,CA,NAT,2026-05-19T10:14:35.570Z,2,v2,,
seaexam_445,SeaExam,Nhu,CS-H,NAT,2026-05-16T15:02:58.467Z,2,v2,,
seaexam_446,SeaExam,Khang,CS-H,NAT,2026-05-16T16:02:58.467Z,2,v2,,
seaexam_446,SeaExam,Ngoc,CA,NAT,2026-05-19T10:14:35.570Z,2,v2,,
seaexam_446,SeaExam,Nhu,CA,NAT,2026-05-16T15:02:58.467Z,2,v2,,
seaexam_447,SeaExam,Khang,CS-H,NAT,2026-05-16T16:02:58.467Z,2,v2,,
seaexam_447,SeaExam,Ngoc,CS-H,NAT,2026-05-19T10:14:35.570Z,2,v2,,
seaexam_447,SeaExam,Nhu,CS-H,NAT,2026-05-16T15:02:58.467Z,2,v2,,
seaexam_448,SeaExam,Khang,CS-H,NAT,2026-05-16T16:02:58.467Z,2,v2,,
seaexam_448,SeaExam,Ngoc,CS-H,NAT,2026-05-19T10:14:35.570Z,2,v2,,
seaexam_448,SeaExam,Nhu,CS-H,NAT,2026-05-16T15:02:58.467Z,2,v2,,
seaexam_449,SeaExam,Khang,CA,NAT,2026-05-16T16:02:58.467Z,2,v2,,
seaexam_449,SeaExam,Ngoc,CA,NAT,2026-05-19T10:14:35.570Z,2,v2,,
seaexam_449,SeaExam,Nhu,CA,NAT,2026-05-16T15:02:58.467Z,2,v2,,
seaexam_450,SeaExam,Khang,CS-H,NAT,2026-05-16T16:02:58.467Z,2,v2,,
seaexam_450,SeaExam,Ngoc,CS-H,NAT,2026-05-19T10:14:35.570Z,2,v2,,
seaexam_450,SeaExam,Nhu,CS-H,NAT,2026-05-16T15:02:58.467Z,2,v2,,
seaexam_451,SeaExam,Khang,CS-E,NAT,2026-05-16T16:02:58.467Z,2,v2,,
seaexam_451,SeaExam,Ngoc,CS-E,NAT,2026-05-19T10:14:35.570Z,2,v2,,
seaexam_451,SeaExam,Nhu,CS-E,NAT,2026-05-16T15:02:58.467Z,2,v2,,
seaexam_452,SeaExam,Khang,CS-H,NAT,2026-05-16T16:02:58.467Z,2,v2,,
seaexam_452,SeaExam,Ngoc,CA,NAT,2026-05-19T10:14:35.570Z,2,v2,,
seaexam_452,SeaExam,Nhu,CA,NAT,2026-05-16T15:02:58.467Z,2,v2,,
seaexam_453,SeaExam,Khang,CA,NAT,2026-05-16T16:02:58.467Z,2,v2,,
seaexam_453,SeaExam,Ngoc,CS-H,NAT,2026-05-19T10:14:35.570Z,2,v2,,
seaexam_453,SeaExam,Nhu,CA,NAT,2026-05-16T15:02:58.467Z,2,v2,,
seaexam_454,SeaExam,Khang,CS-H,NAT,2026-05-16T16:02:58.467Z,2,v2,,
seaexam_454,SeaExam,Ngoc,CA,NAT,2026-05-19T10:14:35.570Z,2,v2,,
seaexam_454,SeaExam,Nhu,CA,NAT,2026-05-16T15:02:58.467Z,2,v2,,
seaexam_455,SeaExam,Khang,CS-E,NAT,2026-05-16T16:02:58.467Z,2,v2,,
seaexam_455,SeaExam,Ngoc,CS-E,NAT,2026-05-19T10:14:35.570Z,2,v2,,
seaexam_455,SeaExam,Nhu,CS-E,NAT,2026-05-16T15:02:58.467Z,2,v2,,
seaexam_456,SeaExam,Khang,CS-L,NAT,2026-05-16T16:02:58.467Z,2,v2,,
seaexam_456,SeaExam,Ngoc,CS-L,NAT,2026-05-19T10:14:35.570Z,2,v2,,
seaexam_456,SeaExam,Nhu,CS-L,NAT,2026-05-16T15:02:58.467Z,2,v2,,
seaexam_457,SeaExam,Khang,CS-H,NAT,2026-05-16T16:02:58.467Z,2,v2,,
seaexam_457,SeaExam,Ngoc,CS-H,NAT,2026-05-19T10:14:35.570Z,2,v2,,
seaexam_457,SeaExam,Nhu,CS-H,NAT,2026-05-16T15:02:58.467Z,2,v2,,
seaexam_458,SeaExam,Khang,CS-H,NAT,2026-05-16T16:02:58.467Z,2,v2,,
seaexam_458,SeaExam,Ngoc,CS-H,NAT,2026-05-19T10:14:35.570Z,2,v2,,
seaexam_458,SeaExam,Nhu,CS-H,NAT,2026-05-16T15:02:58.467Z,2,v2,,
seaexam_459,SeaExam,Khang,CS-E,NAT,2026-05-16T16:02:58.467Z,2,v2,,
seaexam_459,SeaExam,Ngoc,CS-H,NAT,2026-05-19T10:14:35.570Z,2,v2,,
seaexam_459,SeaExam,Nhu,CS-E,NAT,2026-05-16T15:02:58.467Z,2,v2,,
seaexam_460,SeaExam,Khang,CS-H,NAT,2026-05-16T16:02:58.467Z,2,v2,,
seaexam_460,SeaExam,Ngoc,CS-H,NAT,2026-05-19T10:14:35.570Z,2,v2,,
seaexam_460,SeaExam,Nhu,CS-H,NAT,2026-05-16T15:02:58.467Z,2,v2,,
seaexam_461,SeaExam,Khang,CA,NAT,2026-05-16T16:02:58.467Z,2,v2,,
seaexam_461,SeaExam,Ngoc,CA,NAT,2026-05-19T10:14:35.570Z,2,v2,,
seaexam_461,SeaExam,Nhu,CA,NAT,2026-05-16T15:02:58.467Z,2,v2,,
seaexam_462,SeaExam,Khang,CS-E,NAT,2026-05-16T16:02:58.467Z,2,v2,,
seaexam_462,SeaExam,Ngoc,CS-E,NAT,2026-05-19T10:14:35.570Z,2,v2,,
seaexam_462,SeaExam,Nhu,CS-E,NAT,2026-05-16T15:02:58.467Z,2,v2,,
seaexam_463,SeaExam,Khang,CS-H,NAT,2026-05-16T16:02:58.467Z,2,v2,,
seaexam_463,SeaExam,Ngoc,CS-H,NAT,2026-05-19T10:14:35.570Z,2,v2,,
seaexam_463,SeaExam,Nhu,CS-H,NAT,2026-05-16T15:02:58.467Z,2,v2,,
seaexam_464,SeaExam,Khang,CS-H,NAT,2026-05-16T16:02:58.467Z,2,v2,,
seaexam_464,SeaExam,Ngoc,CS-H,NAT,2026-05-19T10:14:35.570Z,2,v2,,
seaexam_464,SeaExam,Nhu,CS-H,NAT,2026-05-16T15:02:58.467Z,2,v2,,
seaexam_465,SeaExam,Khang,CS-H,NAT,2026-05-16T16:02:58.467Z,2,v2,,
seaexam_465,SeaExam,Ngoc,CS-H,NAT,2026-05-19T10:14:35.570Z,2,v2,,
seaexam_465,SeaExam,Nhu,CS-H,NAT,2026-05-16T15:02:58.467Z,2,v2,,
seaexam_466,SeaExam,Khang,CA,NAT,2026-05-16T16:02:58.467Z,2,v2,,
seaexam_466,SeaExam,Ngoc,CA,NAT,2026-05-19T10:14:35.570Z,2,v2,,
seaexam_466,SeaExam,Nhu,CA,NAT,2026-05-16T15:02:58.467Z,2,v2,,
seaexam_467,SeaExam,Khang,CS-H,NAT,2026-05-16T16:02:58.467Z,2,v2,,
seaexam_467,SeaExam,Ngoc,CS-H,NAT,2026-05-19T10:14:35.570Z,2,v2,,
seaexam_467,SeaExam,Nhu,CS-H,NAT,2026-05-16T15:02:58.467Z,2,v2,,
seaexam_468,SeaExam,Khang,CA,NAT,2026-05-16T16:02:58.467Z,2,v2,,
seaexam_468,SeaExam,Ngoc,CA,NAT,2026-05-19T10:14:35.570Z,2,v2,,
seaexam_468,SeaExam,Nhu,CA,NAT,2026-05-16T15:02:58.467Z,2,v2,,
seaexam_469,SeaExam,Khang,CS-E,NAT,2026-05-16T16:02:58.467Z,2,v2,,
seaexam_469,SeaExam,Ngoc,CA,NAT,2026-05-19T10:14:35.571Z,2,v2,,
seaexam_469,SeaExam,Nhu,CA,NAT,2026-05-16T15:02:58.467Z,2,v2,,
seaexam_470,SeaExam,Khang,CS-E,NAT,2026-05-16T16:02:58.467Z,2,v2,,
seaexam_470,SeaExam,Ngoc,CS-H,NAT,2026-05-19T10:14:35.571Z,2,v2,,
seaexam_470,SeaExam,Nhu,CS-E,NAT,2026-05-16T15:02:58.467Z,2,v2,,
seaexam_471,SeaExam,Khang,CS-H,NAT,2026-05-16T16:02:58.467Z,2,v2,,
seaexam_471,SeaExam,Ngoc,CA,NAT,2026-05-19T10:14:35.571Z,2,v2,,
seaexam_471,SeaExam,Nhu,CA,NAT,2026-05-16T15:02:58.467Z,2,v2,,
seaexam_472,SeaExam,Khang,CS-H,NAT,2026-05-16T16:02:58.467Z,2,v2,,
seaexam_472,SeaExam,Ngoc,CS-H,NAT,2026-05-19T10:14:35.571Z,2,v2,,
seaexam_472,SeaExam,Nhu,CS-H,NAT,2026-05-16T15:02:58.467Z,2,v2,,
seaexam_473,SeaExam,Khang,CS-E,NAT,2026-05-16T16:02:58.467Z,2,v2,,
seaexam_473,SeaExam,Ngoc,CS-L,NAT,2026-05-19T10:14:35.571Z,2,v2,,
seaexam_473,SeaExam,Nhu,CS-L,NAT,2026-05-16T15:02:58.467Z,2,v2,,
seaexam_474,SeaExam,Khang,CS-E,NAT,2026-05-16T16:02:58.467Z,2,v2,,
seaexam_474,SeaExam,Ngoc,CS-E,NAT,2026-05-19T10:14:35.571Z,2,v2,,
seaexam_474,SeaExam,Nhu,CS-E,NAT,2026-05-16T15:02:58.467Z,2,v2,,
seaexam_475,SeaExam,Khang,CS-E,NAT,2026-05-16T16:02:58.467Z,2,v2,,
seaexam_475,SeaExam,Ngoc,CS-E,NAT,2026-05-19T10:14:35.571Z,2,v2,,
seaexam_475,SeaExam,Nhu,CS-E,NAT,2026-05-16T15:02:58.467Z,2,v2,,
seaexam_476,SeaExam,Khang,CS-H,NAT,2026-05-16T16:02:58.467Z,2,v2,,
seaexam_476,SeaExam,Ngoc,CS-H,NAT,2026-05-19T10:14:35.571Z,2,v2,,
seaexam_476,SeaExam,Nhu,CS-H,NAT,2026-05-16T15:02:58.467Z,2,v2,,
seaexam_477,SeaExam,Khang,CS-E,NAT,2026-05-16T16:02:58.467Z,2,v2,,
seaexam_477,SeaExam,Ngoc,CS-H,NAT,2026-05-19T10:14:35.571Z,2,v2,,
seaexam_477,SeaExam,Nhu,CS-E,NAT,2026-05-16T15:02:58.467Z,2,v2,,
seaexam_478,SeaExam,Khang,CS-H,NAT,2026-05-16T16:02:58.467Z,2,v2,,
seaexam_478,SeaExam,Ngoc,CS-H,NAT,2026-05-19T10:14:35.571Z,2,v2,,
seaexam_478,SeaExam,Nhu,CS-H,NAT,2026-05-16T15:02:58.467Z,2,v2,,
seaexam_479,SeaExam,Khang,CS-E,NAT,2026-05-16T16:02:58.467Z,2,v2,,
seaexam_479,SeaExam,Ngoc,CS-E,NAT,2026-05-19T10:14:35.571Z,2,v2,,
seaexam_479,SeaExam,Nhu,CS-E,NAT,2026-05-16T15:02:58.467Z,2,v2,,
seaexam_480,SeaExam,Khang,CS-E,NAT,2026-05-16T16:02:58.467Z,2,v2,,
seaexam_480,SeaExam,Ngoc,CS-E,NAT,2026-05-19T10:14:35.571Z,2,v2,,
seaexam_480,SeaExam,Nhu,CS-E,NAT,2026-05-16T15:02:58.467Z,2,v2,,
seaexam_481,SeaExam,Khang,CS-L,NAT,2026-05-16T16:02:58.467Z,2,v2,,
seaexam_481,SeaExam,Ngoc,CS-L,NAT,2026-05-19T10:14:35.571Z,2,v2,,
seaexam_481,SeaExam,Nhu,CS-L,NAT,2026-05-16T15:02:58.467Z,2,v2,,
seaexam_482,SeaExam,Khang,CS-H,NAT,2026-05-16T16:02:58.467Z,2,v2,,
seaexam_482,SeaExam,Ngoc,CS-H,NAT,2026-05-19T10:14:35.571Z,2,v2,,
seaexam_482,SeaExam,Nhu,CS-H,NAT,2026-05-16T15:02:58.467Z,2,v2,,
seaexam_483,SeaExam,Khang,CS-E,NAT,2026-05-16T16:02:58.467Z,2,v2,,
seaexam_483,SeaExam,Ngoc,CS-E,NAT,2026-05-19T10:14:35.571Z,2,v2,,
seaexam_483,SeaExam,Nhu,CS-E,NAT,2026-05-16T15:02:58.467Z,2,v2,,
seaexam_484,SeaExam,Khang,CS-E,NAT,2026-05-16T16:02:58.467Z,2,v2,,
seaexam_484,SeaExam,Ngoc,CS-E,NAT,2026-05-19T10:14:35.571Z,2,v2,,
seaexam_484,SeaExam,Nhu,CS-E,NAT,2026-05-16T15:02:58.467Z,2,v2,,
seaexam_485,SeaExam,Khang,CS-E,NAT,2026-05-16T16:02:58.467Z,2,v2,,
seaexam_485,SeaExam,Ngoc,CS-E,NAT,2026-05-19T10:14:35.571Z,2,v2,,
seaexam_485,SeaExam,Nhu,CS-E,NAT,2026-05-16T15:02:58.467Z,2,v2,,
seaexam_486,SeaExam,Khang,CA,NAT,2026-05-16T16:02:58.467Z,2,v2,,
seaexam_486,SeaExam,Ngoc,CS-H,NAT,2026-05-19T10:14:35.571Z,2,v2,,
seaexam_486,SeaExam,Nhu,CS-H,NAT,2026-05-16T15:02:58.467Z,2,v2,,
seaexam_487,SeaExam,Khang,CS-E,NAT,2026-05-16T16:02:58.467Z,2,v2,,
seaexam_487,SeaExam,Ngoc,CS-E,NAT,2026-05-19T10:14:35.571Z,2,v2,,
seaexam_487,SeaExam,Nhu,CS-E,NAT,2026-05-16T15:02:58.467Z,2,v2,,
seaexam_488,SeaExam,Khang,CS-L,NAT,2026-05-16T16:02:58.467Z,2,v2,,
seaexam_488,SeaExam,Ngoc,CS-L,NAT,2026-05-19T10:14:35.571Z,2,v2,,
seaexam_488,SeaExam,Nhu,CS-L,NAT,2026-05-16T15:02:58.467Z,2,v2,,
seaexam_489,SeaExam,Khang,CS-H,NAT,2026-05-16T16:02:58.467Z,2,v2,,
seaexam_489,SeaExam,Ngoc,CS-H,NAT,2026-05-19T10:14:35.571Z,2,v2,,
seaexam_489,SeaExam,Nhu,CS-H,NAT,2026-05-16T15:02:58.467Z,2,v2,,
seaexam_490,SeaExam,Khang,CS-H,NAT,2026-05-16T16:02:58.467Z,2,v2,,
seaexam_490,SeaExam,Ngoc,CS-H,NAT,2026-05-19T10:14:35.571Z,2,v2,,
seaexam_490,SeaExam,Nhu,CS-H,NAT,2026-05-16T15:02:58.467Z,2,v2,,
seaexam_491,SeaExam,Khang,CS-H,NAT,2026-05-16T16:02:58.467Z,2,v2,,
seaexam_491,SeaExam,Ngoc,CA,NAT,2026-05-19T10:14:35.571Z,2,v2,,
seaexam_491,SeaExam,Nhu,CA,NAT,2026-05-16T15:02:58.467Z,2,v2,,
seaexam_492,SeaExam,Khang,CA,NAT,2026-05-16T16:02:58.467Z,2,v2,,
seaexam_492,SeaExam,Ngoc,CS-L,NAT,2026-05-19T10:14:35.571Z,2,v2,,
seaexam_492,SeaExam,Nhu,CA,NAT,2026-05-16T15:02:58.467Z,2,v2,,
seaexam_493,SeaExam,Khang,CS-H,NAT,2026-05-16T16:02:58.467Z,2,v2,,
seaexam_493,SeaExam,Ngoc,CS-H,NAT,2026-05-19T10:14:35.571Z,2,v2,,
seaexam_493,SeaExam,Nhu,CS-H,NAT,2026-05-16T15:02:58.467Z,2,v2,,
seaexam_494,SeaExam,Khang,CA,NAT,2026-05-16T16:02:58.467Z,2,v2,,
seaexam_494,SeaExam,Ngoc,CS-E,NAT,2026-05-19T10:14:35.571Z,2,v2,,
seaexam_494,SeaExam,Nhu,CA,NAT,2026-05-16T15:02:58.467Z,2,v2,,
seaexam_495,SeaExam,Khang,CS-E,NAT,2026-05-16T16:02:58.467Z,2,v2,,
seaexam_495,SeaExam,Ngoc,CS-H,NAT,2026-05-19T10:14:35.571Z,2,v2,,
seaexam_495,SeaExam,Nhu,CS-E,NAT,2026-05-16T15:02:58.467Z,2,v2,,
seaexam_496,SeaExam,Khang,CS-H,NAT,2026-05-16T16:02:58.467Z,2,v2,,
seaexam_496,SeaExam,Ngoc,CA,NAT,2026-05-19T10:14:35.571Z,2,v2,,
seaexam_496,SeaExam,Nhu,CA,NAT,2026-05-16T15:02:58.467Z,2,v2,,
seaexam_497,SeaExam,Khang,CS-E,NAT,2026-05-16T16:02:58.467Z,2,v2,,
seaexam_497,SeaExam,Ngoc,CS-E,NAT,2026-05-19T10:14:35.571Z,2,v2,,
seaexam_497,SeaExam,Nhu,CS-E,NAT,2026-05-16T15:02:58.467Z,2,v2,,
seaexam_498,SeaExam,Khang,CS-H,NAT,2026-05-16T16:02:58.467Z,2,v2,,
seaexam_498,SeaExam,Ngoc,CS-H,NAT,2026-05-19T10:14:35.571Z,2,v2,,
seaexam_498,SeaExam,Nhu,CS-H,NAT,2026-05-16T15:02:58.467Z,2,v2,,
seaexam_499,SeaExam,Khang,CS-E,NAT,2026-05-16T16:02:58.467Z,2,v2,,
seaexam_499,SeaExam,Ngoc,CS-H,NAT,2026-05-19T10:14:35.571Z,2,v2,,
seaexam_499,SeaExam,Nhu,CS-E,NAT,2026-05-16T15:02:58.467Z,2,v2,,
seaexam_500,SeaExam,Khang,CS-H,NAT,2026-05-16T16:02:58.467Z,2,v2,,
seaexam_500,SeaExam,Ngoc,CA,NAT,2026-05-19T10:14:35.571Z,2,v2,,
seaexam_500,SeaExam,Nhu,CA,NAT,2026-05-16T15:02:58.467Z,2,v2,,
seaexam_501,SeaExam,Khang,CS-H,NAT,2026-05-16T16:02:58.467Z,2,v2,,
seaexam_501,SeaExam,Ngoc,CA,NAT,2026-05-19T10:14:35.571Z,2,v2,,
seaexam_501,SeaExam,Nhu,CA,NAT,2026-05-16T15:02:58.467Z,2,v2,,
seaexam_502,SeaExam,Khang,CS-E,NAT,2026-05-16T16:02:58.467Z,2,v2,,
seaexam_502,SeaExam,Ngoc,CS-H,NAT,2026-05-19T10:14:35.571Z,2,v2,,
seaexam_502,SeaExam,Nhu,CS-H,NAT,2026-05-16T15:02:58.467Z,2,v2,,
seaexam_503,SeaExam,Khang,CS-E,NAT,2026-05-16T16:02:58.467Z,2,v2,,
seaexam_503,SeaExam,Ngoc,CS-E,NAT,2026-05-19T10:14:35.571Z,2,v2,,
seaexam_503,SeaExam,Nhu,CS-E,NAT,2026-05-16T15:02:58.467Z,2,v2,,
seaexam_504,SeaExam,Khang,CS-E,NAT,2026-05-16T16:02:58.467Z,2,v2,,
seaexam_504,SeaExam,Ngoc,CS-E,NAT,2026-05-19T10:14:35.571Z,2,v2,,
seaexam_504,SeaExam,Nhu,CS-E,NAT,2026-05-16T15:02:58.467Z,2,v2,,
seaexam_505,SeaExam,Khang,CA,NAT,2026-05-16T16:02:58.467Z,2,v2,,
seaexam_505,SeaExam,Ngoc,CA,NAT,2026-05-19T10:14:35.571Z,2,v2,,
seaexam_505,SeaExam,Nhu,CA,NAT,2026-05-16T15:02:58.467Z,2,v2,,
seaexam_506,SeaExam,Khang,CS-E,NAT,2026-05-16T16:02:58.467Z,2,v2,,
seaexam_506,SeaExam,Ngoc,CS-E,NAT,2026-05-19T10:14:35.571Z,2,v2,,
seaexam_506,SeaExam,Nhu,CS-E,NAT,2026-05-16T15:02:58.467Z,2,v2,,
seaexam_507,SeaExam,Khang,CS-H,NAT,2026-05-16T16:02:58.467Z,2,v2,,
seaexam_507,SeaExam,Ngoc,CS-H,NAT,2026-05-19T10:14:35.571Z,2,v2,,
seaexam_507,SeaExam,Nhu,CS-H,NAT,2026-05-16T15:02:58.467Z,2,v2,,
seaexam_508,SeaExam,Khang,CS-H,NAT,2026-05-16T16:02:58.467Z,2,v2,,
seaexam_508,SeaExam,Ngoc,CS-H,NAT,2026-05-19T10:14:35.571Z,2,v2,,
seaexam_508,SeaExam,Nhu,CS-H,NAT,2026-05-16T15:02:58.467Z,2,v2,,
seaexam_509,SeaExam,Khang,CS-H,NAT,2026-05-16T16:02:58.467Z,2,v2,,
seaexam_509,SeaExam,Ngoc,CS-H,NAT,2026-05-19T10:14:35.571Z,2,v2,,
seaexam_509,SeaExam,Nhu,CS-H,NAT,2026-05-16T15:02:58.467Z,2,v2,,
seaexam_510,SeaExam,Khang,CS-H,NAT,2026-05-16T16:02:58.467Z,2,v2,,
seaexam_510,SeaExam,Ngoc,CS-H,NAT,2026-05-19T10:14:35.571Z,2,v2,,
seaexam_510,SeaExam,Nhu,CS-H,NAT,2026-05-16T15:02:58.467Z,2,v2,,
seaexam_511,SeaExam,Khang,CS-H,NAT,2026-05-16T16:02:58.467Z,2,v2,,
seaexam_511,SeaExam,Ngoc,CS-H,NAT,2026-05-19T10:14:35.571Z,2,v2,,
seaexam_511,SeaExam,Nhu,CS-H,NAT,2026-05-16T15:02:58.467Z,2,v2,,
seaexam_512,SeaExam,Khang,CS-H,NAT,2026-05-16T16:02:58.467Z,2,v2,,
seaexam_512,SeaExam,Ngoc,CS-H,NAT,2026-05-19T10:14:35.571Z,2,v2,,
seaexam_512,SeaExam,Nhu,CS-H,NAT,2026-05-16T15:02:58.467Z,2,v2,,
seaexam_513,SeaExam,Khang,CS-H,NAT,2026-05-16T16:02:58.467Z,2,v2,,
seaexam_513,SeaExam,Ngoc,CS-H,NAT,2026-05-19T10:14:35.571Z,2,v2,,
seaexam_513,SeaExam,Nhu,CS-H,NAT,2026-05-16T15:02:58.467Z,2,v2,,
seaexam_514,SeaExam,Khang,CS-E,NAT,2026-05-16T16:02:58.467Z,2,v2,,
seaexam_514,SeaExam,Ngoc,CS-E,NAT,2026-05-19T10:14:35.571Z,2,v2,,
seaexam_514,SeaExam,Nhu,CS-E,NAT,2026-05-16T15:02:58.467Z,2,v2,,
seaexam_515,SeaExam,Khang,CS-E,NAT,2026-05-16T16:02:58.467Z,2,v2,,
seaexam_515,SeaExam,Ngoc,CA,NAT,2026-05-19T10:14:35.571Z,2,v2,,
seaexam_515,SeaExam,Nhu,CS-E,NAT,2026-05-16T15:02:58.467Z,2,v2,,
seaexam_516,SeaExam,Khang,CS-E,NAT,2026-05-16T16:02:58.467Z,2,v2,,
seaexam_516,SeaExam,Ngoc,CS-E,NAT,2026-05-19T10:14:35.571Z,2,v2,,
seaexam_516,SeaExam,Nhu,CS-E,NAT,2026-05-16T15:02:58.467Z,2,v2,,
seaexam_517,SeaExam,Khang,CS-H,NAT,2026-05-16T16:02:58.467Z,2,v2,,
seaexam_517,SeaExam,Ngoc,CS-H,NAT,2026-05-19T10:14:35.571Z,2,v2,,
seaexam_517,SeaExam,Nhu,CS-H,NAT,2026-05-16T15:02:58.467Z,2,v2,,
seaexam_518,SeaExam,Khang,CS-H,NAT,2026-05-16T16:02:58.467Z,2,v2,,
seaexam_518,SeaExam,Ngoc,CS-H,NAT,2026-05-19T10:14:35.571Z,2,v2,,
seaexam_518,SeaExam,Nhu,CS-H,NAT,2026-05-16T15:02:58.467Z,2,v2,,
seaexam_519,SeaExam,Khang,CS-H,NAT,2026-05-16T16:02:58.467Z,2,v2,,
seaexam_519,SeaExam,Ngoc,CS-H,NAT,2026-05-19T10:14:35.571Z,2,v2,,
seaexam_519,SeaExam,Nhu,CS-H,NAT,2026-05-16T15:02:58.467Z,2,v2,,
seaexam_520,SeaExam,Khang,CS-E,NAT,2026-05-16T16:02:58.467Z,2,v2,,
seaexam_520,SeaExam,Ngoc,CS-E,NAT,2026-05-19T10:14:35.571Z,2,v2,,
seaexam_520,SeaExam,Nhu,CS-E,NAT,2026-05-16T15:02:58.467Z,2,v2,,
seaexam_521,SeaExam,Khang,CS-H,NAT,2026-05-16T16:02:58.467Z,2,v2,,
seaexam_521,SeaExam,Ngoc,CS-H,NAT,2026-05-19T10:14:35.571Z,2,v2,,
seaexam_521,SeaExam,Nhu,CS-H,NAT,2026-05-16T15:02:58.467Z,2,v2,,
seaexam_522,SeaExam,Khang,CS-E,NAT,2026-05-16T16:02:58.467Z,2,v2,,
seaexam_522,SeaExam,Ngoc,CS-E,NAT,2026-05-19T10:14:35.571Z,2,v2,,
seaexam_522,SeaExam,Nhu,CS-E,NAT,2026-05-16T15:02:58.467Z,2,v2,,
seaexam_523,SeaExam,Khang,CS-H,NAT,2026-05-16T16:02:58.467Z,2,v2,,
seaexam_523,SeaExam,Ngoc,CS-H,NAT,2026-05-19T10:14:35.571Z,2,v2,,
seaexam_523,SeaExam,Nhu,CS-H,NAT,2026-05-16T15:02:58.467Z,2,v2,,
seaexam_524,SeaExam,Khang,CS-E,NAT,2026-05-16T16:02:58.467Z,2,v2,,
seaexam_524,SeaExam,Ngoc,CS-E,NAT,2026-05-19T10:14:35.571Z,2,v2,,
seaexam_524,SeaExam,Nhu,CS-E,NAT,2026-05-16T15:02:58.467Z,2,v2,,
seaexam_525,SeaExam,Khang,CS-H,NAT,2026-05-16T16:02:58.467Z,2,v2,,
seaexam_525,SeaExam,Ngoc,CA,NAT,2026-05-19T10:14:35.571Z,2,v2,,
seaexam_525,SeaExam,Nhu,CS-H,NAT,2026-05-16T15:02:58.467Z,2,v2,,
seaexam_526,SeaExam,Khang,CA,NAT,2026-05-16T16:02:58.467Z,2,v2,,
seaexam_526,SeaExam,Ngoc,CA,NAT,2026-05-19T10:14:35.571Z,2,v2,,
seaexam_526,SeaExam,Nhu,CA,NAT,2026-05-16T15:02:58.467Z,2,v2,,
seaexam_527,SeaExam,Khang,CS-E,NAT,2026-05-16T16:02:58.467Z,2,v2,,
seaexam_527,SeaExam,Ngoc,CS-H,NAT,2026-05-19T10:14:35.571Z,2,v2,,
seaexam_527,SeaExam,Nhu,CS-H,NAT,2026-05-16T15:02:58.467Z,2,v2,,
seaexam_528,SeaExam,Khang,CS-H,NAT,2026-05-16T16:02:58.467Z,2,v2,,
seaexam_528,SeaExam,Ngoc,CS-H,NAT,2026-05-19T10:14:35.571Z,2,v2,,
seaexam_528,SeaExam,Nhu,CS-H,NAT,2026-05-16T15:02:58.467Z,2,v2,,
seaexam_529,SeaExam,Khang,CS-E,NAT,2026-05-16T16:02:58.467Z,2,v2,,
seaexam_529,SeaExam,Ngoc,CS-E,NAT,2026-05-19T10:14:35.571Z,2,v2,,
seaexam_529,SeaExam,Nhu,CS-E,NAT,2026-05-16T15:02:58.467Z,2,v2,,
seaexam_530,SeaExam,Khang,CS-H,NAT,2026-05-16T16:02:58.467Z,2,v2,,
seaexam_530,SeaExam,Ngoc,CA,NAT,2026-05-19T10:14:35.571Z,2,v2,,
seaexam_530,SeaExam,Nhu,CS-H,NAT,2026-05-16T15:02:58.467Z,2,v2,,
seaexam_531,SeaExam,Khang,CS-E,NAT,2026-05-16T16:02:58.467Z,2,v2,,
seaexam_531,SeaExam,Ngoc,CS-H,NAT,2026-05-19T10:14:35.571Z,2,v2,,
seaexam_531,SeaExam,Nhu,CS-H,NAT,2026-05-16T15:02:58.467Z,2,v2,,
seaexam_532,SeaExam,Khang,CS-E,NAT,2026-05-16T16:02:58.467Z,2,v2,,
seaexam_532,SeaExam,Ngoc,CS-E,NAT,2026-05-19T10:14:35.571Z,2,v2,,
seaexam_532,SeaExam,Nhu,CS-E,NAT,2026-05-16T15:02:58.467Z,2,v2,,
seaexam_533,SeaExam,Khang,CA,NAT,2026-05-16T16:02:58.467Z,2,v2,,
seaexam_533,SeaExam,Ngoc,CA,NAT,2026-05-19T10:14:35.571Z,2,v2,,
seaexam_533,SeaExam,Nhu,CA,NAT,2026-05-16T15:02:58.467Z,2,v2,,
seaexam_534,SeaExam,Khang,CS-H,NAT,2026-05-16T16:02:58.467Z,2,v2,,
seaexam_534,SeaExam,Ngoc,CS-H,NAT,2026-05-19T10:14:35.571Z,2,v2,,
seaexam_534,SeaExam,Nhu,CS-H,NAT,2026-05-16T15:02:58.467Z,2,v2,,
seaexam_535,SeaExam,Khang,CS-L,NAT,2026-05-16T16:02:58.467Z,2,v2,,
seaexam_535,SeaExam,Ngoc,CS-L,NAT,2026-05-19T10:14:35.571Z,2,v2,,
seaexam_535,SeaExam,Nhu,CS-L,NAT,2026-05-16T15:02:58.467Z,2,v2,,
seaexam_536,SeaExam,Khang,CS-E,NAT,2026-05-16T16:02:58.467Z,2,v2,,
seaexam_536,SeaExam,Ngoc,CS-H,NAT,2026-05-19T10:14:35.571Z,2,v2,,
seaexam_536,SeaExam,Nhu,CS-H,NAT,2026-05-16T15:02:58.467Z,2,v2,,
seaexam_537,SeaExam,Khang,CS-H,NAT,2026-05-16T16:02:58.467Z,2,v2,,
seaexam_537,SeaExam,Ngoc,CS-H,NAT,2026-05-19T10:14:35.571Z,2,v2,,
seaexam_537,SeaExam,Nhu,CS-H,NAT,2026-05-16T15:02:58.467Z,2,v2,,
seaexam_538,SeaExam,Khang,CS-H,NAT,2026-05-16T16:02:58.467Z,2,v2,,
seaexam_538,SeaExam,Ngoc,CA,NAT,2026-05-19T10:14:35.571Z,2,v2,,
seaexam_538,SeaExam,Nhu,CA,NAT,2026-05-16T15:02:58.467Z,2,v2,,
seaexam_539,SeaExam,Khang,CS-E,NAT,2026-05-16T16:02:58.467Z,2,v2,,
seaexam_539,SeaExam,Ngoc,CS-E,NAT,2026-05-19T10:14:35.571Z,2,v2,,
seaexam_539,SeaExam,Nhu,CS-E,NAT,2026-05-16T15:02:58.467Z,2,v2,,
seaexam_540,SeaExam,Khang,CS-E,NAT,2026-05-16T16:02:58.467Z,2,v2,,
seaexam_540,SeaExam,Ngoc,CS-E,NAT,2026-05-19T10:14:35.571Z,2,v2,,
seaexam_540,SeaExam,Nhu,CS-E,NAT,2026-05-16T15:02:58.467Z,2,v2,,
seaexam_541,SeaExam,Khang,CS-E,NAT,2026-05-16T16:02:58.467Z,2,v2,,
seaexam_541,SeaExam,Ngoc,CS-H,NAT,2026-05-19T10:14:35.571Z,2,v2,,
seaexam_541,SeaExam,Nhu,CS-E,NAT,2026-05-16T15:02:58.467Z,2,v2,,
seaexam_542,SeaExam,Khang,CA,NAT,2026-05-16T16:02:58.467Z,2,v2,,
seaexam_542,SeaExam,Ngoc,CA,NAT,2026-05-19T10:14:35.571Z,2,v2,,
seaexam_542,SeaExam,Nhu,CA,NAT,2026-05-16T15:02:58.467Z,2,v2,,
seaexam_543,SeaExam,Khang,CS-H,NAT,2026-05-16T16:02:58.467Z,2,v2,,
seaexam_543,SeaExam,Ngoc,CS-H,NAT,2026-05-19T10:14:35.571Z,2,v2,,
seaexam_543,SeaExam,Nhu,CS-H,NAT,2026-05-16T15:02:58.467Z,2,v2,,
seaexam_544,SeaExam,Khang,CS-H,NAT,2026-05-16T16:02:58.467Z,2,v2,,
seaexam_544,SeaExam,Ngoc,CS-H,NAT,2026-05-19T10:14:35.571Z,2,v2,,
seaexam_544,SeaExam,Nhu,CS-H,NAT,2026-05-16T15:02:58.467Z,2,v2,,
seaexam_545,SeaExam,Khang,CS-E,NAT,2026-05-16T16:02:58.467Z,2,v2,,
seaexam_545,SeaExam,Ngoc,CS-E,NAT,2026-05-19T10:14:35.571Z,2,v2,,
seaexam_545,SeaExam,Nhu,CS-E,NAT,2026-05-16T15:02:58.467Z,2,v2,,
seaexam_546,SeaExam,Khang,CS-E,NAT,2026-05-16T16:02:58.467Z,2,v2,,
seaexam_546,SeaExam,Ngoc,CS-E,NAT,2026-05-19T10:14:35.571Z,2,v2,,
seaexam_546,SeaExam,Nhu,CS-E,NAT,2026-05-16T15:02:58.467Z,2,v2,,
seaexam_547,SeaExam,Khang,CS-E,NAT,2026-05-16T16:02:58.467Z,2,v2,,
seaexam_547,SeaExam,Ngoc,CS-H,NAT,2026-05-19T10:14:35.571Z,2,v2,,
seaexam_547,SeaExam,Nhu,CS-E,NAT,2026-05-16T15:02:58.467Z,2,v2,,
seaexam_548,SeaExam,Khang,CS-H,NAT,2026-05-16T16:02:58.467Z,2,v2,,
seaexam_548,SeaExam,Ngoc,CA,NAT,2026-05-19T10:14:35.571Z,2,v2,,
seaexam_548,SeaExam,Nhu,CA,NAT,2026-05-16T15:02:58.467Z,2,v2,,
seaexam_549,SeaExam,Khang,CS-H,NAT,2026-05-16T16:02:58.467Z,2,v2,,
seaexam_549,SeaExam,Ngoc,CS-H,NAT,2026-05-19T10:14:35.571Z,2,v2,,
seaexam_549,SeaExam,Nhu,CS-H,NAT,2026-05-16T15:02:58.467Z,2,v2,,
seaexam_550,SeaExam,Khang,CS-E,NAT,2026-05-16T16:02:58.467Z,2,v2,,
seaexam_550,SeaExam,Ngoc,CS-E,NAT,2026-05-19T10:14:35.571Z,2,v2,,
seaexam_550,SeaExam,Nhu,CS-E,NAT,2026-05-16T15:02:58.467Z,2,v2,,
seaexam_551,SeaExam,Khang,CS-E,NAT,2026-05-16T16:02:58.467Z,2,v2,,
seaexam_551,SeaExam,Ngoc,CS-E,NAT,2026-05-19T10:14:35.571Z,2,v2,,
seaexam_551,SeaExam,Nhu,CS-E,NAT,2026-05-16T15:02:58.467Z,2,v2,,
seaexam_552,SeaExam,Khang,CS-E,NAT,2026-05-16T16:02:58.467Z,2,v2,,
seaexam_552,SeaExam,Ngoc,CS-H,NAT,2026-05-19T10:14:35.571Z,2,v2,,
seaexam_552,SeaExam,Nhu,CS-E,NAT,2026-05-16T15:02:58.467Z,2,v2,,
seaexam_553,SeaExam,Khang,CS-E,NAT,2026-05-16T16:02:58.467Z,2,v2,,
seaexam_553,SeaExam,Ngoc,CS-E,NAT,2026-05-19T10:14:35.571Z,2,v2,,
seaexam_553,SeaExam,Nhu,CS-E,NAT,2026-05-16T15:02:58.467Z,2,v2,,
seaexam_554,SeaExam,Khang,CS-H,NAT,2026-05-16T16:02:58.467Z,2,v2,,
seaexam_554,SeaExam,Ngoc,CS-H,NAT,2026-05-19T10:14:35.571Z,2,v2,,
seaexam_554,SeaExam,Nhu,CS-H,NAT,2026-05-16T15:02:58.467Z,2,v2,,
seaexam_555,SeaExam,Khang,CA,NAT,2026-05-16T16:02:58.467Z,2,v2,,
seaexam_555,SeaExam,Ngoc,CA,NAT,2026-05-19T10:14:35.571Z,2,v2,,
seaexam_555,SeaExam,Nhu,CA,NAT,2026-05-16T15:02:58.467Z,2,v2,,
seaexam_556,SeaExam,Khang,CA,NAT,2026-05-16T16:02:58.467Z,2,v2,,
seaexam_556,SeaExam,Ngoc,CA,NAT,2026-05-19T10:14:35.571Z,2,v2,,
seaexam_556,SeaExam,Nhu,CA,NAT,2026-05-16T15:02:58.467Z,2,v2,,
seaexam_557,SeaExam,Khang,CS-E,NAT,2026-05-16T16:02:58.467Z,2,v2,,
seaexam_557,SeaExam,Ngoc,CS-E,NAT,2026-05-19T10:14:35.571Z,2,v2,,
seaexam_557,SeaExam,Nhu,CS-E,NAT,2026-05-16T15:02:58.467Z,2,v2,,
seaexam_558,SeaExam,Khang,CS-H,NAT,2026-05-16T16:02:58.467Z,2,v2,,
seaexam_558,SeaExam,Ngoc,CS-H,NAT,2026-05-19T10:14:35.571Z,2,v2,,
seaexam_558,SeaExam,Nhu,CS-H,NAT,2026-05-16T15:02:58.467Z,2,v2,,
seaexam_559,SeaExam,Khang,CS-H,NAT,2026-05-16T16:02:58.467Z,2,v2,,
seaexam_559,SeaExam,Ngoc,CS-H,NAT,2026-05-19T10:14:35.571Z,2,v2,,
seaexam_559,SeaExam,Nhu,CS-H,NAT,2026-05-16T15:02:58.467Z,2,v2,,
seaexam_560,SeaExam,Khang,CS-H,NAT,2026-05-16T16:02:58.467Z,2,v2,,
seaexam_560,SeaExam,Ngoc,CA,NAT,2026-05-19T10:14:35.571Z,2,v2,,
seaexam_560,SeaExam,Nhu,CA,NAT,2026-05-16T15:02:58.467Z,2,v2,,
seaexam_561,SeaExam,Khang,CS-H,NAT,2026-05-16T16:02:58.467Z,2,v2,,
seaexam_561,SeaExam,Ngoc,CS-H,NAT,2026-05-19T10:14:35.571Z,2,v2,,
seaexam_561,SeaExam,Nhu,CS-H,NAT,2026-05-16T15:02:58.467Z,2,v2,,
seaexam_562,SeaExam,Khang,CS-E,NAT,2026-05-16T16:02:58.467Z,2,v2,,
seaexam_562,SeaExam,Ngoc,CS-E,NAT,2026-05-19T10:14:35.571Z,2,v2,,
seaexam_562,SeaExam,Nhu,CS-E,NAT,2026-05-16T15:02:58.467Z,2,v2,,
seaexam_563,SeaExam,Khang,CS-E,NAT,2026-05-16T16:02:58.467Z,2,v2,,
seaexam_563,SeaExam,Ngoc,CS-H,NAT,2026-05-19T10:14:35.571Z,2,v2,,
seaexam_563,SeaExam,Nhu,CS-E,NAT,2026-05-16T15:02:58.467Z,2,v2,,
seaexam_564,SeaExam,Khang,CS-H,NAT,2026-05-16T16:02:58.467Z,2,v2,,
seaexam_564,SeaExam,Ngoc,CS-H,NAT,2026-05-19T10:14:35.571Z,2,v2,,
seaexam_564,SeaExam,Nhu,CS-H,NAT,2026-05-16T15:02:58.467Z,2,v2,,
seaexam_565,SeaExam,Khang,CS-H,NAT,2026-05-16T16:02:58.467Z,2,v2,,
seaexam_565,SeaExam,Ngoc,CS-H,NAT,2026-05-19T10:14:35.571Z,2,v2,,
seaexam_565,SeaExam,Nhu,CS-H,NAT,2026-05-16T15:02:58.467Z,2,v2,,
seaexam_566,SeaExam,Khang,CS-E,NAT,2026-05-16T16:02:58.467Z,2,v2,,
seaexam_566,SeaExam,Ngoc,CS-E,NAT,2026-05-19T10:14:35.571Z,2,v2,,
seaexam_566,SeaExam,Nhu,CS-E,NAT,2026-05-16T15:02:58.467Z,2,v2,,
seaexam_567,SeaExam,Khang,CS-H,NAT,2026-05-16T16:02:58.467Z,2,v2,,
seaexam_567,SeaExam,Ngoc,CS-H,NAT,2026-05-19T10:14:35.571Z,2,v2,,
seaexam_567,SeaExam,Nhu,CS-H,NAT,2026-05-16T15:02:58.467Z,2,v2,,
seaexam_568,SeaExam,Khang,CS-H,NAT,2026-05-16T16:02:58.467Z,2,v2,,
seaexam_568,SeaExam,Ngoc,CS-H,NAT,2026-05-19T10:14:35.571Z,2,v2,,
seaexam_568,SeaExam,Nhu,CS-H,NAT,2026-05-16T15:02:58.467Z,2,v2,,
seaexam_569,SeaExam,Khang,CA,NAT,2026-05-16T16:02:58.467Z,2,v2,,
seaexam_569,SeaExam,Ngoc,CA,NAT,2026-05-19T10:14:35.571Z,2,v2,,
seaexam_569,SeaExam,Nhu,CA,NAT,2026-05-16T15:02:58.467Z,2,v2,,
seaexam_570,SeaExam,Khang,CS-L,NAT,2026-05-16T16:02:58.467Z,2,v2,,
seaexam_570,SeaExam,Ngoc,CS-L,NAT,2026-05-19T10:14:35.571Z,2,v2,,
seaexam_570,SeaExam,Nhu,CS-L,NAT,2026-05-16T15:02:58.467Z,2,v2,,
seaexam_571,SeaExam,Khang,CS-H,NAT,2026-05-16T16:02:58.467Z,2,v2,,
seaexam_571,SeaExam,Ngoc,CS-H,NAT,2026-05-19T10:14:35.571Z,2,v2,,
seaexam_571,SeaExam,Nhu,CS-H,NAT,2026-05-16T15:02:58.467Z,2,v2,,
seaexam_572,SeaExam,Khang,CS-H,NAT,2026-05-16T16:02:58.467Z,2,v2,,
seaexam_572,SeaExam,Ngoc,CS-H,NAT,2026-05-19T10:14:35.571Z,2,v2,,
seaexam_572,SeaExam,Nhu,CS-H,NAT,2026-05-16T15:02:58.467Z,2,v2,,
seaexam_573,SeaExam,Khang,CA,NAT,2026-05-16T16:02:58.467Z,2,v2,,
seaexam_573,SeaExam,Ngoc,CS-H,TRA,2026-05-19T10:14:35.571Z,2,v2,,
seaexam_573,SeaExam,Nhu,CA,NAT,2026-05-16T15:02:58.467Z,2,v2,,
seaexam_574,SeaExam,Khang,CS-H,NAT,2026-05-16T16:02:58.467Z,2,v2,,
seaexam_574,SeaExam,Ngoc,CA,TRA,2026-05-19T10:14:35.571Z,2,v2,,
seaexam_574,SeaExam,Nhu,CS-H,NAT,2026-05-16T15:02:58.467Z,2,v2,,
seaexam_575,SeaExam,Khang,CS-E,NAT,2026-05-16T16:02:58.467Z,2,v2,,
seaexam_575,SeaExam,Ngoc,CS-E,NAT,2026-05-19T10:14:35.571Z,2,v2,,
seaexam_575,SeaExam,Nhu,CS-E,NAT,2026-05-16T15:02:58.467Z,2,v2,,
seaexam_576,SeaExam,Khang,CS-H,NAT,2026-05-16T16:02:58.467Z,2,v2,,
seaexam_576,SeaExam,Ngoc,CS-H,NAT,2026-05-19T10:14:35.571Z,2,v2,,
seaexam_576,SeaExam,Nhu,CS-H,NAT,2026-05-16T15:02:58.467Z,2,v2,,
seaexam_577,SeaExam,Khang,CS-E,NAT,2026-05-16T16:02:58.467Z,2,v2,,
seaexam_577,SeaExam,Ngoc,CS-E,NAT,2026-05-19T10:14:35.571Z,2,v2,,
seaexam_577,SeaExam,Nhu,CS-E,NAT,2026-05-16T15:02:58.467Z,2,v2,,
seaexam_578,SeaExam,Khang,CS-E,NAT,2026-05-16T16:02:58.467Z,2,v2,,
seaexam_578,SeaExam,Ngoc,CS-E,NAT,2026-05-19T10:14:35.571Z,2,v2,,
seaexam_578,SeaExam,Nhu,CS-E,NAT,2026-05-16T15:02:58.467Z,2,v2,,
seaexam_579,SeaExam,Khang,CS-H,NAT,2026-05-16T16:02:58.467Z,2,v2,,
seaexam_579,SeaExam,Ngoc,CS-H,NAT,2026-05-19T10:14:35.571Z,2,v2,,
seaexam_579,SeaExam,Nhu,CS-H,NAT,2026-05-16T15:02:58.467Z,2,v2,,
seaexam_580,SeaExam,Khang,CS-E,NAT,2026-05-16T16:02:58.467Z,2,v2,,
seaexam_580,SeaExam,Ngoc,CS-H,NAT,2026-05-19T10:14:35.571Z,2,v2,,
seaexam_580,SeaExam,Nhu,CS-E,NAT,2026-05-16T15:02:58.467Z,2,v2,,
seaexam_581,SeaExam,Khang,CS-E,NAT,2026-05-16T16:02:58.467Z,2,v2,,
seaexam_581,SeaExam,Ngoc,CS-E,NAT,2026-05-19T10:14:35.571Z,2,v2,,
seaexam_581,SeaExam,Nhu,CS-E,NAT,2026-05-16T15:02:58.467Z,2,v2,,
seaexam_582,SeaExam,Khang,CA,NAT,2026-05-16T16:02:58.467Z,2,v2,,
seaexam_582,SeaExam,Ngoc,CA,NAT,2026-05-19T10:14:35.571Z,2,v2,,
seaexam_582,SeaExam,Nhu,CA,NAT,2026-05-16T15:02:58.467Z,2,v2,,
seaexam_583,SeaExam,Khang,CS-E,NAT,2026-05-16T16:02:58.467Z,2,v2,,
seaexam_583,SeaExam,Ngoc,CS-E,NAT,2026-05-19T10:14:35.571Z,2,v2,,
seaexam_583,SeaExam,Nhu,CS-E,NAT,2026-05-16T15:02:58.467Z,2,v2,,
seaexam_584,SeaExam,Khang,CS-H,NAT,2026-05-16T16:02:58.467Z,2,v2,,
seaexam_584,SeaExam,Ngoc,CS-H,NAT,2026-05-19T10:14:35.571Z,2,v2,,
seaexam_584,SeaExam,Nhu,CS-H,NAT,2026-05-16T15:02:58.467Z,2,v2,,
seaexam_585,SeaExam,Khang,CS-E,NAT,2026-05-16T16:02:58.467Z,2,v2,,
seaexam_585,SeaExam,Ngoc,CS-H,NAT,2026-05-19T10:14:35.571Z,2,v2,,
seaexam_585,SeaExam,Nhu,CS-E,NAT,2026-05-16T15:02:58.467Z,2,v2,,
seaexam_586,SeaExam,Khang,CS-H,NAT,2026-05-16T16:02:58.467Z,2,v2,,
seaexam_586,SeaExam,Ngoc,CS-H,NAT,2026-05-19T10:14:35.571Z,2,v2,,
seaexam_586,SeaExam,Nhu,CS-H,NAT,2026-05-16T15:02:58.467Z,2,v2,,
seaexam_587,SeaExam,Khang,CA,NAT,2026-05-16T16:02:58.467Z,2,v2,,
seaexam_587,SeaExam,Ngoc,CS-E,NAT,2026-05-19T10:14:35.571Z,2,v2,,
seaexam_587,SeaExam,Nhu,CA,NAT,2026-05-16T15:02:58.467Z,2,v2,,
seaexam_588,SeaExam,Khang,CS-H,NAT,2026-05-16T16:02:58.467Z,2,v2,,
seaexam_588,SeaExam,Ngoc,CS-H,NAT,2026-05-19T10:14:35.571Z,2,v2,,
seaexam_588,SeaExam,Nhu,CS-H,NAT,2026-05-16T15:02:58.467Z,2,v2,,
seaexam_589,SeaExam,Khang,CS-E,NAT,2026-05-16T16:02:58.467Z,2,v2,,
seaexam_589,SeaExam,Ngoc,CS-H,NAT,2026-05-19T10:14:35.571Z,2,v2,,
seaexam_589,SeaExam,Nhu,CS-E,NAT,2026-05-16T15:02:58.467Z,2,v2,,
seaexam_590,SeaExam,Khang,CS-H,NAT,2026-05-16T16:02:58.467Z,2,v2,,
seaexam_590,SeaExam,Ngoc,CS-H,NAT,2026-05-19T10:14:35.571Z,2,v2,,
seaexam_590,SeaExam,Nhu,CS-H,NAT,2026-05-16T15:02:58.467Z,2,v2,,
seaexam_591,SeaExam,Khang,CS-H,NAT,2026-05-16T16:02:58.467Z,2,v2,,
seaexam_591,SeaExam,Ngoc,CA,NAT,2026-05-19T10:14:35.571Z,2,v2,,
seaexam_591,SeaExam,Nhu,CA,NAT,2026-05-16T15:02:58.467Z,2,v2,,
seaexam_592,SeaExam,Khang,CS-E,NAT,2026-05-16T16:02:58.467Z,2,v2,,
seaexam_592,SeaExam,Ngoc,CS-E,NAT,2026-05-19T10:14:35.571Z,2,v2,,
seaexam_592,SeaExam,Nhu,CS-E,NAT,2026-05-16T15:02:58.467Z,2,v2,,
seaexam_593,SeaExam,Khang,CS-H,NAT,2026-05-16T16:02:58.467Z,2,v2,,
seaexam_593,SeaExam,Ngoc,CS-H,NAT,2026-05-19T10:14:35.571Z,2,v2,,
seaexam_593,SeaExam,Nhu,CS-H,NAT,2026-05-16T15:02:58.467Z,2,v2,,
seaexam_594,SeaExam,Khang,CS-E,NAT,2026-05-16T16:02:58.467Z,2,v2,,
seaexam_594,SeaExam,Ngoc,CS-E,NAT,2026-05-19T10:14:35.571Z,2,v2,,
seaexam_594,SeaExam,Nhu,CS-E,NAT,2026-05-16T15:02:58.467Z,2,v2,,
seaexam_595,SeaExam,Khang,CS-H,NAT,2026-05-16T16:02:58.467Z,2,v2,,
seaexam_595,SeaExam,Ngoc,CS-H,NAT,2026-05-19T10:14:35.571Z,2,v2,,
seaexam_595,SeaExam,Nhu,CS-H,NAT,2026-05-16T15:02:58.467Z,2,v2,,
seaexam_596,SeaExam,Khang,CS-E,NAT,2026-05-16T16:02:58.467Z,2,v2,,
seaexam_596,SeaExam,Ngoc,CA,NAT,2026-05-19T10:14:35.571Z,2,v2,,
seaexam_596,SeaExam,Nhu,CA,NAT,2026-05-16T15:02:58.467Z,2,v2,,
seaexam_597,SeaExam,Khang,CS-H,NAT,2026-05-16T16:02:58.467Z,2,v2,,
seaexam_597,SeaExam,Ngoc,CS-H,NAT,2026-05-19T10:14:35.571Z,2,v2,,
seaexam_597,SeaExam,Nhu,CS-H,NAT,2026-05-16T15:02:58.467Z,2,v2,,
seaexam_598,SeaExam,Khang,CS-E,NAT,2026-05-16T16:02:58.467Z,2,v2,,
seaexam_598,SeaExam,Ngoc,CS-E,NAT,2026-05-19T10:14:35.571Z,2,v2,,
seaexam_598,SeaExam,Nhu,CS-E,NAT,2026-05-16T15:02:58.467Z,2,v2,,
seaexam_599,SeaExam,Khang,CS-H,NAT,2026-05-16T16:02:58.467Z,2,v2,,
seaexam_599,SeaExam,Ngoc,CS-H,NAT,2026-05-19T10:14:35.571Z,2,v2,,
seaexam_599,SeaExam,Nhu,CS-H,NAT,2026-05-16T15:02:58.467Z,2,v2,,
seaexam_600,SeaExam,Khang,CA,NAT,2026-05-29T14:29:16.079Z,3,v3,,
seaexam_600,SeaExam,Ngoc,CA,NAT,2026-05-29T05:12:12.816Z,3,v3,,
seaexam_600,SeaExam,Nhu,CA,NAT,2026-05-29T12:29:16.079Z,3,v3,,
seaexam_601,SeaExam,Khang,CS-E,NAT,2026-05-29T14:29:16.079Z,3,v3,,
seaexam_601,SeaExam,Ngoc,CA,NAT,2026-05-29T05:12:12.816Z,3,v3,,
seaexam_601,SeaExam,Nhu,CA,NAT,2026-05-29T12:29:16.079Z,3,v3,,
seaexam_602,SeaExam,Khang,CS-E,NAT,2026-05-29T14:29:16.079Z,3,v3,,
seaexam_602,SeaExam,Ngoc,CS-E,NAT,2026-05-29T05:12:12.816Z,3,v3,,
seaexam_602,SeaExam,Nhu,CS-E,NAT,2026-05-29T12:29:16.079Z,3,v3,,
seaexam_603,SeaExam,Khang,CS-E,NAT,2026-05-29T14:29:16.079Z,3,v3,,
seaexam_603,SeaExam,Ngoc,CS-E,NAT,2026-05-29T05:12:12.816Z,3,v3,,
seaexam_603,SeaExam,Nhu,CS-E,NAT,2026-05-29T12:29:16.079Z,3,v3,,
seaexam_604,SeaExam,Khang,CS-E,NAT,2026-05-29T14:29:16.079Z,3,v3,,
seaexam_604,SeaExam,Ngoc,CS-E,NAT,2026-05-29T05:12:12.816Z,3,v3,,
seaexam_604,SeaExam,Nhu,CS-E,NAT,2026-05-29T12:29:16.079Z,3,v3,,
seaexam_605,SeaExam,Khang,CS-H,NAT,2026-05-29T14:29:16.079Z,3,v3,,
seaexam_605,SeaExam,Ngoc,CS-E,NAT,2026-05-29T05:12:12.816Z,3,v3,,
seaexam_605,SeaExam,Nhu,CS-H,NAT,2026-05-29T12:29:16.079Z,3,v3,,
seaexam_606,SeaExam,Khang,CS-E,NAT,2026-05-29T14:29:16.079Z,3,v3,,
seaexam_606,SeaExam,Ngoc,CS-E,NAT,2026-05-29T05:12:12.816Z,3,v3,,
seaexam_606,SeaExam,Nhu,CS-E,NAT,2026-05-29T12:29:16.079Z,3,v3,,
seaexam_607,SeaExam,Khang,CS-H,NAT,2026-05-29T14:29:16.079Z,3,v3,,
seaexam_607,SeaExam,Ngoc,CS-H,NAT,2026-05-29T05:12:12.816Z,3,v3,,
seaexam_607,SeaExam,Nhu,CS-H,NAT,2026-05-29T12:29:16.079Z,3,v3,,
seaexam_608,SeaExam,Khang,CS-H,NAT,2026-05-29T14:29:16.079Z,3,v3,,
seaexam_608,SeaExam,Ngoc,CS-H,NAT,2026-05-29T05:12:12.816Z,3,v3,,
seaexam_608,SeaExam,Nhu,CS-H,NAT,2026-05-29T12:29:16.079Z,3,v3,,
seaexam_609,SeaExam,Khang,CS-H,NAT,2026-05-29T14:29:16.079Z,3,v3,,
seaexam_609,SeaExam,Ngoc,CS-H,NAT,2026-05-29T05:12:12.816Z,3,v3,,
seaexam_609,SeaExam,Nhu,CS-H,NAT,2026-05-29T12:29:16.079Z,3,v3,,
seaexam_610,SeaExam,Khang,CS-L,NAT,2026-05-29T14:29:16.079Z,3,v3,,
seaexam_610,SeaExam,Ngoc,CS-L,NAT,2026-05-29T05:12:12.816Z,3,v3,,
seaexam_610,SeaExam,Nhu,CS-L,NAT,2026-05-29T12:29:16.079Z,3,v3,,
seaexam_611,SeaExam,Khang,CS-H,NAT,2026-05-29T14:29:16.079Z,3,v3,,
seaexam_611,SeaExam,Ngoc,CS-H,NAT,2026-05-29T05:12:12.816Z,3,v3,,
seaexam_611,SeaExam,Nhu,CS-H,NAT,2026-05-29T12:29:16.079Z,3,v3,,
seaexam_612,SeaExam,Khang,CS-E,NAT,2026-05-29T14:29:16.079Z,3,v3,,
seaexam_612,SeaExam,Ngoc,CS-H,NAT,2026-05-29T05:12:12.816Z,3,v3,,
seaexam_612,SeaExam,Nhu,CS-E,NAT,2026-05-29T12:29:16.079Z,3,v3,,
seaexam_613,SeaExam,Khang,CS-E,NAT,2026-05-29T14:29:16.079Z,3,v3,,
seaexam_613,SeaExam,Ngoc,CS-E,NAT,2026-05-29T05:12:12.816Z,3,v3,,
seaexam_613,SeaExam,Nhu,CS-E,NAT,2026-05-29T12:29:16.079Z,3,v3,,
seaexam_614,SeaExam,Khang,CS-E,NAT,2026-05-29T14:29:16.079Z,3,v3,,
seaexam_614,SeaExam,Ngoc,CS-E,NAT,2026-05-29T05:12:12.816Z,3,v3,,
seaexam_614,SeaExam,Nhu,CS-E,NAT,2026-05-29T12:29:16.079Z,3,v3,,
seaexam_615,SeaExam,Khang,CA,NAT,2026-05-29T14:29:16.079Z,3,v3,,
seaexam_615,SeaExam,Ngoc,CA,NAT,2026-05-29T05:12:12.816Z,3,v3,,
seaexam_615,SeaExam,Nhu,CA,NAT,2026-05-29T12:29:16.079Z,3,v3,,
seaexam_616,SeaExam,Khang,CS-H,NAT,2026-05-29T14:29:16.079Z,3,v3,,
seaexam_616,SeaExam,Ngoc,CS-H,NAT,2026-05-29T05:12:12.816Z,3,v3,,
seaexam_616,SeaExam,Nhu,CS-H,NAT,2026-05-29T12:29:16.079Z,3,v3,,
seaexam_617,SeaExam,Khang,CS-E,NAT,2026-05-29T14:29:16.079Z,3,v3,,
seaexam_617,SeaExam,Ngoc,CS-E,NAT,2026-05-29T05:12:12.817Z,3,v3,,
seaexam_617,SeaExam,Nhu,CS-E,NAT,2026-05-29T12:29:16.079Z,3,v3,,
seaexam_618,SeaExam,Khang,CS-E,NAT,2026-05-29T14:29:16.079Z,3,v3,,
seaexam_618,SeaExam,Ngoc,CS-E,NAT,2026-05-29T05:12:12.817Z,3,v3,,
seaexam_618,SeaExam,Nhu,CS-E,NAT,2026-05-29T12:29:16.079Z,3,v3,,
seaexam_619,SeaExam,Khang,CA,NAT,2026-05-29T14:29:16.079Z,3,v3,,
seaexam_619,SeaExam,Ngoc,CA,NAT,2026-05-29T05:12:12.817Z,3,v3,,
seaexam_619,SeaExam,Nhu,CA,NAT,2026-05-29T12:29:16.079Z,3,v3,,
seaexam_620,SeaExam,Khang,CS-E,NAT,2026-05-29T14:29:16.079Z,3,v3,,
seaexam_620,SeaExam,Ngoc,CS-E,NAT,2026-05-29T05:12:12.817Z,3,v3,,
seaexam_620,SeaExam,Nhu,CS-E,NAT,2026-05-29T12:29:16.079Z,3,v3,,
seaexam_621,SeaExam,Khang,CS-H,NAT,2026-05-29T14:29:16.079Z,3,v3,,
seaexam_621,SeaExam,Ngoc,CS-H,NAT,2026-05-29T05:12:12.817Z,3,v3,,
seaexam_621,SeaExam,Nhu,CS-H,NAT,2026-05-29T12:29:16.079Z,3,v3,,
seaexam_622,SeaExam,Khang,CS-L,NAT,2026-05-29T14:29:16.079Z,3,v3,,
seaexam_622,SeaExam,Ngoc,CS-L,NAT,2026-05-29T05:12:12.817Z,3,v3,,
seaexam_622,SeaExam,Nhu,CS-L,NAT,2026-05-29T12:29:16.079Z,3,v3,,
seaexam_623,SeaExam,Khang,CS-L,NAT,2026-05-29T14:29:16.079Z,3,v3,,
seaexam_623,SeaExam,Ngoc,CS-L,NAT,2026-05-29T05:12:12.817Z,3,v3,,
seaexam_623,SeaExam,Nhu,CS-L,NAT,2026-05-29T12:29:16.079Z,3,v3,,
seaexam_624,SeaExam,Khang,CS-H,NAT,2026-05-29T14:29:16.079Z,3,v3,,
seaexam_624,SeaExam,Ngoc,CS-H,NAT,2026-05-29T05:12:12.817Z,3,v3,,
seaexam_624,SeaExam,Nhu,CS-H,NAT,2026-05-29T12:29:16.079Z,3,v3,,
seaexam_625,SeaExam,Khang,CS-H,NAT,2026-05-29T14:29:16.079Z,3,v3,,
seaexam_625,SeaExam,Ngoc,CS-H,NAT,2026-05-29T05:12:12.817Z,3,v3,,
seaexam_625,SeaExam,Nhu,CS-H,NAT,2026-05-29T12:29:16.079Z,3,v3,,
seaexam_626,SeaExam,Khang,CS-E,NAT,2026-05-29T14:29:16.079Z,3,v3,,
seaexam_626,SeaExam,Ngoc,CS-E,NAT,2026-05-29T05:12:12.817Z,3,v3,,
seaexam_626,SeaExam,Nhu,CS-E,NAT,2026-05-29T12:29:16.079Z,3,v3,,
seaexam_627,SeaExam,Khang,CS-H,NAT,2026-05-29T14:29:16.079Z,3,v3,,
seaexam_627,SeaExam,Ngoc,CS-H,NAT,2026-05-29T05:12:12.817Z,3,v3,,
seaexam_627,SeaExam,Nhu,CS-H,NAT,2026-05-29T12:29:16.079Z,3,v3,,
seaexam_628,SeaExam,Khang,CS-H,NAT,2026-05-29T14:29:16.079Z,3,v3,,
seaexam_628,SeaExam,Ngoc,UNK,NAT,2026-05-29T05:12:12.817Z,3,v3,,
seaexam_628,SeaExam,Nhu,CS-H,NAT,2026-05-29T12:29:16.079Z,3,v3,,
seaexam_629,SeaExam,Khang,CS-H,NAT,2026-05-29T14:29:16.079Z,3,v3,,
seaexam_629,SeaExam,Ngoc,CS-H,NAT,2026-05-29T05:12:12.817Z,3,v3,,
seaexam_629,SeaExam,Nhu,CS-H,NAT,2026-05-29T12:29:16.079Z,3,v3,,
seaexam_630,SeaExam,Khang,CS-E,NAT,2026-05-29T14:29:16.079Z,3,v3,,
seaexam_630,SeaExam,Ngoc,CS-E,NAT,2026-05-29T05:12:12.817Z,3,v3,,
seaexam_630,SeaExam,Nhu,CS-E,NAT,2026-05-29T12:29:16.079Z,3,v3,,
seaexam_631,SeaExam,Khang,CS-E,NAT,2026-05-29T14:29:16.079Z,3,v3,,
seaexam_631,SeaExam,Ngoc,CS-E,NAT,2026-05-29T05:12:12.817Z,3,v3,,
seaexam_631,SeaExam,Nhu,CS-E,NAT,2026-05-29T12:29:16.079Z,3,v3,,
seaexam_632,SeaExam,Khang,CS-E,NAT,2026-05-29T14:29:16.080Z,3,v3,,
seaexam_632,SeaExam,Ngoc,CS-E,NAT,2026-05-29T05:12:12.817Z,3,v3,,
seaexam_632,SeaExam,Nhu,CS-E,NAT,2026-05-29T12:29:16.080Z,3,v3,,
seaexam_633,SeaExam,Khang,CS-E,NAT,2026-05-29T14:29:16.080Z,3,v3,,
seaexam_633,SeaExam,Ngoc,CS-E,NAT,2026-05-29T05:12:12.817Z,3,v3,,
seaexam_633,SeaExam,Nhu,CS-E,NAT,2026-05-29T12:29:16.080Z,3,v3,,
seaexam_634,SeaExam,Khang,CS-L,NAT,2026-05-29T14:29:16.080Z,3,v3,,
seaexam_634,SeaExam,Ngoc,CS-L,NAT,2026-05-29T05:12:12.817Z,3,v3,,
seaexam_634,SeaExam,Nhu,CS-L,NAT,2026-05-29T12:29:16.080Z,3,v3,,
seaexam_635,SeaExam,Khang,CA,NAT,2026-05-29T14:29:16.080Z,3,v3,,
seaexam_635,SeaExam,Ngoc,CA,NAT,2026-05-29T05:12:12.817Z,3,v3,,
seaexam_635,SeaExam,Nhu,CA,NAT,2026-05-29T12:29:16.080Z,3,v3,,
seaexam_636,SeaExam,Khang,CS-E,NAT,2026-05-29T14:29:16.080Z,3,v3,,
seaexam_636,SeaExam,Ngoc,CS-E,NAT,2026-05-29T05:12:12.817Z,3,v3,,
seaexam_636,SeaExam,Nhu,CS-E,NAT,2026-05-29T12:29:16.080Z,3,v3,,
seaexam_637,SeaExam,Khang,CS-E,NAT,2026-05-29T14:29:16.080Z,3,v3,,
seaexam_637,SeaExam,Ngoc,CS-E,NAT,2026-05-29T05:12:12.817Z,3,v3,,
seaexam_637,SeaExam,Nhu,CS-E,NAT,2026-05-29T12:29:16.080Z,3,v3,,
seaexam_638,SeaExam,Khang,CS-H,NAT,2026-05-29T14:29:16.080Z,3,v3,,
seaexam_638,SeaExam,Ngoc,CS-H,NAT,2026-05-29T05:12:12.817Z,3,v3,,
seaexam_638,SeaExam,Nhu,CS-H,NAT,2026-05-29T12:29:16.080Z,3,v3,,
seaexam_639,SeaExam,Khang,CS-E,NAT,2026-05-29T14:29:16.080Z,3,v3,,
seaexam_639,SeaExam,Ngoc,CS-E,NAT,2026-05-29T05:12:12.817Z,3,v3,,
seaexam_639,SeaExam,Nhu,CS-E,NAT,2026-05-29T12:29:16.080Z,3,v3,,
seaexam_640,SeaExam,Khang,CS-H,NAT,2026-05-29T14:29:16.080Z,3,v3,,
seaexam_640,SeaExam,Ngoc,CS-H,NAT,2026-05-29T05:12:12.817Z,3,v3,,
seaexam_640,SeaExam,Nhu,CS-H,NAT,2026-05-29T12:29:16.080Z,3,v3,,
seaexam_641,SeaExam,Khang,CS-E,NAT,2026-05-29T14:29:16.080Z,3,v3,,
seaexam_641,SeaExam,Ngoc,CS-E,NAT,2026-05-29T05:12:12.817Z,3,v3,,
seaexam_641,SeaExam,Nhu,CS-E,NAT,2026-05-29T12:29:16.080Z,3,v3,,
seaexam_642,SeaExam,Khang,CA,NAT,2026-05-29T14:29:16.080Z,3,v3,,
seaexam_642,SeaExam,Ngoc,CA,NAT,2026-05-29T05:12:12.817Z,3,v3,,
seaexam_642,SeaExam,Nhu,CA,NAT,2026-05-29T12:29:16.080Z,3,v3,,
seaexam_643,SeaExam,Khang,CS-H,NAT,2026-05-29T14:29:16.080Z,3,v3,,
seaexam_643,SeaExam,Ngoc,CS-H,NAT,2026-05-29T05:12:12.817Z,3,v3,,
seaexam_643,SeaExam,Nhu,CS-H,NAT,2026-05-29T12:29:16.080Z,3,v3,,
seaexam_644,SeaExam,Khang,CS-H,NAT,2026-05-29T14:29:16.080Z,3,v3,,
seaexam_644,SeaExam,Ngoc,CS-H,NAT,2026-05-29T05:12:12.817Z,3,v3,,
seaexam_644,SeaExam,Nhu,CS-H,NAT,2026-05-29T12:29:16.080Z,3,v3,,
seaexam_645,SeaExam,Khang,CS-E,NAT,2026-05-29T14:29:16.080Z,3,v3,,
seaexam_645,SeaExam,Ngoc,CS-E,NAT,2026-05-29T05:12:12.817Z,3,v3,,
seaexam_645,SeaExam,Nhu,CS-E,NAT,2026-05-29T12:29:16.080Z,3,v3,,
seaexam_646,SeaExam,Khang,CS-H,NAT,2026-05-29T14:29:16.080Z,3,v3,,
seaexam_646,SeaExam,Ngoc,CS-H,NAT,2026-05-29T05:12:12.817Z,3,v3,,
seaexam_646,SeaExam,Nhu,CS-H,NAT,2026-05-29T12:29:16.080Z,3,v3,,
seaexam_647,SeaExam,Khang,CS-E,NAT,2026-05-29T14:29:16.080Z,3,v3,,
seaexam_647,SeaExam,Ngoc,CS-E,NAT,2026-05-29T05:12:12.817Z,3,v3,,
seaexam_647,SeaExam,Nhu,CS-E,NAT,2026-05-29T12:29:16.080Z,3,v3,,
seaexam_648,SeaExam,Khang,CS-H,NAT,2026-05-29T14:29:16.080Z,3,v3,,
seaexam_648,SeaExam,Ngoc,CS-H,NAT,2026-05-29T05:12:12.817Z,3,v3,,
seaexam_648,SeaExam,Nhu,CS-H,NAT,2026-05-29T12:29:16.080Z,3,v3,,
seaexam_649,SeaExam,Khang,CA,NAT,2026-05-29T14:29:16.080Z,3,v3,,
seaexam_649,SeaExam,Ngoc,CA,NAT,2026-05-29T05:12:12.817Z,3,v3,,
seaexam_649,SeaExam,Nhu,CA,NAT,2026-05-29T12:29:16.080Z,3,v3,,
seaexam_650,SeaExam,Khang,CA,NAT,2026-05-29T14:29:16.080Z,3,v3,,
seaexam_650,SeaExam,Ngoc,CA,NAT,2026-05-29T05:12:12.817Z,3,v3,,
seaexam_650,SeaExam,Nhu,CA,NAT,2026-05-29T12:29:16.080Z,3,v3,,
seaexam_651,SeaExam,Khang,CS-E,NAT,2026-05-29T14:29:16.080Z,3,v3,,
seaexam_651,SeaExam,Ngoc,CS-E,NAT,2026-05-29T05:12:12.817Z,3,v3,,
seaexam_651,SeaExam,Nhu,CS-E,NAT,2026-05-29T12:29:16.080Z,3,v3,,
seaexam_652,SeaExam,Khang,CS-H,NAT,2026-05-29T14:29:16.080Z,3,v3,,
seaexam_652,SeaExam,Ngoc,CS-H,NAT,2026-05-29T05:12:12.817Z,3,v3,,
seaexam_652,SeaExam,Nhu,CS-H,NAT,2026-05-29T12:29:16.080Z,3,v3,,
seaexam_653,SeaExam,Khang,CS-H,NAT,2026-05-29T14:29:16.080Z,3,v3,,
seaexam_653,SeaExam,Ngoc,CS-E,NAT,2026-05-29T05:12:12.817Z,3,v3,,
seaexam_653,SeaExam,Nhu,CS-H,NAT,2026-05-29T12:29:16.080Z,3,v3,,
seaexam_654,SeaExam,Khang,CS-H,NAT,2026-05-29T14:29:16.080Z,3,v3,,
seaexam_654,SeaExam,Ngoc,CS-H,NAT,2026-05-29T05:12:12.817Z,3,v3,,
seaexam_654,SeaExam,Nhu,CS-H,NAT,2026-05-29T12:29:16.080Z,3,v3,,
seaexam_655,SeaExam,Khang,CS-H,NAT,2026-05-29T14:29:16.080Z,3,v3,,
seaexam_655,SeaExam,Ngoc,CS-H,NAT,2026-05-29T05:12:12.817Z,3,v3,,
seaexam_655,SeaExam,Nhu,CS-H,NAT,2026-05-29T12:29:16.080Z,3,v3,,
seaexam_656,SeaExam,Khang,CS-H,NAT,2026-05-29T14:29:16.080Z,3,v3,,
seaexam_656,SeaExam,Ngoc,CS-H,NAT,2026-05-29T05:12:12.817Z,3,v3,,
seaexam_656,SeaExam,Nhu,CS-H,NAT,2026-05-29T12:29:16.080Z,3,v3,,
seaexam_657,SeaExam,Khang,CS-H,NAT,2026-05-29T14:29:16.080Z,3,v3,,
seaexam_657,SeaExam,Ngoc,CS-H,NAT,2026-05-29T05:12:12.817Z,3,v3,,
seaexam_657,SeaExam,Nhu,CS-H,NAT,2026-05-29T12:29:16.080Z,3,v3,,
seaexam_658,SeaExam,Khang,CS-E,NAT,2026-05-29T14:29:16.080Z,3,v3,,
seaexam_658,SeaExam,Ngoc,CS-E,NAT,2026-05-29T05:12:12.817Z,3,v3,,
seaexam_658,SeaExam,Nhu,CS-E,NAT,2026-05-29T12:29:16.080Z,3,v3,,
seaexam_659,SeaExam,Khang,CS-E,NAT,2026-05-29T14:29:16.080Z,3,v3,,
seaexam_659,SeaExam,Ngoc,CS-E,NAT,2026-05-29T05:12:12.817Z,3,v3,,
seaexam_659,SeaExam,Nhu,CS-E,NAT,2026-05-29T12:29:16.080Z,3,v3,,
seaexam_660,SeaExam,Khang,CS-H,NAT,2026-05-29T14:29:16.080Z,3,v3,,
seaexam_660,SeaExam,Ngoc,CS-H,NAT,2026-05-29T05:12:12.817Z,3,v3,,
seaexam_660,SeaExam,Nhu,CS-H,NAT,2026-05-29T12:29:16.080Z,3,v3,,
seaexam_661,SeaExam,Khang,CS-H,NAT,2026-05-29T14:29:16.080Z,3,v3,,
seaexam_661,SeaExam,Ngoc,CS-H,NAT,2026-05-29T05:12:12.817Z,3,v3,,
seaexam_661,SeaExam,Nhu,CS-H,NAT,2026-05-29T12:29:16.080Z,3,v3,,
seaexam_662,SeaExam,Khang,CS-H,NAT,2026-05-29T14:29:16.080Z,3,v3,,
seaexam_662,SeaExam,Ngoc,CS-H,NAT,2026-05-29T05:12:12.817Z,3,v3,,
seaexam_662,SeaExam,Nhu,CS-H,NAT,2026-05-29T12:29:16.080Z,3,v3,,
seaexam_663,SeaExam,Khang,CS-H,NAT,2026-05-29T14:29:16.080Z,3,v3,,
seaexam_663,SeaExam,Ngoc,CS-H,NAT,2026-05-29T05:12:12.817Z,3,v3,,
seaexam_663,SeaExam,Nhu,CS-H,NAT,2026-05-29T12:29:16.080Z,3,v3,,
seaexam_664,SeaExam,Khang,CS-E,NAT,2026-05-29T14:29:16.080Z,3,v3,,
seaexam_664,SeaExam,Ngoc,CS-E,NAT,2026-05-29T05:12:12.817Z,3,v3,,
seaexam_664,SeaExam,Nhu,CS-E,NAT,2026-05-29T12:29:16.080Z,3,v3,,
seaexam_665,SeaExam,Khang,CS-L,NAT,2026-05-29T14:29:16.080Z,3,v3,,
seaexam_665,SeaExam,Ngoc,CS-L,NAT,2026-05-29T05:12:12.817Z,3,v3,,
seaexam_665,SeaExam,Nhu,CS-L,NAT,2026-05-29T12:29:16.080Z,3,v3,,
seaexam_666,SeaExam,Khang,CS-H,NAT,2026-05-29T14:29:16.080Z,3,v3,,
seaexam_666,SeaExam,Ngoc,CS-H,NAT,2026-05-29T05:12:12.817Z,3,v3,,
seaexam_666,SeaExam,Nhu,CS-H,NAT,2026-05-29T12:29:16.080Z,3,v3,,
seaexam_667,SeaExam,Khang,CS-H,NAT,2026-05-29T14:29:16.080Z,3,v3,,
seaexam_667,SeaExam,Ngoc,CS-H,NAT,2026-05-29T05:12:12.817Z,3,v3,,
seaexam_667,SeaExam,Nhu,CS-H,NAT,2026-05-29T12:29:16.080Z,3,v3,,
seaexam_668,SeaExam,Khang,CS-L,NAT,2026-05-29T14:29:16.080Z,3,v3,,
seaexam_668,SeaExam,Ngoc,CS-L,NAT,2026-05-29T05:12:12.817Z,3,v3,,
seaexam_668,SeaExam,Nhu,CS-L,NAT,2026-05-29T12:29:16.080Z,3,v3,,
seaexam_669,SeaExam,Khang,CS-H,NAT,2026-05-29T14:29:16.080Z,3,v3,,
seaexam_669,SeaExam,Ngoc,CS-H,NAT,2026-05-29T05:12:12.817Z,3,v3,,
seaexam_669,SeaExam,Nhu,CS-H,NAT,2026-05-29T12:29:16.080Z,3,v3,,
seaexam_670,SeaExam,Khang,CS-H,NAT,2026-05-29T14:29:16.080Z,3,v3,,
seaexam_670,SeaExam,Ngoc,CS-H,NAT,2026-05-29T05:12:12.817Z,3,v3,,
seaexam_670,SeaExam,Nhu,CS-H,NAT,2026-05-29T12:29:16.080Z,3,v3,,
seaexam_671,SeaExam,Khang,CS-H,NAT,2026-05-29T14:29:16.080Z,3,v3,,
seaexam_671,SeaExam,Ngoc,CS-H,NAT,2026-05-29T05:12:12.817Z,3,v3,,
seaexam_671,SeaExam,Nhu,CS-H,NAT,2026-05-29T12:29:16.080Z,3,v3,,
seaexam_672,SeaExam,Khang,CS-E,NAT,2026-05-29T14:29:16.080Z,3,v3,,
seaexam_672,SeaExam,Ngoc,CS-E,NAT,2026-05-29T05:12:12.817Z,3,v3,,
seaexam_672,SeaExam,Nhu,CS-E,NAT,2026-05-29T12:29:16.080Z,3,v3,,
seaexam_673,SeaExam,Khang,CS-E,NAT,2026-05-29T14:29:16.080Z,3,v3,,
seaexam_673,SeaExam,Ngoc,CS-E,NAT,2026-05-29T05:12:12.817Z,3,v3,,
seaexam_673,SeaExam,Nhu,CS-E,NAT,2026-05-29T12:29:16.080Z,3,v3,,
seaexam_674,SeaExam,Khang,CS-H,NAT,2026-05-29T14:29:16.080Z,3,v3,,
seaexam_674,SeaExam,Ngoc,CS-H,NAT,2026-05-29T05:12:12.817Z,3,v3,,
seaexam_674,SeaExam,Nhu,CS-H,NAT,2026-05-29T12:29:16.080Z,3,v3,,
seaexam_675,SeaExam,Khang,CS-H,NAT,2026-05-29T14:29:16.080Z,3,v3,,
seaexam_675,SeaExam,Ngoc,CS-H,NAT,2026-05-29T05:12:12.817Z,3,v3,,
seaexam_675,SeaExam,Nhu,CS-H,NAT,2026-05-29T12:29:16.080Z,3,v3,,
seaexam_676,SeaExam,Khang,CS-H,NAT,2026-05-29T14:29:16.080Z,3,v3,,
seaexam_676,SeaExam,Ngoc,CS-H,NAT,2026-05-29T05:12:12.817Z,3,v3,,
seaexam_676,SeaExam,Nhu,CS-H,NAT,2026-05-29T12:29:16.080Z,3,v3,,
seaexam_677,SeaExam,Khang,CS-H,NAT,2026-05-29T14:29:16.080Z,3,v3,,
seaexam_677,SeaExam,Ngoc,CS-H,NAT,2026-05-29T05:12:12.817Z,3,v3,,
seaexam_677,SeaExam,Nhu,CS-H,NAT,2026-05-29T12:29:16.080Z,3,v3,,
seaexam_678,SeaExam,Khang,CS-H,NAT,2026-05-29T14:29:16.080Z,3,v3,,
seaexam_678,SeaExam,Ngoc,CS-H,NAT,2026-05-29T15:56:20.903Z,3,v3,,
seaexam_678,SeaExam,Nhu,CS-H,NAT,2026-05-29T12:29:16.080Z,3,v3,,
seaexam_679,SeaExam,Khang,CS-H,NAT,2026-05-29T14:29:16.080Z,3,v3,,
seaexam_679,SeaExam,Ngoc,CS-H,NAT,2026-05-29T15:56:20.903Z,3,v3,,
seaexam_679,SeaExam,Nhu,CS-H,NAT,2026-05-29T12:29:16.080Z,3,v3,,
seaexam_680,SeaExam,Khang,CS-H,NAT,2026-05-29T14:29:16.080Z,3,v3,,
seaexam_680,SeaExam,Ngoc,CS-H,NAT,2026-05-29T15:56:20.903Z,3,v3,,
seaexam_680,SeaExam,Nhu,CS-H,NAT,2026-05-29T12:29:16.080Z,3,v3,,
seaexam_681,SeaExam,Khang,CS-E,NAT,2026-05-29T14:29:16.080Z,3,v3,,
seaexam_681,SeaExam,Ngoc,CS-E,NAT,2026-05-29T15:56:20.903Z,3,v3,,
seaexam_681,SeaExam,Nhu,CS-E,NAT,2026-05-29T12:29:16.080Z,3,v3,,
seaexam_682,SeaExam,Khang,CA,NAT,2026-05-29T14:29:16.080Z,3,v3,,
seaexam_682,SeaExam,Ngoc,CS-H,NAT,2026-05-29T15:56:20.903Z,3,v3,,
seaexam_682,SeaExam,Nhu,CA,NAT,2026-05-29T12:29:16.080Z,3,v3,,
seaexam_683,SeaExam,Khang,CS-H,NAT,2026-05-29T14:29:16.080Z,3,v3,,
seaexam_683,SeaExam,Ngoc,CS-H,NAT,2026-05-29T15:56:20.903Z,3,v3,,
seaexam_683,SeaExam,Nhu,CS-H,NAT,2026-05-29T12:29:16.080Z,3,v3,,
seaexam_684,SeaExam,Khang,CS-H,NAT,2026-05-29T14:29:16.080Z,3,v3,,
seaexam_684,SeaExam,Ngoc,CS-H,NAT,2026-05-29T15:56:20.903Z,3,v3,,
seaexam_684,SeaExam,Nhu,CS-H,NAT,2026-05-29T12:29:16.080Z,3,v3,,
seaexam_685,SeaExam,Khang,CS-H,NAT,2026-05-29T14:29:16.080Z,3,v3,,
seaexam_685,SeaExam,Ngoc,CS-H,NAT,2026-05-29T15:56:20.903Z,3,v3,,
seaexam_685,SeaExam,Nhu,CS-H,NAT,2026-05-29T12:29:16.080Z,3,v3,,
seaexam_686,SeaExam,Khang,CS-H,NAT,2026-05-29T14:29:16.080Z,3,v3,,
seaexam_686,SeaExam,Ngoc,CS-H,NAT,2026-05-29T15:56:20.903Z,3,v3,,
seaexam_686,SeaExam,Nhu,CS-H,NAT,2026-05-29T12:29:16.080Z,3,v3,,
seaexam_687,SeaExam,Khang,CS-H,NAT,2026-05-29T14:29:16.080Z,3,v3,,
seaexam_687,SeaExam,Ngoc,CS-H,NAT,2026-05-29T15:56:20.903Z,3,v3,,
seaexam_687,SeaExam,Nhu,CS-H,NAT,2026-05-29T12:29:16.080Z,3,v3,,
seaexam_688,SeaExam,Khang,CA,NAT,2026-05-29T14:29:16.080Z,3,v3,,
seaexam_688,SeaExam,Ngoc,CA,NAT,2026-05-29T15:56:20.903Z,3,v3,,
seaexam_688,SeaExam,Nhu,CA,NAT,2026-05-29T12:29:16.080Z,3,v3,,
seaexam_689,SeaExam,Khang,CS-H,NAT,2026-05-29T14:29:16.080Z,3,v3,,
seaexam_689,SeaExam,Ngoc,CS-H,NAT,2026-05-29T15:56:20.903Z,3,v3,,
seaexam_689,SeaExam,Nhu,CS-H,NAT,2026-05-29T12:29:16.080Z,3,v3,,
seaexam_690,SeaExam,Khang,CS-H,NAT,2026-05-29T14:29:16.080Z,3,v3,,
seaexam_690,SeaExam,Ngoc,CS-H,NAT,2026-05-29T15:56:20.903Z,3,v3,,
seaexam_690,SeaExam,Nhu,CS-H,NAT,2026-05-29T12:29:16.080Z,3,v3,,
seaexam_691,SeaExam,Khang,CA,NAT,2026-05-29T14:29:16.080Z,3,v3,,
seaexam_691,SeaExam,Ngoc,CS-H,NAT,2026-05-29T15:56:20.903Z,3,v3,,
seaexam_691,SeaExam,Nhu,CA,NAT,2026-05-29T12:29:16.080Z,3,v3,,
seaexam_692,SeaExam,Khang,CS-H,NAT,2026-05-29T14:29:16.080Z,3,v3,,
seaexam_692,SeaExam,Ngoc,CS-H,NAT,2026-05-29T15:56:20.903Z,3,v3,,
seaexam_692,SeaExam,Nhu,CS-H,NAT,2026-05-29T12:29:16.080Z,3,v3,,
seaexam_693,SeaExam,Khang,CS-E,NAT,2026-05-29T14:29:16.080Z,3,v3,,
seaexam_693,SeaExam,Ngoc,CS-E,NAT,2026-05-29T15:56:20.903Z,3,v3,,
seaexam_693,SeaExam,Nhu,CS-E,NAT,2026-05-29T12:29:16.080Z,3,v3,,
seaexam_694,SeaExam,Khang,CS-E,NAT,2026-05-29T14:29:16.080Z,3,v3,,
seaexam_694,SeaExam,Ngoc,CS-E,NAT,2026-05-29T15:56:20.903Z,3,v3,,
seaexam_694,SeaExam,Nhu,CS-E,NAT,2026-05-29T12:29:16.080Z,3,v3,,
seaexam_695,SeaExam,Khang,CS-H,NAT,2026-05-29T14:29:16.080Z,3,v3,,
seaexam_695,SeaExam,Ngoc,CS-H,NAT,2026-05-29T15:56:20.903Z,3,v3,,
seaexam_695,SeaExam,Nhu,CS-H,NAT,2026-05-29T12:29:16.080Z,3,v3,,
seaexam_696,SeaExam,Khang,CS-E,NAT,2026-05-29T14:29:16.080Z,3,v3,,
seaexam_696,SeaExam,Ngoc,CS-E,NAT,2026-05-29T15:56:20.903Z,3,v3,,
seaexam_696,SeaExam,Nhu,CS-E,NAT,2026-05-29T12:29:16.080Z,3,v3,,
seaexam_697,SeaExam,Khang,CS-H,NAT,2026-05-29T14:29:16.080Z,3,v3,,
seaexam_697,SeaExam,Ngoc,CS-H,NAT,2026-05-29T15:56:20.903Z,3,v3,,
seaexam_697,SeaExam,Nhu,CS-H,NAT,2026-05-29T12:29:16.080Z,3,v3,,
seaexam_698,SeaExam,Khang,CS-H,NAT,2026-05-29T14:29:16.080Z,3,v3,,
seaexam_698,SeaExam,Ngoc,CS-H,NAT,2026-05-29T15:56:20.903Z,3,v3,,
seaexam_698,SeaExam,Nhu,CS-H,NAT,2026-05-29T12:29:16.080Z,3,v3,,
seaexam_699,SeaExam,Khang,CS-H,NAT,2026-05-29T14:29:16.080Z,3,v3,,
seaexam_699,SeaExam,Ngoc,CS-H,NAT,2026-05-29T15:56:20.903Z,3,v3,,
seaexam_699,SeaExam,Nhu,CS-H,NAT,2026-05-29T12:29:16.080Z,3,v3,,
seaexam_700,SeaExam,Khang,CS-H,NAT,2026-05-29T14:29:16.080Z,3,v3,,
seaexam_700,SeaExam,Ngoc,CS-H,NAT,2026-05-29T15:56:20.903Z,3,v3,,
seaexam_700,SeaExam,Nhu,CS-H,NAT,2026-05-29T12:29:16.080Z,3,v3,,
seaexam_701,SeaExam,Khang,CS-H,NAT,2026-05-29T14:29:16.080Z,3,v3,,
seaexam_701,SeaExam,Ngoc,CS-H,NAT,2026-05-29T15:56:20.903Z,3,v3,,
seaexam_701,SeaExam,Nhu,CS-H,NAT,2026-05-29T12:29:16.080Z,3,v3,,
seaexam_702,SeaExam,Khang,CS-H,NAT,2026-05-29T14:29:16.080Z,3,v3,,
seaexam_702,SeaExam,Ngoc,CS-H,NAT,2026-05-29T15:56:20.903Z,3,v3,,
seaexam_702,SeaExam,Nhu,CS-H,NAT,2026-05-29T12:29:16.080Z,3,v3,,
seaexam_703,SeaExam,Khang,CS-H,NAT,2026-05-29T14:29:16.080Z,3,v3,,
seaexam_703,SeaExam,Ngoc,CS-E,NAT,2026-05-29T15:56:20.903Z,3,v3,,
seaexam_703,SeaExam,Nhu,CS-E,NAT,2026-05-29T12:29:16.080Z,3,v3,,
seaexam_704,SeaExam,Khang,CS-H,NAT,2026-05-29T14:29:16.080Z,3,v3,,
seaexam_704,SeaExam,Ngoc,CS-H,NAT,2026-05-29T15:56:20.903Z,3,v3,,
seaexam_704,SeaExam,Nhu,CS-H,NAT,2026-05-29T12:29:16.080Z,3,v3,,
seaexam_705,SeaExam,Khang,CS-E,NAT,2026-05-29T14:29:16.080Z,3,v3,,
seaexam_705,SeaExam,Ngoc,CS-E,NAT,2026-05-29T15:56:20.903Z,3,v3,,
seaexam_705,SeaExam,Nhu,CS-E,NAT,2026-05-29T12:29:16.080Z,3,v3,,
seaexam_706,SeaExam,Khang,CS-H,NAT,2026-05-29T14:29:16.080Z,3,v3,,
seaexam_706,SeaExam,Ngoc,CS-E,NAT,2026-05-29T15:56:20.903Z,3,v3,,
seaexam_706,SeaExam,Nhu,CS-H,NAT,2026-05-29T12:29:16.080Z,3,v3,,
seaexam_707,SeaExam,Khang,CS-H,NAT,2026-05-29T14:29:16.080Z,3,v3,,
seaexam_707,SeaExam,Ngoc,CS-H,NAT,2026-05-29T15:56:20.903Z,3,v3,,
seaexam_707,SeaExam,Nhu,CS-H,NAT,2026-05-29T12:29:16.080Z,3,v3,,
seaexam_708,SeaExam,Khang,CS-H,NAT,2026-05-29T14:29:16.080Z,3,v3,,
seaexam_708,SeaExam,Ngoc,CS-H,NAT,2026-05-29T15:56:20.903Z,3,v3,,
seaexam_708,SeaExam,Nhu,CS-H,NAT,2026-05-29T12:29:16.080Z,3,v3,,
seaexam_709,SeaExam,Khang,CS-E,NAT,2026-05-29T14:29:16.080Z,3,v3,,
seaexam_709,SeaExam,Ngoc,CS-E,NAT,2026-05-29T15:56:20.903Z,3,v3,,
seaexam_709,SeaExam,Nhu,CS-E,NAT,2026-05-29T12:29:16.080Z,3,v3,,
seaexam_710,SeaExam,Khang,CS-H,NAT,2026-05-29T14:29:16.080Z,3,v3,,
seaexam_710,SeaExam,Ngoc,CS-H,NAT,2026-05-29T15:56:20.903Z,3,v3,,
seaexam_710,SeaExam,Nhu,CS-H,NAT,2026-05-29T12:29:16.080Z,3,v3,,
seaexam_711,SeaExam,Khang,CS-H,NAT,2026-05-29T14:29:16.080Z,3,v3,,
seaexam_711,SeaExam,Ngoc,CS-H,NAT,2026-05-29T15:56:20.903Z,3,v3,,
seaexam_711,SeaExam,Nhu,CS-H,NAT,2026-05-29T12:29:16.080Z,3,v3,,
seaexam_712,SeaExam,Khang,CS-E,NAT,2026-05-29T14:29:16.080Z,3,v3,,
seaexam_712,SeaExam,Ngoc,CS-E,NAT,2026-05-29T15:56:20.903Z,3,v3,,
seaexam_712,SeaExam,Nhu,CS-E,NAT,2026-05-29T12:29:16.080Z,3,v3,,
seaexam_713,SeaExam,Khang,CS-H,NAT,2026-05-29T14:29:16.080Z,3,v3,,
seaexam_713,SeaExam,Ngoc,CS-H,NAT,2026-05-29T15:56:20.903Z,3,v3,,
seaexam_713,SeaExam,Nhu,CS-H,NAT,2026-05-29T12:29:16.080Z,3,v3,,
seaexam_714,SeaExam,Khang,CS-H,NAT,2026-05-29T14:29:16.080Z,3,v3,,
seaexam_714,SeaExam,Ngoc,CS-H,NAT,2026-05-29T15:56:20.903Z,3,v3,,
seaexam_714,SeaExam,Nhu,CS-H,NAT,2026-05-29T12:29:16.080Z,3,v3,,
seaexam_715,SeaExam,Khang,CS-H,NAT,2026-05-29T14:29:16.080Z,3,v3,,
seaexam_715,SeaExam,Ngoc,CS-E,NAT,2026-05-29T15:56:20.903Z,3,v3,,
seaexam_715,SeaExam,Nhu,CS-H,NAT,2026-05-29T12:29:16.080Z,3,v3,,
seaexam_716,SeaExam,Khang,CS-H,NAT,2026-05-29T14:29:16.080Z,3,v3,,
seaexam_716,SeaExam,Ngoc,CS-H,NAT,2026-05-29T15:56:20.903Z,3,v3,,
seaexam_716,SeaExam,Nhu,CS-H,NAT,2026-05-29T12:29:16.080Z,3,v3,,
seaexam_717,SeaExam,Khang,CS-H,NAT,2026-05-29T14:29:16.080Z,3,v3,,
seaexam_717,SeaExam,Ngoc,CS-H,NAT,2026-05-29T15:56:20.903Z,3,v3,,
seaexam_717,SeaExam,Nhu,CS-H,NAT,2026-05-29T12:29:16.080Z,3,v3,,
seaexam_718,SeaExam,Khang,CS-E,NAT,2026-05-29T14:29:16.080Z,3,v3,,
seaexam_718,SeaExam,Ngoc,CS-E,NAT,2026-05-29T15:56:20.903Z,3,v3,,
seaexam_718,SeaExam,Nhu,CS-E,NAT,2026-05-29T12:29:16.080Z,3,v3,,
seaexam_719,SeaExam,Khang,CS-L,NAT,2026-05-29T14:29:16.080Z,3,v3,,
seaexam_719,SeaExam,Ngoc,CS-L,NAT,2026-05-29T15:56:20.903Z,3,v3,,
seaexam_719,SeaExam,Nhu,CS-L,NAT,2026-05-29T12:29:16.080Z,3,v3,,
seaexam_720,SeaExam,Khang,CS-H,NAT,2026-05-29T14:29:16.080Z,3,v3,,
seaexam_720,SeaExam,Ngoc,CS-H,NAT,2026-05-29T15:56:20.903Z,3,v3,,
seaexam_720,SeaExam,Nhu,CS-H,NAT,2026-05-29T12:29:16.080Z,3,v3,,
seaexam_721,SeaExam,Khang,CS-H,NAT,2026-05-29T14:29:16.080Z,3,v3,,
seaexam_721,SeaExam,Ngoc,CS-H,NAT,2026-05-29T15:56:20.903Z,3,v3,,
seaexam_721,SeaExam,Nhu,CS-H,NAT,2026-05-29T12:29:16.080Z,3,v3,,
seaexam_722,SeaExam,Khang,CS-E,NAT,2026-05-29T14:29:16.080Z,3,v3,,
seaexam_722,SeaExam,Ngoc,CS-E,NAT,2026-05-29T15:56:20.903Z,3,v3,,
seaexam_722,SeaExam,Nhu,CS-E,NAT,2026-05-29T12:29:16.080Z,3,v3,,
seaexam_723,SeaExam,Khang,CS-E,NAT,2026-05-29T14:29:16.080Z,3,v3,,
seaexam_723,SeaExam,Ngoc,CS-E,NAT,2026-05-29T15:56:20.903Z,3,v3,,
seaexam_723,SeaExam,Nhu,CS-E,NAT,2026-05-29T12:29:16.080Z,3,v3,,
seaexam_724,SeaExam,Khang,CA,NAT,2026-05-29T14:29:16.080Z,3,v3,,
seaexam_724,SeaExam,Ngoc,CS-E,NAT,2026-05-29T15:56:20.903Z,3,v3,,
seaexam_724,SeaExam,Nhu,CA,NAT,2026-05-29T12:29:16.080Z,3,v3,,
seaexam_725,SeaExam,Khang,CA,NAT,2026-05-29T14:29:16.080Z,3,v3,,
seaexam_725,SeaExam,Ngoc,CA,NAT,2026-05-29T15:56:20.903Z,3,v3,,
seaexam_725,SeaExam,Nhu,CA,NAT,2026-05-29T12:29:16.080Z,3,v3,,
seaexam_726,SeaExam,Khang,CS-L,NAT,2026-05-29T14:29:16.080Z,3,v3,,
seaexam_726,SeaExam,Ngoc,CS-L,NAT,2026-05-29T15:56:20.903Z,3,v3,,
seaexam_726,SeaExam,Nhu,CS-L,NAT,2026-05-29T12:29:16.080Z,3,v3,,
seaexam_727,SeaExam,Khang,CS-H,NAT,2026-05-29T14:29:16.080Z,3,v3,,
seaexam_727,SeaExam,Ngoc,CS-E,NAT,2026-05-29T15:56:20.903Z,3,v3,,
seaexam_727,SeaExam,Nhu,CS-H,NAT,2026-05-29T12:29:16.080Z,3,v3,,
seaexam_728,SeaExam,Khang,CS-H,NAT,2026-05-29T14:29:16.080Z,3,v3,,
seaexam_728,SeaExam,Ngoc,CS-H,NAT,2026-05-29T15:56:20.903Z,3,v3,,
seaexam_728,SeaExam,Nhu,CS-H,NAT,2026-05-29T12:29:16.080Z,3,v3,,
seaexam_729,SeaExam,Khang,CS-E,NAT,2026-05-29T14:29:16.080Z,3,v3,,
seaexam_729,SeaExam,Ngoc,CS-E,NAT,2026-05-29T15:56:20.903Z,3,v3,,
seaexam_729,SeaExam,Nhu,CS-E,NAT,2026-05-29T12:29:16.080Z,3,v3,,
seaexam_730,SeaExam,Khang,CS-H,NAT,2026-05-29T14:29:16.080Z,3,v3,,
seaexam_730,SeaExam,Ngoc,CS-H,NAT,2026-05-29T15:56:20.903Z,3,v3,,
seaexam_730,SeaExam,Nhu,CS-H,NAT,2026-05-29T12:29:16.080Z,3,v3,,
seaexam_731,SeaExam,Khang,CS-E,NAT,2026-05-29T14:29:16.080Z,3,v3,,
seaexam_731,SeaExam,Ngoc,CS-E,NAT,2026-05-29T15:56:20.903Z,3,v3,,
seaexam_731,SeaExam,Nhu,CS-E,NAT,2026-05-29T12:29:16.080Z,3,v3,,
seaexam_732,SeaExam,Khang,CS-E,NAT,2026-05-29T14:29:16.080Z,3,v3,,
seaexam_732,SeaExam,Ngoc,CS-E,NAT,2026-05-29T15:56:20.903Z,3,v3,,
seaexam_732,SeaExam,Nhu,CS-E,NAT,2026-05-29T12:29:16.080Z,3,v3,,
seaexam_733,SeaExam,Khang,CS-E,NAT,2026-05-29T14:29:16.080Z,3,v3,,
seaexam_733,SeaExam,Ngoc,CS-E,NAT,2026-05-29T15:56:20.903Z,3,v3,,
seaexam_733,SeaExam,Nhu,CS-E,NAT,2026-05-29T12:29:16.080Z,3,v3,,
seaexam_734,SeaExam,Khang,CS-E,NAT,2026-05-29T14:29:16.080Z,3,v3,,
seaexam_734,SeaExam,Ngoc,CS-E,NAT,2026-05-29T15:56:20.903Z,3,v3,,
seaexam_734,SeaExam,Nhu,CS-E,NAT,2026-05-29T12:29:16.080Z,3,v3,,
seaexam_735,SeaExam,Khang,CS-H,NAT,2026-05-29T14:29:16.080Z,3,v3,,
seaexam_735,SeaExam,Ngoc,CS-E,NAT,2026-05-29T15:56:20.903Z,3,v3,,
seaexam_735,SeaExam,Nhu,CS-H,NAT,2026-05-29T12:29:16.080Z,3,v3,,
seaexam_736,SeaExam,Khang,CS-H,NAT,2026-05-29T14:29:16.080Z,3,v3,,
seaexam_736,SeaExam,Ngoc,CS-H,NAT,2026-05-29T15:56:20.903Z,3,v3,,
seaexam_736,SeaExam,Nhu,CS-H,NAT,2026-05-29T12:29:16.080Z,3,v3,,
seaexam_737,SeaExam,Khang,CS-H,NAT,2026-05-29T14:29:16.080Z,3,v3,,
seaexam_737,SeaExam,Ngoc,CS-H,NAT,2026-05-29T15:56:20.903Z,3,v3,,
seaexam_737,SeaExam,Nhu,CS-H,NAT,2026-05-29T12:29:16.080Z,3,v3,,
seaexam_738,SeaExam,Khang,CS-E,NAT,2026-05-29T14:29:16.080Z,3,v3,,
seaexam_738,SeaExam,Ngoc,CS-E,NAT,2026-05-29T15:56:20.903Z,3,v3,,
seaexam_738,SeaExam,Nhu,CS-E,NAT,2026-05-29T12:29:16.080Z,3,v3,,
seaexam_739,SeaExam,Khang,CA,NAT,2026-05-29T14:29:16.080Z,3,v3,,
seaexam_739,SeaExam,Ngoc,CS-E,NAT,2026-05-29T15:56:20.903Z,3,v3,,
seaexam_739,SeaExam,Nhu,CA,NAT,2026-05-29T12:29:16.080Z,3,v3,,
seaexam_740,SeaExam,Khang,CS-H,NAT,2026-05-29T14:29:16.080Z,3,v3,,
seaexam_740,SeaExam,Ngoc,CS-H,NAT,2026-05-29T15:56:20.903Z,3,v3,,
seaexam_740,SeaExam,Nhu,CS-H,NAT,2026-05-29T12:29:16.080Z,3,v3,,
seaexam_741,SeaExam,Khang,CS-E,NAT,2026-05-29T14:29:16.080Z,3,v3,,
seaexam_741,SeaExam,Ngoc,CS-E,NAT,2026-05-29T15:56:20.903Z,3,v3,,
seaexam_741,SeaExam,Nhu,CS-E,NAT,2026-05-29T12:29:16.080Z,3,v3,,
seaexam_742,SeaExam,Khang,CS-E,NAT,2026-05-29T14:29:16.080Z,3,v3,,
seaexam_742,SeaExam,Ngoc,CS-E,NAT,2026-05-29T15:56:20.903Z,3,v3,,
seaexam_742,SeaExam,Nhu,CS-E,NAT,2026-05-29T12:29:16.080Z,3,v3,,
seaexam_743,SeaExam,Khang,CS-E,NAT,2026-05-29T14:29:16.080Z,3,v3,,
seaexam_743,SeaExam,Ngoc,CS-E,NAT,2026-05-29T15:56:20.903Z,3,v3,,
seaexam_743,SeaExam,Nhu,CS-E,NAT,2026-05-29T12:29:16.080Z,3,v3,,
seaexam_744,SeaExam,Khang,CS-E,NAT,2026-05-29T14:29:16.080Z,3,v3,,
seaexam_744,SeaExam,Ngoc,CS-E,NAT,2026-05-29T15:56:20.903Z,3,v3,,
seaexam_744,SeaExam,Nhu,CS-E,NAT,2026-05-29T12:29:16.080Z,3,v3,,
seaexam_745,SeaExam,Khang,CS-H,NAT,2026-05-29T14:29:16.080Z,3,v3,,
seaexam_745,SeaExam,Ngoc,CS-H,NAT,2026-05-29T15:56:20.903Z,3,v3,,
seaexam_745,SeaExam,Nhu,CS-H,NAT,2026-05-29T12:29:16.080Z,3,v3,,
seaexam_746,SeaExam,Khang,CS-E,NAT,2026-05-29T14:29:16.080Z,3,v3,,
seaexam_746,SeaExam,Ngoc,CS-E,NAT,2026-05-29T15:56:20.903Z,3,v3,,
seaexam_746,SeaExam,Nhu,CS-E,NAT,2026-05-29T12:29:16.080Z,3,v3,,
seaexam_747,SeaExam,Khang,CS-L,NAT,2026-05-29T14:29:16.080Z,3,v3,,
seaexam_747,SeaExam,Ngoc,CS-L,NAT,2026-05-29T15:56:20.903Z,3,v3,,
seaexam_747,SeaExam,Nhu,CS-L,NAT,2026-05-29T12:29:16.080Z,3,v3,,
seaexam_748,SeaExam,Khang,CS-E,NAT,2026-05-29T14:29:16.080Z,3,v3,,
seaexam_748,SeaExam,Ngoc,CS-E,NAT,2026-05-29T15:56:20.903Z,3,v3,,
seaexam_748,SeaExam,Nhu,CS-E,NAT,2026-05-29T12:29:16.080Z,3,v3,,
seaexam_749,SeaExam,Khang,CS-H,NAT,2026-05-29T14:29:16.080Z,3,v3,,
seaexam_749,SeaExam,Ngoc,CS-H,NAT,2026-05-29T15:56:20.903Z,3,v3,,
seaexam_749,SeaExam,Nhu,CS-H,NAT,2026-05-29T12:29:16.080Z,3,v3,,
seaexam_750,SeaExam,Khang,CS-L,NAT,2026-05-29T14:29:16.080Z,3,v3,,
seaexam_750,SeaExam,Ngoc,CA,NAT,2026-05-29T15:56:20.903Z,3,v3,,
seaexam_750,SeaExam,Nhu,CA,NAT,2026-05-29T12:29:16.080Z,3,v3,,
seaexam_751,SeaExam,Khang,CA,NAT,2026-05-29T14:29:16.080Z,3,v3,,
seaexam_751,SeaExam,Ngoc,CA,NAT,2026-05-29T15:56:20.903Z,3,v3,,
seaexam_751,SeaExam,Nhu,CA,NAT,2026-05-29T12:29:16.080Z,3,v3,,
seaexam_752,SeaExam,Khang,CS-H,NAT,2026-05-29T14:29:16.080Z,3,v3,,
seaexam_752,SeaExam,Ngoc,CS-H,NAT,2026-05-29T15:56:20.903Z,3,v3,,
seaexam_752,SeaExam,Nhu,CS-H,NAT,2026-05-29T12:29:16.080Z,3,v3,,
seaexam_753,SeaExam,Khang,CA,NAT,2026-05-29T14:29:16.080Z,3,v3,,
seaexam_753,SeaExam,Ngoc,CA,NAT,2026-05-29T15:56:20.903Z,3,v3,,
seaexam_753,SeaExam,Nhu,CA,NAT,2026-05-29T12:29:16.080Z,3,v3,,
seaexam_754,SeaExam,Khang,CS-H,NAT,2026-05-29T14:29:16.080Z,3,v3,,
seaexam_754,SeaExam,Ngoc,CS-H,NAT,2026-05-29T15:56:20.903Z,3,v3,,
seaexam_754,SeaExam,Nhu,CS-H,NAT,2026-05-29T12:29:16.080Z,3,v3,,
seaexam_755,SeaExam,Khang,CS-E,NAT,2026-05-29T14:29:16.080Z,3,v3,,
seaexam_755,SeaExam,Ngoc,CS-E,NAT,2026-05-29T15:56:20.903Z,3,v3,,
seaexam_755,SeaExam,Nhu,CS-E,NAT,2026-05-29T12:29:16.080Z,3,v3,,
seaexam_756,SeaExam,Khang,CS-H,NAT,2026-05-29T14:29:16.080Z,3,v3,,
seaexam_756,SeaExam,Ngoc,CS-H,NAT,2026-05-29T15:56:20.903Z,3,v3,,
seaexam_756,SeaExam,Nhu,CS-H,NAT,2026-05-29T12:29:16.080Z,3,v3,,
seaexam_757,SeaExam,Khang,CS-H,NAT,2026-05-29T14:29:16.080Z,3,v3,,
seaexam_757,SeaExam,Ngoc,CS-H,NAT,2026-05-29T15:56:20.903Z,3,v3,,
seaexam_757,SeaExam,Nhu,CS-H,NAT,2026-05-29T12:29:16.080Z,3,v3,,
seaexam_758,SeaExam,Khang,CS-H,NAT,2026-05-29T14:29:16.080Z,3,v3,,
seaexam_758,SeaExam,Ngoc,CS-H,NAT,2026-05-29T15:56:20.903Z,3,v3,,
seaexam_758,SeaExam,Nhu,CS-H,NAT,2026-05-29T12:29:16.080Z,3,v3,,
seaexam_759,SeaExam,Khang,CS-E,NAT,2026-05-29T14:29:16.080Z,3,v3,,
seaexam_759,SeaExam,Ngoc,CS-E,NAT,2026-05-29T15:56:20.903Z,3,v3,,
seaexam_759,SeaExam,Nhu,CS-E,NAT,2026-05-29T12:29:16.080Z,3,v3,,
seaexam_760,SeaExam,Khang,CS-H,NAT,2026-05-29T14:29:16.080Z,3,v3,,
seaexam_760,SeaExam,Ngoc,CS-E,NAT,2026-05-29T15:56:20.903Z,3,v3,,
seaexam_760,SeaExam,Nhu,CS-H,NAT,2026-05-29T12:29:16.080Z,3,v3,,
seaexam_761,SeaExam,Khang,CS-L,NAT,2026-05-29T14:29:16.080Z,3,v3,,
seaexam_761,SeaExam,Ngoc,CS-L,NAT,2026-05-29T15:56:20.903Z,3,v3,,
seaexam_761,SeaExam,Nhu,CS-L,NAT,2026-05-29T12:29:16.080Z,3,v3,,
seaexam_762,SeaExam,Khang,CS-H,NAT,2026-05-29T14:29:16.080Z,3,v3,,
seaexam_762,SeaExam,Ngoc,CS-H,NAT,2026-05-29T15:56:20.903Z,3,v3,,
seaexam_762,SeaExam,Nhu,CS-H,NAT,2026-05-29T12:29:16.080Z,3,v3,,
seaexam_763,SeaExam,Khang,CS-E,NAT,2026-05-29T14:29:16.080Z,3,v3,,
seaexam_763,SeaExam,Ngoc,CS-E,NAT,2026-05-29T15:56:20.903Z,3,v3,,
seaexam_763,SeaExam,Nhu,CS-E,NAT,2026-05-29T12:29:16.080Z,3,v3,,
seaexam_764,SeaExam,Khang,CS-H,NAT,2026-05-29T14:29:16.080Z,3,v3,,
seaexam_764,SeaExam,Ngoc,CS-H,NAT,2026-05-29T15:56:20.903Z,3,v3,,
seaexam_764,SeaExam,Nhu,CS-H,NAT,2026-05-29T12:29:16.080Z,3,v3,,
seaexam_765,SeaExam,Khang,CS-E,NAT,2026-05-29T14:29:16.080Z,3,v3,,
seaexam_765,SeaExam,Ngoc,CS-E,NAT,2026-05-29T15:56:20.903Z,3,v3,,
seaexam_765,SeaExam,Nhu,CS-E,NAT,2026-05-29T12:29:16.080Z,3,v3,,
seaexam_766,SeaExam,Khang,CS-E,NAT,2026-05-29T14:29:16.080Z,3,v3,,
seaexam_766,SeaExam,Ngoc,CS-E,NAT,2026-05-29T15:56:20.903Z,3,v3,,
seaexam_766,SeaExam,Nhu,CS-E,NAT,2026-05-29T12:29:16.080Z,3,v3,,
seaexam_767,SeaExam,Khang,CS-H,NAT,2026-05-29T14:29:16.080Z,3,v3,,
seaexam_767,SeaExam,Ngoc,CS-H,NAT,2026-05-29T15:56:20.903Z,3,v3,,
seaexam_767,SeaExam,Nhu,CS-H,NAT,2026-05-29T12:29:16.080Z,3,v3,,
seaexam_768,SeaExam,Khang,CS-L,NAT,2026-05-29T14:29:16.080Z,3,v3,,
seaexam_768,SeaExam,Ngoc,CS-L,NAT,2026-05-29T15:56:20.903Z,3,v3,,
seaexam_768,SeaExam,Nhu,CS-L,NAT,2026-05-29T12:29:16.080Z,3,v3,,
seaexam_769,SeaExam,Khang,CS-H,NAT,2026-05-29T14:29:16.080Z,3,v3,,
seaexam_769,SeaExam,Ngoc,CS-H,NAT,2026-05-29T15:56:20.903Z,3,v3,,
seaexam_769,SeaExam,Nhu,CS-H,NAT,2026-05-29T12:29:16.080Z,3,v3,,
seaexam_770,SeaExam,Khang,CS-H,NAT,2026-05-29T14:29:16.080Z,3,v3,,
seaexam_770,SeaExam,Ngoc,CS-H,NAT,2026-05-29T15:56:20.903Z,3,v3,,
seaexam_770,SeaExam,Nhu,CS-H,NAT,2026-05-29T12:29:16.080Z,3,v3,,
seaexam_771,SeaExam,Khang,CS-E,NAT,2026-05-29T14:29:16.080Z,3,v3,,
seaexam_771,SeaExam,Ngoc,CS-E,NAT,2026-05-29T15:56:20.903Z,3,v3,,
seaexam_771,SeaExam,Nhu,CS-E,NAT,2026-05-29T12:29:16.080Z,3,v3,,
seaexam_772,SeaExam,Khang,CS-H,NAT,2026-05-29T14:29:16.080Z,3,v3,,
seaexam_772,SeaExam,Ngoc,CS-H,NAT,2026-05-29T15:56:20.903Z,3,v3,,
seaexam_772,SeaExam,Nhu,CS-H,NAT,2026-05-29T12:29:16.080Z,3,v3,,
seaexam_773,SeaExam,Khang,CS-H,NAT,2026-05-29T14:29:16.080Z,3,v3,,
seaexam_773,SeaExam,Ngoc,CS-H,NAT,2026-05-29T15:56:20.903Z,3,v3,,
seaexam_773,SeaExam,Nhu,CS-H,NAT,2026-05-29T12:29:16.080Z,3,v3,,
seaexam_774,SeaExam,Khang,CA,NAT,2026-05-29T14:29:16.080Z,3,v3,,
seaexam_774,SeaExam,Ngoc,CA,NAT,2026-05-29T15:56:20.903Z,3,v3,,
seaexam_774,SeaExam,Nhu,CA,NAT,2026-05-29T12:29:16.080Z,3,v3,,
seaexam_775,SeaExam,Khang,CS-E,NAT,2026-05-29T14:29:16.080Z,3,v3,,
seaexam_775,SeaExam,Ngoc,CS-E,NAT,2026-05-29T15:56:20.903Z,3,v3,,
seaexam_775,SeaExam,Nhu,CS-E,NAT,2026-05-29T12:29:16.080Z,3,v3,,
seaexam_776,SeaExam,Khang,CS-H,NAT,2026-05-29T14:29:16.080Z,3,v3,,
seaexam_776,SeaExam,Ngoc,CS-E,NAT,2026-05-29T15:56:20.903Z,3,v3,,
seaexam_776,SeaExam,Nhu,CS-H,NAT,2026-05-29T12:29:16.080Z,3,v3,,
seaexam_777,SeaExam,Khang,CS-E,NAT,2026-05-29T14:29:16.080Z,3,v3,,
seaexam_777,SeaExam,Ngoc,CS-E,NAT,2026-05-29T15:56:20.903Z,3,v3,,
seaexam_777,SeaExam,Nhu,CS-E,NAT,2026-05-29T12:29:16.080Z,3,v3,,
seaexam_778,SeaExam,Khang,CS-H,NAT,2026-05-29T14:29:16.080Z,3,v3,,
seaexam_778,SeaExam,Ngoc,CS-H,NAT,2026-05-29T15:56:20.903Z,3,v3,,
seaexam_778,SeaExam,Nhu,CS-H,NAT,2026-05-29T12:29:16.080Z,3,v3,,
seaexam_779,SeaExam,Khang,CS-E,NAT,2026-05-29T14:29:16.080Z,3,v3,,
seaexam_779,SeaExam,Ngoc,CS-E,NAT,2026-05-29T15:56:20.903Z,3,v3,,
seaexam_779,SeaExam,Nhu,CS-E,NAT,2026-05-29T12:29:16.080Z,3,v3,,
seaexam_780,SeaExam,Khang,CS-H,NAT,2026-05-29T14:29:16.080Z,3,v3,,
seaexam_780,SeaExam,Ngoc,CS-H,NAT,2026-05-29T15:56:20.903Z,3,v3,,
seaexam_780,SeaExam,Nhu,CS-H,NAT,2026-05-29T12:29:16.080Z,3,v3,,
seaexam_781,SeaExam,Khang,CA,NAT,2026-05-29T14:29:16.080Z,3,v3,,
seaexam_781,SeaExam,Ngoc,CA,NAT,2026-05-29T15:56:20.903Z,3,v3,,
seaexam_781,SeaExam,Nhu,CA,NAT,2026-05-29T12:29:16.080Z,3,v3,,
seaexam_782,SeaExam,Khang,CS-E,NAT,2026-05-29T14:29:16.080Z,3,v3,,
seaexam_782,SeaExam,Ngoc,CS-E,NAT,2026-05-29T15:56:20.903Z,3,v3,,
seaexam_782,SeaExam,Nhu,CS-E,NAT,2026-05-29T12:29:16.080Z,3,v3,,
seaexam_783,SeaExam,Khang,CS-H,NAT,2026-05-29T14:29:16.080Z,3,v3,,
seaexam_783,SeaExam,Ngoc,CS-H,NAT,2026-05-29T15:56:20.903Z,3,v3,,
seaexam_783,SeaExam,Nhu,CS-H,NAT,2026-05-29T12:29:16.080Z,3,v3,,
seaexam_784,SeaExam,Khang,CA,NAT,2026-05-29T14:29:16.080Z,3,v3,,
seaexam_784,SeaExam,Ngoc,CA,NAT,2026-05-29T15:56:20.903Z,3,v3,,
seaexam_784,SeaExam,Nhu,CA,NAT,2026-05-29T12:29:16.080Z,3,v3,,
seaexam_785,SeaExam,Khang,CA,NAT,2026-05-29T14:29:16.080Z,3,v3,,
seaexam_785,SeaExam,Ngoc,CA,NAT,2026-05-29T15:56:20.903Z,3,v3,,
seaexam_785,SeaExam,Nhu,CA,NAT,2026-05-29T12:29:16.080Z,3,v3,,
seaexam_786,SeaExam,Khang,CS-H,NAT,2026-05-29T14:29:16.080Z,3,v3,,
seaexam_786,SeaExam,Ngoc,CS-H,NAT,2026-05-29T15:56:20.903Z,3,v3,,
seaexam_786,SeaExam,Nhu,CS-H,NAT,2026-05-29T12:29:16.080Z,3,v3,,
seaexam_787,SeaExam,Khang,CS-E,NAT,2026-05-29T14:29:16.080Z,3,v3,,
seaexam_787,SeaExam,Ngoc,CS-E,NAT,2026-05-29T15:56:20.903Z,3,v3,,
seaexam_787,SeaExam,Nhu,CS-E,NAT,2026-05-29T12:29:16.080Z,3,v3,,
seaexam_788,SeaExam,Khang,CA,NAT,2026-05-29T14:29:16.080Z,3,v3,,
seaexam_788,SeaExam,Ngoc,CA,NAT,2026-05-29T15:56:20.903Z,3,v3,,
seaexam_788,SeaExam,Nhu,CA,NAT,2026-05-29T12:29:16.080Z,3,v3,,
seaexam_789,SeaExam,Khang,CS-H,NAT,2026-05-29T14:29:16.080Z,3,v3,,
seaexam_789,SeaExam,Ngoc,CS-H,NAT,2026-05-29T15:56:20.903Z,3,v3,,
seaexam_789,SeaExam,Nhu,CS-H,NAT,2026-05-29T12:29:16.080Z,3,v3,,
seaexam_790,SeaExam,Khang,CS-E,NAT,2026-05-29T14:29:16.080Z,3,v3,,
seaexam_790,SeaExam,Ngoc,CS-E,NAT,2026-05-29T15:56:20.903Z,3,v3,,
seaexam_790,SeaExam,Nhu,CS-E,NAT,2026-05-29T12:29:16.080Z,3,v3,,
seaexam_791,SeaExam,Khang,CS-H,NAT,2026-05-29T14:29:16.080Z,3,v3,,
seaexam_791,SeaExam,Ngoc,CS-H,NAT,2026-05-29T15:56:20.903Z,3,v3,,
seaexam_791,SeaExam,Nhu,CS-H,NAT,2026-05-29T12:29:16.080Z,3,v3,,
seaexam_792,SeaExam,Khang,CA,NAT,2026-05-29T14:29:16.080Z,3,v3,,
seaexam_792,SeaExam,Ngoc,CA,NAT,2026-05-29T15:56:20.903Z,3,v3,,
seaexam_792,SeaExam,Nhu,CA,NAT,2026-05-29T12:29:16.080Z,3,v3,,
seaexam_793,SeaExam,Khang,CS-H,NAT,2026-05-29T14:29:16.080Z,3,v3,,
seaexam_793,SeaExam,Ngoc,CS-H,NAT,2026-05-29T15:56:20.903Z,3,v3,,
seaexam_793,SeaExam,Nhu,CS-H,NAT,2026-05-29T12:29:16.080Z,3,v3,,
seaexam_794,SeaExam,Khang,CS-H,NAT,2026-05-29T14:29:16.080Z,3,v3,,
seaexam_794,SeaExam,Ngoc,CS-E,NAT,2026-05-29T15:56:20.903Z,3,v3,,
seaexam_794,SeaExam,Nhu,CS-H,NAT,2026-05-29T12:29:16.080Z,3,v3,,
seaexam_795,SeaExam,Khang,CS-H,NAT,2026-05-29T14:29:16.080Z,3,v3,,
seaexam_795,SeaExam,Ngoc,CS-H,NAT,2026-05-29T15:56:20.903Z,3,v3,,
seaexam_795,SeaExam,Nhu,CS-H,NAT,2026-05-29T12:29:16.080Z,3,v3,,
seaexam_796,SeaExam,Khang,CS-H,NAT,2026-05-29T14:29:16.080Z,3,v3,,
seaexam_796,SeaExam,Ngoc,CS-H,NAT,2026-05-29T15:56:20.903Z,3,v3,,
seaexam_796,SeaExam,Nhu,CS-H,NAT,2026-05-29T12:29:16.080Z,3,v3,,
seaexam_797,SeaExam,Khang,CS-H,NAT,2026-05-29T14:29:16.080Z,3,v3,,
seaexam_797,SeaExam,Ngoc,CS-H,NAT,2026-05-29T15:56:20.903Z,3,v3,,
seaexam_797,SeaExam,Nhu,CS-H,NAT,2026-05-29T12:29:16.080Z,3,v3,,
seaexam_798,SeaExam,Khang,CS-H,NAT,2026-05-29T14:29:16.080Z,3,v3,,
seaexam_798,SeaExam,Ngoc,CS-H,NAT,2026-05-29T15:56:20.903Z,3,v3,,
seaexam_798,SeaExam,Nhu,CS-H,NAT,2026-05-29T12:29:16.080Z,3,v3,,
seaexam_799,SeaExam,Khang,CS-H,NAT,2026-05-29T14:29:16.080Z,3,v3,,
seaexam_799,SeaExam,Ngoc,CS-H,NAT,2026-05-29T15:56:20.903Z,3,v3,,
seaexam_799,SeaExam,Nhu,CS-H,NAT,2026-05-29T12:29:16.080Z,3,v3,,
seaexam_800,SeaExam,Khang,CS-E,NAT,2026-05-29T14:29:16.080Z,3,v3,,
seaexam_800,SeaExam,Ngoc,CS-E,NAT,2026-05-29T15:56:20.903Z,3,v3,,
seaexam_800,SeaExam,Nhu,CS-E,NAT,2026-05-29T12:29:16.080Z,3,v3,,
seaexam_801,SeaExam,Khang,CS-E,NAT,2026-05-29T14:29:16.080Z,3,v3,,
seaexam_801,SeaExam,Ngoc,CS-E,NAT,2026-05-29T15:56:20.903Z,3,v3,,
seaexam_801,SeaExam,Nhu,CS-E,NAT,2026-05-29T12:29:16.080Z,3,v3,,
seaexam_802,SeaExam,Khang,CS-H,NAT,2026-05-29T14:29:16.080Z,3,v3,,
seaexam_802,SeaExam,Ngoc,CS-E,NAT,2026-05-29T15:56:20.903Z,3,v3,,
seaexam_802,SeaExam,Nhu,CS-H,NAT,2026-05-29T12:29:16.080Z,3,v3,,
seaexam_803,SeaExam,Khang,CS-H,NAT,2026-05-29T14:29:16.080Z,3,v3,,
seaexam_803,SeaExam,Ngoc,CS-H,NAT,2026-05-29T15:56:20.903Z,3,v3,,
seaexam_803,SeaExam,Nhu,CS-H,NAT,2026-05-29T12:29:16.080Z,3,v3,,
seaexam_804,SeaExam,Khang,CS-H,NAT,2026-05-29T14:29:16.080Z,3,v3,,
seaexam_804,SeaExam,Ngoc,CS-H,NAT,2026-05-29T15:56:20.903Z,3,v3,,
seaexam_804,SeaExam,Nhu,CS-H,NAT,2026-05-29T12:29:16.080Z,3,v3,,
seaexam_805,SeaExam,Khang,CS-H,NAT,2026-05-29T14:29:16.080Z,3,v3,,
seaexam_805,SeaExam,Ngoc,CS-H,NAT,2026-05-29T15:56:20.903Z,3,v3,,
seaexam_805,SeaExam,Nhu,CS-H,NAT,2026-05-29T12:29:16.080Z,3,v3,,
seaexam_806,SeaExam,Khang,CS-H,NAT,2026-05-29T14:29:16.080Z,3,v3,,
seaexam_806,SeaExam,Ngoc,CS-H,NAT,2026-05-29T15:56:20.903Z,3,v3,,
seaexam_806,SeaExam,Nhu,CS-H,NAT,2026-05-29T12:29:16.080Z,3,v3,,
seaexam_807,SeaExam,Khang,CS-H,NAT,2026-05-29T14:29:16.080Z,3,v3,,
seaexam_807,SeaExam,Ngoc,CS-H,NAT,2026-05-29T15:56:20.903Z,3,v3,,
seaexam_807,SeaExam,Nhu,CS-H,NAT,2026-05-29T12:29:16.080Z,3,v3,,
seaexam_808,SeaExam,Khang,CS-H,NAT,2026-05-29T14:29:16.080Z,3,v3,,
seaexam_808,SeaExam,Ngoc,CS-H,NAT,2026-05-29T15:56:20.903Z,3,v3,,
seaexam_808,SeaExam,Nhu,CS-H,NAT,2026-05-29T12:29:16.080Z,3,v3,,
seaexam_809,SeaExam,Khang,CS-E,NAT,2026-05-29T14:29:16.080Z,3,v3,,
seaexam_809,SeaExam,Ngoc,CA,NAT,2026-05-29T15:56:20.903Z,3,v3,,
seaexam_809,SeaExam,Nhu,CA,NAT,2026-05-29T12:29:16.080Z,3,v3,,
seaexam_810,SeaExam,Khang,CS-E,NAT,2026-05-29T14:29:16.080Z,3,v3,,
seaexam_810,SeaExam,Ngoc,CS-E,NAT,2026-05-29T15:56:20.903Z,3,v3,,
seaexam_810,SeaExam,Nhu,CS-E,NAT,2026-05-29T12:29:16.080Z,3,v3,,
seaexam_811,SeaExam,Khang,CS-H,NAT,2026-05-29T14:29:16.080Z,3,v3,,
seaexam_811,SeaExam,Ngoc,CS-H,NAT,2026-05-29T15:56:20.903Z,3,v3,,
seaexam_811,SeaExam,Nhu,CS-H,NAT,2026-05-29T12:29:16.080Z,3,v3,,
seaexam_812,SeaExam,Khang,CS-H,NAT,2026-05-29T14:29:16.080Z,3,v3,,
seaexam_812,SeaExam,Ngoc,CS-H,NAT,2026-05-29T15:56:20.903Z,3,v3,,
seaexam_812,SeaExam,Nhu,CS-H,NAT,2026-05-29T12:29:16.080Z,3,v3,,
seaexam_813,SeaExam,Khang,CS-H,NAT,2026-05-29T14:29:16.080Z,3,v3,,
seaexam_813,SeaExam,Ngoc,CS-H,NAT,2026-05-29T15:56:20.903Z,3,v3,,
seaexam_813,SeaExam,Nhu,CS-H,NAT,2026-05-29T12:29:16.080Z,3,v3,,
seaexam_814,SeaExam,Khang,CS-L,NAT,2026-05-29T14:29:16.080Z,3,v3,,
seaexam_814,SeaExam,Ngoc,CS-L,NAT,2026-05-29T15:56:20.903Z,3,v3,,
seaexam_814,SeaExam,Nhu,CS-L,NAT,2026-05-29T12:29:16.080Z,3,v3,,
seaexam_815,SeaExam,Khang,CS-H,NAT,2026-05-29T14:29:16.080Z,3,v3,,
seaexam_815,SeaExam,Ngoc,CS-H,NAT,2026-05-29T15:56:20.903Z,3,v3,,
seaexam_815,SeaExam,Nhu,CS-H,NAT,2026-05-29T12:29:16.080Z,3,v3,,
seaexam_816,SeaExam,Khang,CS-H,NAT,2026-05-29T14:29:16.080Z,3,v3,,
seaexam_816,SeaExam,Ngoc,CS-H,NAT,2026-05-29T15:56:20.903Z,3,v3,,
seaexam_816,SeaExam,Nhu,CS-H,NAT,2026-05-29T12:29:16.080Z,3,v3,,
seaexam_817,SeaExam,Khang,CS-E,NAT,2026-05-29T14:29:16.080Z,3,v3,,
seaexam_817,SeaExam,Ngoc,CS-E,NAT,2026-05-29T15:56:20.903Z,3,v3,,
seaexam_817,SeaExam,Nhu,CS-E,NAT,2026-05-29T12:29:16.080Z,3,v3,,
seaexam_818,SeaExam,Khang,CS-H,NAT,2026-05-29T14:29:16.080Z,3,v3,,
seaexam_818,SeaExam,Ngoc,CS-H,NAT,2026-05-29T15:56:20.903Z,3,v3,,
seaexam_818,SeaExam,Nhu,CS-H,NAT,2026-05-29T12:29:16.080Z,3,v3,,
seaexam_819,SeaExam,Khang,CS-E,NAT,2026-05-29T14:29:16.080Z,3,v3,,
seaexam_819,SeaExam,Ngoc,CS-E,NAT,2026-05-29T15:56:20.903Z,3,v3,,
seaexam_819,SeaExam,Nhu,CS-E,NAT,2026-05-29T12:29:16.080Z,3,v3,,
seaexam_820,SeaExam,Khang,CS-H,NAT,2026-05-29T14:29:16.080Z,3,v3,,
seaexam_820,SeaExam,Ngoc,CS-H,NAT,2026-05-29T15:56:20.903Z,3,v3,,
seaexam_820,SeaExam,Nhu,CS-H,NAT,2026-05-29T12:29:16.080Z,3,v3,,
seaexam_821,SeaExam,Khang,CS-E,NAT,2026-05-29T14:29:16.080Z,3,v3,,
seaexam_821,SeaExam,Ngoc,CS-E,NAT,2026-05-29T15:56:20.903Z,3,v3,,
seaexam_821,SeaExam,Nhu,CS-E,NAT,2026-05-29T12:29:16.080Z,3,v3,,
seaexam_822,SeaExam,Khang,CS-E,NAT,2026-05-29T14:29:16.080Z,3,v3,,
seaexam_822,SeaExam,Ngoc,CS-E,NAT,2026-05-29T15:56:20.903Z,3,v3,,
seaexam_822,SeaExam,Nhu,CS-E,NAT,2026-05-29T12:29:16.080Z,3,v3,,
seaexam_823,SeaExam,Khang,CS-H,NAT,2026-05-29T14:29:16.080Z,3,v3,,
seaexam_823,SeaExam,Ngoc,CS-H,NAT,2026-05-29T15:56:20.903Z,3,v3,,
seaexam_823,SeaExam,Nhu,CS-H,NAT,2026-05-29T12:29:16.080Z,3,v3,,
seaexam_824,SeaExam,Khang,CS-E,NAT,2026-05-29T14:29:16.080Z,3,v3,,
seaexam_824,SeaExam,Ngoc,CS-E,NAT,2026-05-29T15:56:20.903Z,3,v3,,
seaexam_824,SeaExam,Nhu,CS-E,NAT,2026-05-29T12:29:16.080Z,3,v3,,
seaexam_825,SeaExam,Khang,CS-E,NAT,2026-05-29T14:29:16.080Z,3,v3,,
seaexam_825,SeaExam,Ngoc,CS-E,NAT,2026-05-29T15:56:20.903Z,3,v3,,
seaexam_825,SeaExam,Nhu,CS-E,NAT,2026-05-29T12:29:16.080Z,3,v3,,
seaexam_826,SeaExam,Khang,CS-H,NAT,2026-05-29T14:29:16.080Z,3,v3,,
seaexam_826,SeaExam,Ngoc,CS-H,NAT,2026-05-29T15:56:20.903Z,3,v3,,
seaexam_826,SeaExam,Nhu,CS-H,NAT,2026-05-29T12:29:16.080Z,3,v3,,
seaexam_827,SeaExam,Khang,CS-H,NAT,2026-05-29T14:29:16.080Z,3,v3,,
seaexam_827,SeaExam,Ngoc,CS-H,NAT,2026-05-29T15:56:20.903Z,3,v3,,
seaexam_827,SeaExam,Nhu,CS-H,NAT,2026-05-29T12:29:16.080Z,3,v3,,
seaexam_828,SeaExam,Khang,CA,NAT,2026-05-29T14:29:16.080Z,3,v3,,
seaexam_828,SeaExam,Ngoc,CS-E,NAT,2026-05-29T15:56:20.903Z,3,v3,,
seaexam_828,SeaExam,Nhu,CA,NAT,2026-05-29T12:29:16.080Z,3,v3,,
seaexam_829,SeaExam,Khang,CS-E,NAT,2026-05-29T14:29:16.080Z,3,v3,,
seaexam_829,SeaExam,Ngoc,CS-E,NAT,2026-05-29T15:56:20.903Z,3,v3,,
seaexam_829,SeaExam,Nhu,CS-E,NAT,2026-05-29T12:29:16.080Z,3,v3,,
seaexam_830,SeaExam,Khang,CS-E,NAT,2026-05-29T14:29:16.080Z,3,v3,,
seaexam_830,SeaExam,Ngoc,CS-E,NAT,2026-05-29T15:56:20.903Z,3,v3,,
seaexam_830,SeaExam,Nhu,CS-E,NAT,2026-05-29T12:29:16.080Z,3,v3,,
seaexam_831,SeaExam,Khang,CS-E,NAT,2026-05-29T14:29:16.080Z,3,v3,,
seaexam_831,SeaExam,Ngoc,CS-E,NAT,2026-05-29T15:56:20.903Z,3,v3,,
seaexam_831,SeaExam,Nhu,CS-E,NAT,2026-05-29T12:29:16.080Z,3,v3,,
seaexam_832,SeaExam,Khang,CS-E,NAT,2026-05-29T14:29:16.080Z,3,v3,,
seaexam_832,SeaExam,Ngoc,CS-E,NAT,2026-05-29T15:56:20.903Z,3,v3,,
seaexam_832,SeaExam,Nhu,CS-E,NAT,2026-05-29T12:29:16.080Z,3,v3,,
seaexam_833,SeaExam,Khang,CS-E,NAT,2026-05-29T14:29:16.080Z,3,v3,,
seaexam_833,SeaExam,Ngoc,CS-E,NAT,2026-05-29T15:56:20.903Z,3,v3,,
seaexam_833,SeaExam,Nhu,CS-E,NAT,2026-05-29T12:29:16.080Z,3,v3,,
seaexam_834,SeaExam,Khang,CS-H,NAT,2026-05-29T14:29:16.080Z,3,v3,,
seaexam_834,SeaExam,Ngoc,CS-H,NAT,2026-05-29T15:56:20.903Z,3,v3,,
seaexam_834,SeaExam,Nhu,CS-H,NAT,2026-05-29T12:29:16.080Z,3,v3,,
seaexam_835,SeaExam,Khang,CA,NAT,2026-05-29T14:29:16.080Z,3,v3,,
seaexam_835,SeaExam,Ngoc,CS-H,NAT,2026-05-29T15:56:20.903Z,3,v3,,
seaexam_835,SeaExam,Nhu,CA,NAT,2026-05-29T12:29:16.080Z,3,v3,,
seaexam_836,SeaExam,Khang,CS-E,NAT,2026-05-29T14:29:16.080Z,3,v3,,
seaexam_836,SeaExam,Ngoc,CS-E,NAT,2026-05-29T15:56:20.903Z,3,v3,,
seaexam_836,SeaExam,Nhu,CS-E,NAT,2026-05-29T12:29:16.080Z,3,v3,,
seaexam_837,SeaExam,Khang,CS-E,NAT,2026-05-29T14:29:16.080Z,3,v3,,
seaexam_837,SeaExam,Ngoc,CS-E,NAT,2026-05-29T15:56:20.903Z,3,v3,,
seaexam_837,SeaExam,Nhu,CS-E,NAT,2026-05-29T12:29:16.080Z,3,v3,,
seaexam_838,SeaExam,Khang,CS-H,NAT,2026-05-29T14:29:16.080Z,3,v3,,
seaexam_838,SeaExam,Ngoc,CS-E,NAT,2026-05-29T15:56:20.903Z,3,v3,,
seaexam_838,SeaExam,Nhu,CS-H,NAT,2026-05-29T12:29:16.080Z,3,v3,,
seaexam_839,SeaExam,Khang,UNK,NAT,2026-05-29T14:29:16.080Z,3,v3,,
seaexam_839,SeaExam,Ngoc,CS-H,NAT,2026-05-29T15:56:20.903Z,3,v3,,
seaexam_839,SeaExam,Nhu,CS-H,NAT,2026-05-29T12:29:16.080Z,3,v3,,
seaexam_840,SeaExam,Khang,CA,NAT,2026-05-29T14:29:16.080Z,3,v3,,
seaexam_840,SeaExam,Ngoc,CS-E,NAT,2026-05-29T15:56:20.903Z,3,v3,,
seaexam_840,SeaExam,Nhu,CA,NAT,2026-05-29T12:29:16.080Z,3,v3,,
seaexam_841,SeaExam,Khang,CS-E,NAT,2026-05-29T14:29:16.080Z,3,v3,,
seaexam_841,SeaExam,Ngoc,CS-E,NAT,2026-05-29T15:56:20.903Z,3,v3,,
seaexam_841,SeaExam,Nhu,CS-E,NAT,2026-05-29T12:29:16.080Z,3,v3,,
seaexam_842,SeaExam,Khang,CS-L,NAT,2026-05-29T14:29:16.080Z,3,v3,,
seaexam_842,SeaExam,Ngoc,CS-L,NAT,2026-05-29T15:56:20.903Z,3,v3,,
seaexam_842,SeaExam,Nhu,CS-L,NAT,2026-05-29T12:29:16.080Z,3,v3,,
seaexam_843,SeaExam,Khang,CS-H,NAT,2026-05-29T14:29:16.080Z,3,v3,,
seaexam_843,SeaExam,Ngoc,CS-H,NAT,2026-05-29T15:56:20.903Z,3,v3,,
seaexam_843,SeaExam,Nhu,CS-H,NAT,2026-05-29T12:29:16.080Z,3,v3,,
seaexam_844,SeaExam,Khang,CS-E,NAT,2026-05-29T14:29:16.080Z,3,v3,,
seaexam_844,SeaExam,Ngoc,CS-H,NAT,2026-05-29T15:56:20.903Z,3,v3,,
seaexam_844,SeaExam,Nhu,CS-E,NAT,2026-05-29T12:29:16.080Z,3,v3,,
seaexam_845,SeaExam,Khang,CS-E,NAT,2026-05-29T14:29:16.080Z,3,v3,,
seaexam_845,SeaExam,Ngoc,CS-E,NAT,2026-05-29T15:56:20.903Z,3,v3,,
seaexam_845,SeaExam,Nhu,CS-E,NAT,2026-05-29T12:29:16.080Z,3,v3,,
seaexam_846,SeaExam,Khang,CS-H,NAT,2026-05-29T14:29:16.080Z,3,v3,,
seaexam_846,SeaExam,Ngoc,CS-H,NAT,2026-05-29T15:56:20.903Z,3,v3,,
seaexam_846,SeaExam,Nhu,CS-H,NAT,2026-05-29T12:29:16.080Z,3,v3,,
seaexam_847,SeaExam,Khang,CS-H,NAT,2026-05-29T14:29:16.080Z,3,v3,,
seaexam_847,SeaExam,Ngoc,CS-H,NAT,2026-05-29T15:56:20.903Z,3,v3,,
seaexam_847,SeaExam,Nhu,CS-H,NAT,2026-05-29T12:29:16.080Z,3,v3,,
seaexam_848,SeaExam,Khang,CS-H,NAT,2026-05-29T14:29:16.080Z,3,v3,,
seaexam_848,SeaExam,Ngoc,CS-H,NAT,2026-05-29T15:56:20.903Z,3,v3,,
seaexam_848,SeaExam,Nhu,CS-H,NAT,2026-05-29T12:29:16.080Z,3,v3,,
seaexam_849,SeaExam,Khang,CA,NAT,2026-05-29T14:29:16.080Z,3,v3,,
seaexam_849,SeaExam,Ngoc,CA,NAT,2026-05-29T15:56:20.903Z,3,v3,,
seaexam_849,SeaExam,Nhu,CA,NAT,2026-05-29T12:29:16.080Z,3,v3,,
seaexam_850,SeaExam,Khang,CS-H,NAT,2026-05-29T14:29:16.080Z,3,v3,,
seaexam_850,SeaExam,Ngoc,CS-E,NAT,2026-05-29T15:56:20.903Z,3,v3,,
seaexam_850,SeaExam,Nhu,CS-E,NAT,2026-05-29T12:29:16.080Z,3,v3,,
seaexam_851,SeaExam,Khang,CS-H,NAT,2026-05-29T14:29:16.080Z,3,v3,,
seaexam_851,SeaExam,Ngoc,CS-E,NAT,2026-05-29T15:56:20.903Z,3,v3,,
seaexam_851,SeaExam,Nhu,CS-H,NAT,2026-05-29T12:29:16.080Z,3,v3,,
seaexam_852,SeaExam,Khang,CS-H,NAT,2026-05-29T14:29:16.080Z,3,v3,,
seaexam_852,SeaExam,Ngoc,CS-E,NAT,2026-05-29T15:56:20.903Z,3,v3,,
seaexam_852,SeaExam,Nhu,CS-H,NAT,2026-05-29T12:29:16.080Z,3,v3,,
seaexam_853,SeaExam,Khang,CS-H,NAT,2026-05-29T14:29:16.080Z,3,v3,,
seaexam_853,SeaExam,Ngoc,CS-H,NAT,2026-05-29T15:56:20.903Z,3,v3,,
seaexam_853,SeaExam,Nhu,CS-H,NAT,2026-05-29T12:29:16.080Z,3,v3,,
seaexam_854,SeaExam,Khang,CA,NAT,2026-05-29T14:29:16.080Z,3,v3,,
seaexam_854,SeaExam,Ngoc,CA,NAT,2026-05-29T15:56:20.903Z,3,v3,,
seaexam_854,SeaExam,Nhu,CA,NAT,2026-05-29T12:29:16.080Z,3,v3,,
seaexam_855,SeaExam,Khang,CS-H,NAT,2026-05-29T14:29:16.080Z,3,v3,,
seaexam_855,SeaExam,Ngoc,CS-H,NAT,2026-05-29T15:56:20.903Z,3,v3,,
seaexam_855,SeaExam,Nhu,CS-H,NAT,2026-05-29T12:29:16.080Z,3,v3,,
seaexam_856,SeaExam,Khang,CS-E,NAT,2026-05-29T14:29:16.080Z,3,v3,,
seaexam_856,SeaExam,Ngoc,CS-E,NAT,2026-05-29T15:56:20.903Z,3,v3,,
seaexam_856,SeaExam,Nhu,CS-E,NAT,2026-05-29T12:29:16.080Z,3,v3,,
econometrics/test/0,Global-MMLU,Khang,CA,TRA,2026-05-03T16:51:12.912Z,1,v1,,
econometrics/test/0,Global-MMLU,Ngoc,CA,TRA,2026-05-03T07:52:47.052Z,1,v1,,
econometrics/test/0,Global-MMLU,Nhu,CA,TRA,2026-05-05T18:30:23.312Z,1,v1,,
econometrics/test/1,Global-MMLU,Khang,CA,TRA,2026-05-03T16:51:12.912Z,1,v1,,
econometrics/test/1,Global-MMLU,Ngoc,CA,TRA,2026-05-03T07:52:47.053Z,1,v1,,
econometrics/test/1,Global-MMLU,Nhu,CA,TRA,2026-05-05T18:30:23.312Z,1,v1,,
econometrics/test/2,Global-MMLU,Khang,CA,TRA,2026-05-03T16:51:12.912Z,1,v1,,
econometrics/test/2,Global-MMLU,Ngoc,CA,TRA,2026-05-03T07:52:47.053Z,1,v1,,
econometrics/test/2,Global-MMLU,Nhu,CA,TRA,2026-05-05T18:30:23.312Z,1,v1,,
econometrics/test/3,Global-MMLU,Khang,CA,TRA,2026-05-03T16:51:12.912Z,1,v1,,
econometrics/test/3,Global-MMLU,Ngoc,CA,TRA,2026-05-03T07:52:47.053Z,1,v1,,
econometrics/test/3,Global-MMLU,Nhu,CA,TRA,2026-05-05T18:30:23.312Z,1,v1,,
econometrics/test/4,Global-MMLU,Khang,CA,TRA,2026-05-03T16:51:12.912Z,1,v1,,
econometrics/test/4,Global-MMLU,Ngoc,CA,TRA,2026-05-03T07:52:47.053Z,1,v1,,
econometrics/test/4,Global-MMLU,Nhu,CA,TRA,2026-05-05T18:30:23.312Z,1,v1,,
econometrics/test/5,Global-MMLU,Khang,CA,TRA,2026-05-03T16:51:12.912Z,1,v1,,
econometrics/test/5,Global-MMLU,Ngoc,CA,TRA,2026-05-03T07:52:47.053Z,1,v1,,
econometrics/test/5,Global-MMLU,Nhu,CA,TRA,2026-05-05T18:30:23.312Z,1,v1,,
econometrics/test/6,Global-MMLU,Khang,CA,TRA,2026-05-03T16:51:12.912Z,1,v1,,
econometrics/test/6,Global-MMLU,Ngoc,CA,TRA,2026-05-03T07:52:47.053Z,1,v1,,
econometrics/test/6,Global-MMLU,Nhu,CA,TRA,2026-05-05T18:30:23.312Z,1,v1,,
econometrics/test/7,Global-MMLU,Khang,CA,TRA,2026-05-03T16:51:12.912Z,1,v1,,
econometrics/test/7,Global-MMLU,Ngoc,UNK,TRA,2026-05-03T07:52:47.053Z,1,v1,,
econometrics/test/7,Global-MMLU,Nhu,CA,TRA,2026-05-05T18:30:23.312Z,1,v1,,
econometrics/test/8,Global-MMLU,Khang,CA,TRA,2026-05-03T16:51:12.912Z,1,v1,,
econometrics/test/8,Global-MMLU,Ngoc,UNK,TRA,2026-05-03T07:52:47.053Z,1,v1,,
econometrics/test/8,Global-MMLU,Nhu,CA,TRA,2026-05-05T18:30:23.312Z,1,v1,,
econometrics/test/9,Global-MMLU,Khang,CA,TRA,2026-05-03T16:51:12.912Z,1,v1,,
econometrics/test/9,Global-MMLU,Ngoc,CA,TRA,2026-05-03T07:52:47.054Z,1,v1,,
econometrics/test/9,Global-MMLU,Nhu,CA,TRA,2026-05-05T18:30:23.312Z,1,v1,,
econometrics/test/10,Global-MMLU,Khang,CA,TRA,2026-05-03T16:51:12.912Z,1,v1,,
econometrics/test/10,Global-MMLU,Ngoc,CA,TRA,2026-05-03T07:52:47.054Z,1,v1,,
econometrics/test/10,Global-MMLU,Nhu,CA,TRA,2026-05-05T18:30:23.312Z,1,v1,,
econometrics/test/11,Global-MMLU,Khang,CA,TRA,2026-05-03T16:51:12.912Z,1,v1,,
econometrics/test/11,Global-MMLU,Ngoc,UNK,TRA,2026-05-03T07:52:47.054Z,1,v1,,
econometrics/test/11,Global-MMLU,Nhu,CA,TRA,2026-05-05T18:30:23.312Z,1,v1,,
econometrics/test/12,Global-MMLU,Khang,CA,TRA,2026-05-03T16:51:12.912Z,1,v1,,
econometrics/test/12,Global-MMLU,Ngoc,CA,TRA,2026-05-03T07:52:47.054Z,1,v1,,
econometrics/test/12,Global-MMLU,Nhu,CA,TRA,2026-05-05T18:30:23.312Z,1,v1,,
econometrics/test/13,Global-MMLU,Khang,CA,TRA,2026-05-03T16:51:12.912Z,1,v1,,
econometrics/test/13,Global-MMLU,Ngoc,CA,TRA,2026-05-03T07:52:47.054Z,1,v1,,
econometrics/test/13,Global-MMLU,Nhu,CA,TRA,2026-05-05T18:30:23.312Z,1,v1,,
econometrics/test/14,Global-MMLU,Khang,CA,TRA,2026-05-03T16:51:12.912Z,1,v1,,
econometrics/test/14,Global-MMLU,Ngoc,CA,TRA,2026-05-03T07:52:47.054Z,1,v1,,
econometrics/test/14,Global-MMLU,Nhu,CA,TRA,2026-05-05T18:30:23.312Z,1,v1,,
econometrics/test/15,Global-MMLU,Khang,CA,TRA,2026-05-03T16:51:12.912Z,1,v1,,
econometrics/test/15,Global-MMLU,Ngoc,CA,TRA,2026-05-03T07:52:47.054Z,1,v1,,
econometrics/test/15,Global-MMLU,Nhu,CA,TRA,2026-05-05T18:30:23.312Z,1,v1,,
econometrics/test/16,Global-MMLU,Khang,CA,TRA,2026-05-03T16:51:12.912Z,1,v1,,
econometrics/test/16,Global-MMLU,Ngoc,UNK,TRA,2026-05-03T07:52:47.054Z,1,v1,,
econometrics/test/16,Global-MMLU,Nhu,CA,TRA,2026-05-05T18:30:23.312Z,1,v1,,
econometrics/test/17,Global-MMLU,Khang,CA,TRA,2026-05-03T16:51:12.912Z,1,v1,,
econometrics/test/17,Global-MMLU,Ngoc,UNK,TRA,2026-05-03T07:52:47.054Z,1,v1,,
econometrics/test/17,Global-MMLU,Nhu,CA,TRA,2026-05-05T18:30:23.312Z,1,v1,,
econometrics/test/18,Global-MMLU,Khang,CA,TRA,2026-05-03T16:51:12.912Z,1,v1,,
econometrics/test/18,Global-MMLU,Ngoc,CA,TRA,2026-05-03T07:52:47.054Z,1,v1,,
econometrics/test/18,Global-MMLU,Nhu,CA,TRA,2026-05-05T18:30:23.312Z,1,v1,,
econometrics/test/19,Global-MMLU,Khang,CA,TRA,2026-05-03T16:51:12.912Z,1,v1,,
econometrics/test/19,Global-MMLU,Ngoc,CA,TRA,2026-05-03T07:52:47.054Z,1,v1,,
econometrics/test/19,Global-MMLU,Nhu,CA,TRA,2026-05-05T18:30:23.312Z,1,v1,,
econometrics/test/20,Global-MMLU,Khang,CA,TRA,2026-05-03T16:51:12.912Z,1,v1,,
econometrics/test/20,Global-MMLU,Ngoc,UNK,TRA,2026-05-03T07:52:47.054Z,1,v1,,
econometrics/test/20,Global-MMLU,Nhu,CA,TRA,2026-05-05T18:30:23.312Z,1,v1,,
econometrics/test/21,Global-MMLU,Khang,CA,TRA,2026-05-03T16:51:12.912Z,1,v1,,
econometrics/test/21,Global-MMLU,Ngoc,CA,TRA,2026-05-03T07:52:47.054Z,1,v1,,
econometrics/test/21,Global-MMLU,Nhu,CA,TRA,2026-05-05T18:30:23.312Z,1,v1,,
econometrics/test/22,Global-MMLU,Khang,CA,TRA,2026-05-03T16:51:12.912Z,1,v1,,
econometrics/test/22,Global-MMLU,Ngoc,CA,TRA,2026-05-03T07:52:47.054Z,1,v1,,
econometrics/test/22,Global-MMLU,Nhu,CA,TRA,2026-05-05T18:30:23.312Z,1,v1,,
econometrics/test/23,Global-MMLU,Khang,CA,TRA,2026-05-03T16:51:12.912Z,1,v1,,
econometrics/test/23,Global-MMLU,Ngoc,CA,TRA,2026-05-03T07:52:47.054Z,1,v1,,
econometrics/test/23,Global-MMLU,Nhu,CA,TRA,2026-05-05T18:30:23.312Z,1,v1,,
econometrics/test/24,Global-MMLU,Khang,CA,TRA,2026-05-03T16:51:12.912Z,1,v1,,
econometrics/test/24,Global-MMLU,Ngoc,UNK,TRA,2026-05-03T07:52:47.054Z,1,v1,,
econometrics/test/24,Global-MMLU,Nhu,CA,TRA,2026-05-05T18:30:23.312Z,1,v1,,
econometrics/test/25,Global-MMLU,Khang,CA,TRA,2026-05-03T16:51:12.912Z,1,v1,,
econometrics/test/25,Global-MMLU,Ngoc,CA,TRA,2026-05-03T07:52:47.054Z,1,v1,,
econometrics/test/25,Global-MMLU,Nhu,CA,TRA,2026-05-05T18:30:23.312Z,1,v1,,
econometrics/test/26,Global-MMLU,Khang,CA,TRA,2026-05-03T16:51:12.912Z,1,v1,,
econometrics/test/26,Global-MMLU,Ngoc,CA,TRA,2026-05-03T07:52:47.054Z,1,v1,,
econometrics/test/26,Global-MMLU,Nhu,CA,TRA,2026-05-05T18:30:23.312Z,1,v1,,
econometrics/test/27,Global-MMLU,Khang,CA,TRA,2026-05-03T16:51:12.912Z,1,v1,,
econometrics/test/27,Global-MMLU,Ngoc,CA,TRA,2026-05-03T07:52:47.054Z,1,v1,,
econometrics/test/27,Global-MMLU,Nhu,CA,TRA,2026-05-05T18:30:23.312Z,1,v1,,
econometrics/test/28,Global-MMLU,Khang,CA,TRA,2026-05-03T16:51:12.912Z,1,v1,,
econometrics/test/28,Global-MMLU,Ngoc,CA,TRA,2026-05-03T07:52:47.054Z,1,v1,,
econometrics/test/28,Global-MMLU,Nhu,CA,TRA,2026-05-05T18:30:23.312Z,1,v1,,
econometrics/test/29,Global-MMLU,Khang,CA,TRA,2026-05-03T16:51:12.912Z,1,v1,,
econometrics/test/29,Global-MMLU,Ngoc,CA,TRA,2026-05-03T07:52:47.054Z,1,v1,,
econometrics/test/29,Global-MMLU,Nhu,CA,TRA,2026-05-05T18:30:23.312Z,1,v1,,
econometrics/test/30,Global-MMLU,Khang,CA,TRA,2026-05-03T16:51:12.912Z,1,v1,,
econometrics/test/30,Global-MMLU,Ngoc,CA,TRA,2026-05-03T07:52:47.054Z,1,v1,,
econometrics/test/30,Global-MMLU,Nhu,CA,TRA,2026-05-05T18:30:23.312Z,1,v1,,
econometrics/test/31,Global-MMLU,Khang,CA,TRA,2026-05-03T16:51:12.912Z,1,v1,,
econometrics/test/31,Global-MMLU,Ngoc,CA,TRA,2026-05-03T07:52:47.054Z,1,v1,,
econometrics/test/31,Global-MMLU,Nhu,CA,TRA,2026-05-05T18:30:23.312Z,1,v1,,
econometrics/test/32,Global-MMLU,Khang,CA,TRA,2026-05-03T16:51:12.912Z,1,v1,,
econometrics/test/32,Global-MMLU,Ngoc,CA,TRA,2026-05-03T07:52:47.054Z,1,v1,,
econometrics/test/32,Global-MMLU,Nhu,CA,TRA,2026-05-05T18:30:23.312Z,1,v1,,
econometrics/test/33,Global-MMLU,Khang,CA,TRA,2026-05-03T16:51:12.912Z,1,v1,,
econometrics/test/33,Global-MMLU,Ngoc,CA,TRA,2026-05-03T07:52:47.054Z,1,v1,,
econometrics/test/33,Global-MMLU,Nhu,CA,TRA,2026-05-05T18:30:23.312Z,1,v1,,
econometrics/test/34,Global-MMLU,Khang,CA,TRA,2026-05-03T16:51:12.912Z,1,v1,,
econometrics/test/34,Global-MMLU,Ngoc,CA,TRA,2026-05-03T07:52:47.054Z,1,v1,,
econometrics/test/34,Global-MMLU,Nhu,CA,TRA,2026-05-05T18:30:23.312Z,1,v1,,
econometrics/test/35,Global-MMLU,Khang,CA,TRA,2026-05-03T16:51:12.912Z,1,v1,,
econometrics/test/35,Global-MMLU,Ngoc,CA,TRA,2026-05-03T07:52:47.054Z,1,v1,,
econometrics/test/35,Global-MMLU,Nhu,CA,TRA,2026-05-05T18:30:23.312Z,1,v1,,
econometrics/test/36,Global-MMLU,Khang,CA,TRA,2026-05-03T16:51:12.912Z,1,v1,,
econometrics/test/36,Global-MMLU,Ngoc,CA,TRA,2026-05-03T07:52:47.054Z,1,v1,,
econometrics/test/36,Global-MMLU,Nhu,CA,TRA,2026-05-05T18:30:23.312Z,1,v1,,
econometrics/test/37,Global-MMLU,Khang,CA,TRA,2026-05-03T16:51:12.912Z,1,v1,,
econometrics/test/37,Global-MMLU,Ngoc,CA,TRA,2026-05-03T07:52:47.054Z,1,v1,,
econometrics/test/37,Global-MMLU,Nhu,CA,TRA,2026-05-05T18:30:23.312Z,1,v1,,
econometrics/test/38,Global-MMLU,Khang,CA,TRA,2026-05-03T16:51:12.912Z,1,v1,,
econometrics/test/38,Global-MMLU,Ngoc,CA,TRA,2026-05-03T07:52:47.054Z,1,v1,,
econometrics/test/38,Global-MMLU,Nhu,CA,TRA,2026-05-05T18:30:23.312Z,1,v1,,
econometrics/test/39,Global-MMLU,Khang,CA,TRA,2026-05-03T16:51:12.912Z,1,v1,,
econometrics/test/39,Global-MMLU,Ngoc,CA,TRA,2026-05-03T07:52:47.054Z,1,v1,,
econometrics/test/39,Global-MMLU,Nhu,CA,TRA,2026-05-05T18:30:23.312Z,1,v1,,
econometrics/test/40,Global-MMLU,Khang,CA,TRA,2026-05-03T16:51:12.912Z,1,v1,,
econometrics/test/40,Global-MMLU,Ngoc,CA,TRA,2026-05-03T07:52:47.054Z,1,v1,,
econometrics/test/40,Global-MMLU,Nhu,CA,TRA,2026-05-05T18:30:23.312Z,1,v1,,
econometrics/test/41,Global-MMLU,Khang,CA,TRA,2026-05-03T16:51:12.912Z,1,v1,,
econometrics/test/41,Global-MMLU,Ngoc,CA,TRA,2026-05-03T07:52:47.054Z,1,v1,,
econometrics/test/41,Global-MMLU,Nhu,CA,TRA,2026-05-05T18:30:23.312Z,1,v1,,
econometrics/test/42,Global-MMLU,Khang,CA,TRA,2026-05-03T16:51:12.912Z,1,v1,,
econometrics/test/42,Global-MMLU,Ngoc,CA,TRA,2026-05-03T07:52:47.054Z,1,v1,,
econometrics/test/42,Global-MMLU,Nhu,CA,TRA,2026-05-05T18:30:23.312Z,1,v1,,
econometrics/test/43,Global-MMLU,Khang,CA,TRA,2026-05-03T16:51:12.912Z,1,v1,,
econometrics/test/43,Global-MMLU,Ngoc,UNK,TRA,2026-05-03T07:52:47.054Z,1,v1,,
econometrics/test/43,Global-MMLU,Nhu,CA,TRA,2026-05-05T18:30:23.312Z,1,v1,,
econometrics/test/44,Global-MMLU,Khang,CA,TRA,2026-05-03T16:51:12.912Z,1,v1,,
econometrics/test/44,Global-MMLU,Ngoc,CA,TRA,2026-05-03T07:52:47.054Z,1,v1,,
econometrics/test/44,Global-MMLU,Nhu,CA,TRA,2026-05-05T18:30:23.312Z,1,v1,,
econometrics/test/45,Global-MMLU,Khang,CA,TRA,2026-05-03T16:51:12.912Z,1,v1,,
econometrics/test/45,Global-MMLU,Ngoc,CA,TRA,2026-05-03T07:52:47.054Z,1,v1,,
econometrics/test/45,Global-MMLU,Nhu,CA,TRA,2026-05-05T18:30:23.312Z,1,v1,,
econometrics/test/46,Global-MMLU,Khang,CA,TRA,2026-05-03T16:51:12.912Z,1,v1,,
econometrics/test/46,Global-MMLU,Ngoc,CA,TRA,2026-05-03T07:52:47.054Z,1,v1,,
econometrics/test/46,Global-MMLU,Nhu,CA,TRA,2026-05-05T18:30:23.312Z,1,v1,,
econometrics/test/47,Global-MMLU,Khang,CA,TRA,2026-05-03T16:51:12.912Z,1,v1,,
econometrics/test/47,Global-MMLU,Ngoc,CA,TRA,2026-05-03T07:52:47.054Z,1,v1,,
econometrics/test/47,Global-MMLU,Nhu,CA,TRA,2026-05-05T18:30:23.312Z,1,v1,,
econometrics/test/48,Global-MMLU,Khang,CA,TRA,2026-05-03T16:51:12.912Z,1,v1,,
econometrics/test/48,Global-MMLU,Ngoc,CA,TRA,2026-05-03T07:52:47.054Z,1,v1,,
econometrics/test/48,Global-MMLU,Nhu,CA,TRA,2026-05-05T18:30:23.312Z,1,v1,,
econometrics/test/49,Global-MMLU,Khang,CA,TRA,2026-05-03T16:51:12.912Z,1,v1,,
econometrics/test/49,Global-MMLU,Ngoc,CA,TRA,2026-05-03T07:52:47.054Z,1,v1,,
econometrics/test/49,Global-MMLU,Nhu,CA,TRA,2026-05-05T18:30:23.312Z,1,v1,,
econometrics/test/50,Global-MMLU,Khang,CA,TRA,2026-05-03T16:51:12.912Z,1,v1,,
econometrics/test/50,Global-MMLU,Ngoc,CA,TRA,2026-05-03T07:52:47.054Z,1,v1,,
econometrics/test/50,Global-MMLU,Nhu,CA,TRA,2026-05-05T18:30:23.312Z,1,v1,,
econometrics/test/51,Global-MMLU,Khang,CA,TRA,2026-05-04T05:11:59.882Z,1,v1,,
econometrics/test/51,Global-MMLU,Ngoc,CA,TRA,2026-05-03T07:52:47.054Z,1,v1,,
econometrics/test/51,Global-MMLU,Nhu,CA,TRA,2026-05-05T18:30:23.313Z,1,v1,,
econometrics/test/52,Global-MMLU,Khang,CA,TRA,2026-05-04T05:11:59.882Z,1,v1,,
econometrics/test/52,Global-MMLU,Ngoc,CA,TRA,2026-05-03T07:52:47.054Z,1,v1,,
econometrics/test/52,Global-MMLU,Nhu,CA,TRA,2026-05-05T18:30:23.313Z,1,v1,,
econometrics/test/53,Global-MMLU,Khang,CA,TRA,2026-05-04T05:11:59.883Z,1,v1,,
econometrics/test/53,Global-MMLU,Ngoc,CA,TRA,2026-05-03T07:52:47.054Z,1,v1,,
econometrics/test/53,Global-MMLU,Nhu,CA,TRA,2026-05-05T18:30:23.314Z,1,v1,,
econometrics/test/54,Global-MMLU,Khang,CA,TRA,2026-05-04T05:11:59.883Z,1,v1,,
econometrics/test/54,Global-MMLU,Ngoc,CA,TRA,2026-05-03T07:52:47.054Z,1,v1,,
econometrics/test/54,Global-MMLU,Nhu,CA,TRA,2026-05-05T18:30:23.314Z,1,v1,,
econometrics/test/55,Global-MMLU,Khang,CA,TRA,2026-05-04T05:11:59.883Z,1,v1,,
econometrics/test/55,Global-MMLU,Ngoc,CA,TRA,2026-05-03T07:52:47.054Z,1,v1,,
econometrics/test/55,Global-MMLU,Nhu,CA,TRA,2026-05-05T18:30:23.314Z,1,v1,,
econometrics/test/56,Global-MMLU,Khang,CA,TRA,2026-05-04T05:11:59.883Z,1,v1,,
econometrics/test/56,Global-MMLU,Ngoc,CA,TRA,2026-05-03T07:52:47.054Z,1,v1,,
econometrics/test/56,Global-MMLU,Nhu,CA,TRA,2026-05-05T18:30:23.314Z,1,v1,,
econometrics/test/57,Global-MMLU,Khang,CA,TRA,2026-05-04T05:11:59.883Z,1,v1,,
econometrics/test/57,Global-MMLU,Ngoc,CA,TRA,2026-05-03T07:52:47.054Z,1,v1,,
econometrics/test/57,Global-MMLU,Nhu,CA,TRA,2026-05-05T18:30:23.314Z,1,v1,,
econometrics/test/58,Global-MMLU,Khang,CA,TRA,2026-05-04T05:11:59.883Z,1,v1,,
econometrics/test/58,Global-MMLU,Ngoc,CA,TRA,2026-05-03T07:52:47.054Z,1,v1,,
econometrics/test/58,Global-MMLU,Nhu,CA,TRA,2026-05-05T18:30:23.314Z,1,v1,,
econometrics/test/59,Global-MMLU,Khang,CA,TRA,2026-05-04T05:11:59.883Z,1,v1,,
econometrics/test/59,Global-MMLU,Ngoc,CA,TRA,2026-05-03T07:52:47.054Z,1,v1,,
econometrics/test/59,Global-MMLU,Nhu,CA,TRA,2026-05-05T18:30:23.314Z,1,v1,,
econometrics/test/60,Global-MMLU,Khang,CA,TRA,2026-05-04T05:11:59.883Z,1,v1,,
econometrics/test/60,Global-MMLU,Ngoc,CA,TRA,2026-05-03T07:52:47.054Z,1,v1,,
econometrics/test/60,Global-MMLU,Nhu,CA,TRA,2026-05-05T18:30:23.314Z,1,v1,,
econometrics/test/61,Global-MMLU,Khang,CA,TRA,2026-05-04T05:11:59.883Z,1,v1,,
econometrics/test/61,Global-MMLU,Ngoc,CA,TRA,2026-05-03T07:52:47.054Z,1,v1,,
econometrics/test/61,Global-MMLU,Nhu,CA,TRA,2026-05-05T18:30:23.314Z,1,v1,,
econometrics/test/62,Global-MMLU,Khang,CA,TRA,2026-05-04T05:11:59.883Z,1,v1,,
econometrics/test/62,Global-MMLU,Ngoc,CA,TRA,2026-05-03T07:52:47.054Z,1,v1,,
econometrics/test/62,Global-MMLU,Nhu,CA,TRA,2026-05-05T18:30:23.314Z,1,v1,,
econometrics/test/63,Global-MMLU,Khang,CA,TRA,2026-05-04T05:11:59.883Z,1,v1,,
econometrics/test/63,Global-MMLU,Ngoc,CA,TRA,2026-05-03T07:52:47.054Z,1,v1,,
econometrics/test/63,Global-MMLU,Nhu,CA,TRA,2026-05-05T18:30:23.314Z,1,v1,,
econometrics/test/64,Global-MMLU,Khang,CA,TRA,2026-05-04T05:11:59.883Z,1,v1,,
econometrics/test/64,Global-MMLU,Ngoc,CA,TRA,2026-05-03T07:52:47.054Z,1,v1,,
econometrics/test/64,Global-MMLU,Nhu,CA,TRA,2026-05-05T18:30:23.314Z,1,v1,,
econometrics/test/65,Global-MMLU,Khang,CA,TRA,2026-05-04T05:11:59.883Z,1,v1,,
econometrics/test/65,Global-MMLU,Ngoc,CA,TRA,2026-05-03T07:52:47.054Z,1,v1,,
econometrics/test/65,Global-MMLU,Nhu,CA,TRA,2026-05-05T18:30:23.314Z,1,v1,,
econometrics/test/66,Global-MMLU,Khang,CA,TRA,2026-05-04T05:11:59.883Z,1,v1,,
econometrics/test/66,Global-MMLU,Ngoc,CA,TRA,2026-05-03T07:52:47.054Z,1,v1,,
econometrics/test/66,Global-MMLU,Nhu,CA,TRA,2026-05-05T18:30:23.314Z,1,v1,,
econometrics/test/67,Global-MMLU,Khang,CA,TRA,2026-05-04T05:11:59.883Z,1,v1,,
econometrics/test/67,Global-MMLU,Ngoc,UNK,TRA,2026-05-03T07:52:47.054Z,1,v1,,
econometrics/test/67,Global-MMLU,Nhu,CA,TRA,2026-05-05T18:30:23.314Z,1,v1,,
econometrics/test/68,Global-MMLU,Khang,CA,TRA,2026-05-04T05:11:59.883Z,1,v1,,
econometrics/test/68,Global-MMLU,Ngoc,CA,TRA,2026-05-03T07:52:47.054Z,1,v1,,
econometrics/test/68,Global-MMLU,Nhu,CA,TRA,2026-05-05T18:30:23.314Z,1,v1,,
econometrics/test/69,Global-MMLU,Khang,CA,TRA,2026-05-04T05:11:59.883Z,1,v1,,
econometrics/test/69,Global-MMLU,Ngoc,CA,TRA,2026-05-03T07:52:47.054Z,1,v1,,
econometrics/test/69,Global-MMLU,Nhu,CA,TRA,2026-05-05T18:30:23.314Z,1,v1,,
econometrics/test/70,Global-MMLU,Khang,CA,TRA,2026-05-04T05:11:59.883Z,1,v1,,
econometrics/test/70,Global-MMLU,Ngoc,CA,TRA,2026-05-03T07:52:47.054Z,1,v1,,
econometrics/test/70,Global-MMLU,Nhu,CA,TRA,2026-05-05T18:30:23.314Z,1,v1,,
econometrics/test/71,Global-MMLU,Khang,CA,TRA,2026-05-04T05:11:59.883Z,1,v1,,
econometrics/test/71,Global-MMLU,Ngoc,CA,TRA,2026-05-03T07:52:47.054Z,1,v1,,
econometrics/test/71,Global-MMLU,Nhu,CA,TRA,2026-05-05T18:30:23.314Z,1,v1,,
econometrics/test/72,Global-MMLU,Khang,CA,TRA,2026-05-04T05:11:59.883Z,1,v1,,
econometrics/test/72,Global-MMLU,Ngoc,CA,TRA,2026-05-03T07:52:47.054Z,1,v1,,
econometrics/test/72,Global-MMLU,Nhu,CA,TRA,2026-05-05T18:30:23.314Z,1,v1,,
econometrics/test/73,Global-MMLU,Khang,CA,TRA,2026-05-04T05:11:59.883Z,1,v1,,
econometrics/test/73,Global-MMLU,Ngoc,CA,TRA,2026-05-03T07:52:47.054Z,1,v1,,
econometrics/test/73,Global-MMLU,Nhu,CA,TRA,2026-05-05T18:30:23.314Z,1,v1,,
econometrics/test/74,Global-MMLU,Khang,CA,TRA,2026-05-04T05:11:59.883Z,1,v1,,
econometrics/test/74,Global-MMLU,Ngoc,CA,TRA,2026-05-03T07:52:47.054Z,1,v1,,
econometrics/test/74,Global-MMLU,Nhu,CA,TRA,2026-05-05T18:30:23.314Z,1,v1,,
econometrics/test/75,Global-MMLU,Khang,CA,TRA,2026-05-04T05:11:59.883Z,1,v1,,
econometrics/test/75,Global-MMLU,Ngoc,CA,TRA,2026-05-03T07:52:47.054Z,1,v1,,
econometrics/test/75,Global-MMLU,Nhu,CA,TRA,2026-05-05T18:30:23.314Z,1,v1,,
econometrics/test/76,Global-MMLU,Khang,CA,TRA,2026-05-04T05:11:59.883Z,1,v1,,
econometrics/test/76,Global-MMLU,Ngoc,CA,TRA,2026-05-03T07:52:47.054Z,1,v1,,
econometrics/test/76,Global-MMLU,Nhu,CA,TRA,2026-05-05T18:30:23.314Z,1,v1,,
econometrics/test/77,Global-MMLU,Khang,CA,TRA,2026-05-04T05:11:59.883Z,1,v1,,
econometrics/test/77,Global-MMLU,Ngoc,CA,TRA,2026-05-03T07:52:47.054Z,1,v1,,
econometrics/test/77,Global-MMLU,Nhu,CA,TRA,2026-05-05T18:30:23.314Z,1,v1,,
econometrics/test/78,Global-MMLU,Khang,CA,TRA,2026-05-04T05:11:59.883Z,1,v1,,
econometrics/test/78,Global-MMLU,Ngoc,CA,TRA,2026-05-03T07:52:47.054Z,1,v1,,
econometrics/test/78,Global-MMLU,Nhu,CA,TRA,2026-05-05T18:30:23.314Z,1,v1,,
econometrics/test/79,Global-MMLU,Khang,CA,TRA,2026-05-04T05:11:59.883Z,1,v1,,
econometrics/test/79,Global-MMLU,Ngoc,CA,TRA,2026-05-03T07:52:47.054Z,1,v1,,
econometrics/test/79,Global-MMLU,Nhu,CA,TRA,2026-05-05T18:30:23.314Z,1,v1,,
econometrics/test/80,Global-MMLU,Khang,CA,TRA,2026-05-04T05:11:59.883Z,1,v1,,
econometrics/test/80,Global-MMLU,Ngoc,CA,TRA,2026-05-03T07:52:47.054Z,1,v1,,
econometrics/test/80,Global-MMLU,Nhu,CA,TRA,2026-05-05T18:30:23.314Z,1,v1,,
econometrics/test/81,Global-MMLU,Khang,CA,TRA,2026-05-04T05:11:59.883Z,1,v1,,
econometrics/test/81,Global-MMLU,Ngoc,CA,TRA,2026-05-03T07:52:47.054Z,1,v1,,
econometrics/test/81,Global-MMLU,Nhu,CA,TRA,2026-05-05T18:30:23.314Z,1,v1,,
econometrics/test/82,Global-MMLU,Khang,CA,TRA,2026-05-04T05:11:59.883Z,1,v1,,
econometrics/test/82,Global-MMLU,Ngoc,CA,TRA,2026-05-03T07:52:47.054Z,1,v1,,
econometrics/test/82,Global-MMLU,Nhu,CA,TRA,2026-05-05T18:30:23.314Z,1,v1,,
econometrics/test/83,Global-MMLU,Khang,CA,TRA,2026-05-04T05:11:59.883Z,1,v1,,
econometrics/test/83,Global-MMLU,Ngoc,CA,TRA,2026-05-03T07:52:47.054Z,1,v1,,
econometrics/test/83,Global-MMLU,Nhu,CA,TRA,2026-05-05T18:30:23.314Z,1,v1,,
econometrics/test/84,Global-MMLU,Khang,CA,TRA,2026-05-04T05:11:59.883Z,1,v1,,
econometrics/test/84,Global-MMLU,Ngoc,CA,TRA,2026-05-03T07:52:47.054Z,1,v1,,
econometrics/test/84,Global-MMLU,Nhu,CA,TRA,2026-05-05T18:30:23.314Z,1,v1,,
econometrics/test/85,Global-MMLU,Khang,CA,TRA,2026-05-04T05:11:59.883Z,1,v1,,
econometrics/test/85,Global-MMLU,Ngoc,CA,TRA,2026-05-03T07:52:47.054Z,1,v1,,
econometrics/test/85,Global-MMLU,Nhu,CA,TRA,2026-05-05T18:30:23.314Z,1,v1,,
econometrics/test/86,Global-MMLU,Khang,CA,TRA,2026-05-04T05:11:59.883Z,1,v1,,
econometrics/test/86,Global-MMLU,Ngoc,CA,TRA,2026-05-03T07:52:47.054Z,1,v1,,
econometrics/test/86,Global-MMLU,Nhu,CA,TRA,2026-05-05T18:30:23.314Z,1,v1,,
econometrics/test/87,Global-MMLU,Khang,CA,TRA,2026-05-04T05:11:59.883Z,1,v1,,
econometrics/test/87,Global-MMLU,Ngoc,CA,TRA,2026-05-03T07:52:47.054Z,1,v1,,
econometrics/test/87,Global-MMLU,Nhu,CA,TRA,2026-05-05T18:30:23.314Z,1,v1,,
econometrics/test/88,Global-MMLU,Khang,CA,TRA,2026-05-04T05:11:59.883Z,1,v1,,
econometrics/test/88,Global-MMLU,Ngoc,CA,TRA,2026-05-03T07:52:47.054Z,1,v1,,
econometrics/test/88,Global-MMLU,Nhu,CA,TRA,2026-05-05T18:30:23.314Z,1,v1,,
econometrics/test/89,Global-MMLU,Khang,CA,TRA,2026-05-04T05:11:59.883Z,1,v1,,
econometrics/test/89,Global-MMLU,Ngoc,CA,TRA,2026-05-03T07:52:47.054Z,1,v1,,
econometrics/test/89,Global-MMLU,Nhu,CA,TRA,2026-05-05T18:30:23.314Z,1,v1,,
econometrics/test/90,Global-MMLU,Khang,CA,TRA,2026-05-04T05:11:59.883Z,1,v1,,
econometrics/test/90,Global-MMLU,Ngoc,CA,TRA,2026-05-03T07:52:47.054Z,1,v1,,
econometrics/test/90,Global-MMLU,Nhu,CA,TRA,2026-05-05T18:30:23.314Z,1,v1,,
econometrics/test/91,Global-MMLU,Khang,CA,TRA,2026-05-04T05:11:59.883Z,1,v1,,
econometrics/test/91,Global-MMLU,Ngoc,CA,TRA,2026-05-03T07:52:47.054Z,1,v1,,
econometrics/test/91,Global-MMLU,Nhu,CA,TRA,2026-05-05T18:30:23.314Z,1,v1,,
econometrics/test/92,Global-MMLU,Khang,CA,TRA,2026-05-04T05:11:59.883Z,1,v1,,
econometrics/test/92,Global-MMLU,Ngoc,CA,TRA,2026-05-03T07:52:47.054Z,1,v1,,
econometrics/test/92,Global-MMLU,Nhu,CA,TRA,2026-05-05T18:30:23.314Z,1,v1,,
econometrics/test/93,Global-MMLU,Khang,CA,TRA,2026-05-04T05:11:59.883Z,1,v1,,
econometrics/test/93,Global-MMLU,Ngoc,CA,TRA,2026-05-03T07:52:47.055Z,1,v1,,
econometrics/test/93,Global-MMLU,Nhu,CA,TRA,2026-05-05T18:30:23.314Z,1,v1,,
econometrics/test/94,Global-MMLU,Khang,CA,TRA,2026-05-04T05:11:59.883Z,1,v1,,
econometrics/test/94,Global-MMLU,Ngoc,CA,TRA,2026-05-03T07:52:47.055Z,1,v1,,
econometrics/test/94,Global-MMLU,Nhu,CA,TRA,2026-05-05T18:30:23.314Z,1,v1,,
econometrics/test/95,Global-MMLU,Khang,CA,TRA,2026-05-04T05:11:59.883Z,1,v1,,
econometrics/test/95,Global-MMLU,Ngoc,CA,TRA,2026-05-03T07:52:47.055Z,1,v1,,
econometrics/test/95,Global-MMLU,Nhu,CA,TRA,2026-05-05T18:30:23.314Z,1,v1,,
econometrics/test/96,Global-MMLU,Khang,CA,TRA,2026-05-04T05:11:59.883Z,1,v1,,
econometrics/test/96,Global-MMLU,Ngoc,CA,TRA,2026-05-03T07:52:47.055Z,1,v1,,
econometrics/test/96,Global-MMLU,Nhu,CA,TRA,2026-05-05T18:30:23.314Z,1,v1,,
econometrics/test/97,Global-MMLU,Khang,CA,TRA,2026-05-04T05:11:59.883Z,1,v1,,
econometrics/test/97,Global-MMLU,Ngoc,CA,TRA,2026-05-03T07:52:47.055Z,1,v1,,
econometrics/test/97,Global-MMLU,Nhu,CA,TRA,2026-05-05T18:30:23.314Z,1,v1,,
econometrics/test/98,Global-MMLU,Khang,CA,TRA,2026-05-04T05:11:59.883Z,1,v1,,
econometrics/test/98,Global-MMLU,Ngoc,CA,TRA,2026-05-03T07:52:47.055Z,1,v1,,
econometrics/test/98,Global-MMLU,Nhu,CA,TRA,2026-05-05T18:30:23.314Z,1,v1,,
econometrics/test/99,Global-MMLU,Khang,CA,TRA,2026-05-04T05:11:59.883Z,1,v1,,
econometrics/test/99,Global-MMLU,Ngoc,CA,TRA,2026-05-03T07:52:47.055Z,1,v1,,
econometrics/test/99,Global-MMLU,Nhu,CA,TRA,2026-05-05T18:30:23.314Z,1,v1,,
econometrics/test/100,Global-MMLU,Khang,CA,TRA,2026-05-04T05:11:59.883Z,1,v1,,
econometrics/test/100,Global-MMLU,Ngoc,UNK,TRA,2026-05-03T07:52:47.055Z,1,v1,,
econometrics/test/100,Global-MMLU,Nhu,CA,TRA,2026-05-05T18:30:23.314Z,1,v1,,
econometrics/test/101,Global-MMLU,Khang,CA,TRA,2026-05-04T05:11:59.883Z,1,v1,,
econometrics/test/101,Global-MMLU,Ngoc,CA,TRA,2026-05-03T07:52:47.055Z,1,v1,,
econometrics/test/101,Global-MMLU,Nhu,CA,TRA,2026-05-05T18:30:23.314Z,1,v1,,
econometrics/test/102,Global-MMLU,Khang,CA,TRA,2026-05-04T05:11:59.883Z,1,v1,,
econometrics/test/102,Global-MMLU,Ngoc,CA,TRA,2026-05-03T07:52:47.055Z,1,v1,,
econometrics/test/102,Global-MMLU,Nhu,CA,TRA,2026-05-05T18:30:23.314Z,1,v1,,
econometrics/test/103,Global-MMLU,Khang,CA,TRA,2026-05-04T05:11:59.883Z,1,v1,,
econometrics/test/103,Global-MMLU,Ngoc,CA,TRA,2026-05-03T07:52:47.055Z,1,v1,,
econometrics/test/103,Global-MMLU,Nhu,CA,TRA,2026-05-05T18:30:23.314Z,1,v1,,
econometrics/test/104,Global-MMLU,Khang,CA,TRA,2026-05-04T05:11:59.883Z,1,v1,,
econometrics/test/104,Global-MMLU,Ngoc,CA,TRA,2026-05-03T07:52:47.055Z,1,v1,,
econometrics/test/104,Global-MMLU,Nhu,CA,TRA,2026-05-05T18:30:23.314Z,1,v1,,
econometrics/test/105,Global-MMLU,Khang,CA,TRA,2026-05-04T05:11:59.883Z,1,v1,,
econometrics/test/105,Global-MMLU,Ngoc,CA,TRA,2026-05-03T07:52:47.055Z,1,v1,,
econometrics/test/105,Global-MMLU,Nhu,CA,TRA,2026-05-05T18:30:23.314Z,1,v1,,
econometrics/test/106,Global-MMLU,Khang,CA,TRA,2026-05-04T05:11:59.883Z,1,v1,,
econometrics/test/106,Global-MMLU,Ngoc,CA,TRA,2026-05-03T07:52:47.055Z,1,v1,,
econometrics/test/106,Global-MMLU,Nhu,CA,TRA,2026-05-05T18:30:23.314Z,1,v1,,
econometrics/test/107,Global-MMLU,Khang,CA,TRA,2026-05-04T05:11:59.883Z,1,v1,,
econometrics/test/107,Global-MMLU,Ngoc,CA,TRA,2026-05-03T07:52:47.055Z,1,v1,,
econometrics/test/107,Global-MMLU,Nhu,CA,TRA,2026-05-05T18:30:23.314Z,1,v1,,
econometrics/test/108,Global-MMLU,Khang,CA,TRA,2026-05-04T05:11:59.883Z,1,v1,,
econometrics/test/108,Global-MMLU,Ngoc,CA,TRA,2026-05-03T07:52:47.055Z,1,v1,,
econometrics/test/108,Global-MMLU,Nhu,CA,TRA,2026-05-05T18:30:23.314Z,1,v1,,
econometrics/test/109,Global-MMLU,Khang,CA,TRA,2026-05-04T05:11:59.883Z,1,v1,,
econometrics/test/109,Global-MMLU,Ngoc,CA,TRA,2026-05-03T07:52:47.055Z,1,v1,,
econometrics/test/109,Global-MMLU,Nhu,CA,TRA,2026-05-05T18:30:23.314Z,1,v1,,
econometrics/test/110,Global-MMLU,Khang,CA,TRA,2026-05-04T05:11:59.883Z,1,v1,,
econometrics/test/110,Global-MMLU,Ngoc,CA,TRA,2026-05-03T07:52:47.055Z,1,v1,,
econometrics/test/110,Global-MMLU,Nhu,CA,TRA,2026-05-05T18:30:23.314Z,1,v1,,
econometrics/test/111,Global-MMLU,Khang,CA,TRA,2026-05-04T05:11:59.883Z,1,v1,,
econometrics/test/111,Global-MMLU,Ngoc,CA,TRA,2026-05-03T07:52:47.055Z,1,v1,,
econometrics/test/111,Global-MMLU,Nhu,CA,TRA,2026-05-05T18:30:23.314Z,1,v1,,
econometrics/test/112,Global-MMLU,Khang,CA,TRA,2026-05-04T05:11:59.883Z,1,v1,,
econometrics/test/112,Global-MMLU,Ngoc,CA,TRA,2026-05-03T07:52:47.055Z,1,v1,,
econometrics/test/112,Global-MMLU,Nhu,CA,TRA,2026-05-05T18:30:23.314Z,1,v1,,
econometrics/test/113,Global-MMLU,Khang,CA,TRA,2026-05-04T05:11:59.883Z,1,v1,,
econometrics/test/113,Global-MMLU,Ngoc,CA,TRA,2026-05-03T07:52:47.055Z,1,v1,,
econometrics/test/113,Global-MMLU,Nhu,CA,TRA,2026-05-05T18:30:23.314Z,1,v1,,
formal_logic/test/0,Global-MMLU,Khang,CA,TRA,2026-05-04T05:11:59.883Z,1,v1,,
formal_logic/test/0,Global-MMLU,Ngoc,CA,TRA,2026-05-03T07:52:47.055Z,1,v1,,
formal_logic/test/0,Global-MMLU,Nhu,CA,TRA,2026-05-05T18:30:23.314Z,1,v1,,
formal_logic/test/1,Global-MMLU,Khang,CA,TRA,2026-05-04T05:11:59.883Z,1,v1,,
formal_logic/test/1,Global-MMLU,Ngoc,CA,TRA,2026-05-03T07:52:47.055Z,1,v1,,
formal_logic/test/1,Global-MMLU,Nhu,CA,TRA,2026-05-05T18:30:23.314Z,1,v1,,
formal_logic/test/2,Global-MMLU,Khang,CA,TRA,2026-05-04T05:11:59.883Z,1,v1,,
formal_logic/test/2,Global-MMLU,Ngoc,CA,TRA,2026-05-03T07:52:47.055Z,1,v1,,
formal_logic/test/2,Global-MMLU,Nhu,CA,TRA,2026-05-05T18:30:23.314Z,1,v1,,
formal_logic/test/3,Global-MMLU,Khang,CA,TRA,2026-05-04T05:11:59.883Z,1,v1,,
formal_logic/test/3,Global-MMLU,Ngoc,CA,TRA,2026-05-03T07:52:47.055Z,1,v1,,
formal_logic/test/3,Global-MMLU,Nhu,CA,TRA,2026-05-05T18:30:23.314Z,1,v1,,
formal_logic/test/4,Global-MMLU,Khang,CA,TRA,2026-05-04T05:11:59.883Z,1,v1,,
formal_logic/test/4,Global-MMLU,Ngoc,CA,TRA,2026-05-03T07:52:47.055Z,1,v1,,
formal_logic/test/4,Global-MMLU,Nhu,CA,TRA,2026-05-05T18:30:23.314Z,1,v1,,
formal_logic/test/5,Global-MMLU,Khang,CA,TRA,2026-05-04T05:11:59.883Z,1,v1,,
formal_logic/test/5,Global-MMLU,Ngoc,CA,TRA,2026-05-03T07:52:47.055Z,1,v1,,
formal_logic/test/5,Global-MMLU,Nhu,CA,TRA,2026-05-05T18:30:23.314Z,1,v1,,
formal_logic/test/6,Global-MMLU,Khang,CA,TRA,2026-05-04T05:11:59.883Z,1,v1,,
formal_logic/test/6,Global-MMLU,Ngoc,CA,TRA,2026-05-03T07:52:47.055Z,1,v1,,
formal_logic/test/6,Global-MMLU,Nhu,CA,TRA,2026-05-05T18:30:23.314Z,1,v1,,
formal_logic/test/7,Global-MMLU,Khang,CA,TRA,2026-05-04T05:11:59.883Z,1,v1,,
formal_logic/test/7,Global-MMLU,Ngoc,CA,TRA,2026-05-03T07:52:47.055Z,1,v1,,
formal_logic/test/7,Global-MMLU,Nhu,CA,TRA,2026-05-05T18:30:23.314Z,1,v1,,
formal_logic/test/8,Global-MMLU,Khang,CA,TRA,2026-05-04T05:11:59.883Z,1,v1,,
formal_logic/test/8,Global-MMLU,Ngoc,CA,TRA,2026-05-03T07:52:47.055Z,1,v1,,
formal_logic/test/8,Global-MMLU,Nhu,CA,TRA,2026-05-05T18:30:23.314Z,1,v1,,
formal_logic/test/9,Global-MMLU,Khang,CA,TRA,2026-05-04T05:11:59.883Z,1,v1,,
formal_logic/test/9,Global-MMLU,Ngoc,CA,TRA,2026-05-03T07:52:47.055Z,1,v1,,
formal_logic/test/9,Global-MMLU,Nhu,CA,TRA,2026-05-05T18:30:23.314Z,1,v1,,
formal_logic/test/10,Global-MMLU,Khang,CA,TRA,2026-05-04T05:11:59.883Z,1,v1,,
formal_logic/test/10,Global-MMLU,Ngoc,UNK,TRA,2026-05-03T07:52:47.055Z,1,v1,,
formal_logic/test/10,Global-MMLU,Nhu,CA,TRA,2026-05-05T18:30:23.314Z,1,v1,,
formal_logic/test/11,Global-MMLU,Khang,CA,TRA,2026-05-04T05:11:59.883Z,1,v1,,
formal_logic/test/11,Global-MMLU,Ngoc,CA,TRA,2026-05-03T07:52:47.055Z,1,v1,,
formal_logic/test/11,Global-MMLU,Nhu,CA,TRA,2026-05-05T18:30:23.314Z,1,v1,,
formal_logic/test/12,Global-MMLU,Khang,CA,TRA,2026-05-04T05:11:59.883Z,1,v1,,
formal_logic/test/12,Global-MMLU,Ngoc,CA,TRA,2026-05-03T07:52:47.055Z,1,v1,,
formal_logic/test/12,Global-MMLU,Nhu,CA,TRA,2026-05-05T18:30:23.314Z,1,v1,,
formal_logic/test/13,Global-MMLU,Khang,CA,TRA,2026-05-04T05:11:59.883Z,1,v1,,
formal_logic/test/13,Global-MMLU,Ngoc,CA,TRA,2026-05-03T07:52:47.055Z,1,v1,,
formal_logic/test/13,Global-MMLU,Nhu,CA,TRA,2026-05-05T18:30:23.314Z,1,v1,,
formal_logic/test/14,Global-MMLU,Khang,CA,TRA,2026-05-04T05:11:59.883Z,1,v1,,
formal_logic/test/14,Global-MMLU,Ngoc,CA,TRA,2026-05-03T07:52:47.055Z,1,v1,,
formal_logic/test/14,Global-MMLU,Nhu,CA,TRA,2026-05-05T18:30:23.314Z,1,v1,,
formal_logic/test/15,Global-MMLU,Khang,CA,TRA,2026-05-04T05:11:59.883Z,1,v1,,
formal_logic/test/15,Global-MMLU,Ngoc,CA,TRA,2026-05-03T07:52:47.055Z,1,v1,,
formal_logic/test/15,Global-MMLU,Nhu,CA,TRA,2026-05-05T18:30:23.314Z,1,v1,,
formal_logic/test/16,Global-MMLU,Khang,CA,TRA,2026-05-04T05:11:59.883Z,1,v1,,
formal_logic/test/16,Global-MMLU,Ngoc,CA,TRA,2026-05-03T07:52:47.055Z,1,v1,,
formal_logic/test/16,Global-MMLU,Nhu,CA,TRA,2026-05-05T18:30:23.314Z,1,v1,,
formal_logic/test/17,Global-MMLU,Khang,CA,TRA,2026-05-04T05:11:59.883Z,1,v1,,
formal_logic/test/17,Global-MMLU,Ngoc,CA,TRA,2026-05-03T07:52:47.055Z,1,v1,,
formal_logic/test/17,Global-MMLU,Nhu,CA,TRA,2026-05-05T18:30:23.314Z,1,v1,,
formal_logic/test/18,Global-MMLU,Khang,CA,TRA,2026-05-04T05:11:59.883Z,1,v1,,
formal_logic/test/18,Global-MMLU,Ngoc,CA,TRA,2026-05-03T07:52:47.055Z,1,v1,,
formal_logic/test/18,Global-MMLU,Nhu,CA,TRA,2026-05-05T18:30:23.314Z,1,v1,,
formal_logic/test/19,Global-MMLU,Khang,CA,TRA,2026-05-04T05:11:59.883Z,1,v1,,
formal_logic/test/19,Global-MMLU,Ngoc,CA,TRA,2026-05-03T07:52:47.055Z,1,v1,,
formal_logic/test/19,Global-MMLU,Nhu,CA,TRA,2026-05-05T18:30:23.314Z,1,v1,,
formal_logic/test/20,Global-MMLU,Khang,CA,TRA,2026-05-04T05:11:59.883Z,1,v1,,
formal_logic/test/20,Global-MMLU,Ngoc,CA,TRA,2026-05-03T07:52:47.055Z,1,v1,,
formal_logic/test/20,Global-MMLU,Nhu,CA,TRA,2026-05-05T18:30:23.314Z,1,v1,,
formal_logic/test/21,Global-MMLU,Khang,CA,TRA,2026-05-04T05:11:59.883Z,1,v1,,
formal_logic/test/21,Global-MMLU,Ngoc,CA,TRA,2026-05-03T07:52:47.055Z,1,v1,,
formal_logic/test/21,Global-MMLU,Nhu,CA,TRA,2026-05-05T18:30:23.314Z,1,v1,,
formal_logic/test/22,Global-MMLU,Khang,CA,TRA,2026-05-04T05:11:59.883Z,1,v1,,
formal_logic/test/22,Global-MMLU,Ngoc,CA,TRA,2026-05-03T07:52:47.055Z,1,v1,,
formal_logic/test/22,Global-MMLU,Nhu,CA,TRA,2026-05-05T18:30:23.314Z,1,v1,,
formal_logic/test/23,Global-MMLU,Khang,CA,TRA,2026-05-04T05:11:59.883Z,1,v1,,
formal_logic/test/23,Global-MMLU,Ngoc,CA,TRA,2026-05-03T07:52:47.055Z,1,v1,,
formal_logic/test/23,Global-MMLU,Nhu,CA,TRA,2026-05-05T18:30:23.314Z,1,v1,,
formal_logic/test/24,Global-MMLU,Khang,CA,TRA,2026-05-04T05:11:59.883Z,1,v1,,
formal_logic/test/24,Global-MMLU,Ngoc,CA,TRA,2026-05-03T07:52:47.055Z,1,v1,,
formal_logic/test/24,Global-MMLU,Nhu,CA,TRA,2026-05-05T18:30:23.314Z,1,v1,,
formal_logic/test/25,Global-MMLU,Khang,CA,TRA,2026-05-04T05:11:59.883Z,1,v1,,
formal_logic/test/25,Global-MMLU,Ngoc,CA,TRA,2026-05-03T07:52:47.055Z,1,v1,,
formal_logic/test/25,Global-MMLU,Nhu,CA,TRA,2026-05-05T18:30:23.314Z,1,v1,,
formal_logic/test/26,Global-MMLU,Khang,CA,TRA,2026-05-04T05:11:59.883Z,1,v1,,
formal_logic/test/26,Global-MMLU,Ngoc,CA,TRA,2026-05-03T07:52:47.055Z,1,v1,,
formal_logic/test/26,Global-MMLU,Nhu,CA,TRA,2026-05-05T18:30:23.314Z,1,v1,,
formal_logic/test/27,Global-MMLU,Khang,CA,TRA,2026-05-04T05:11:59.883Z,1,v1,,
formal_logic/test/27,Global-MMLU,Ngoc,CA,TRA,2026-05-03T07:52:47.055Z,1,v1,,
formal_logic/test/27,Global-MMLU,Nhu,CA,TRA,2026-05-05T18:30:23.314Z,1,v1,,
formal_logic/test/28,Global-MMLU,Khang,CA,TRA,2026-05-04T05:11:59.883Z,1,v1,,
formal_logic/test/28,Global-MMLU,Ngoc,CA,TRA,2026-05-03T07:52:47.055Z,1,v1,,
formal_logic/test/28,Global-MMLU,Nhu,CA,TRA,2026-05-05T18:30:23.314Z,1,v1,,
formal_logic/test/29,Global-MMLU,Khang,CA,TRA,2026-05-04T05:11:59.883Z,1,v1,,
formal_logic/test/29,Global-MMLU,Ngoc,CA,TRA,2026-05-03T07:52:47.055Z,1,v1,,
formal_logic/test/29,Global-MMLU,Nhu,CA,TRA,2026-05-05T18:30:23.314Z,1,v1,,
formal_logic/test/30,Global-MMLU,Khang,CA,TRA,2026-05-04T05:11:59.883Z,1,v1,,
formal_logic/test/30,Global-MMLU,Ngoc,CA,TRA,2026-05-03T07:52:47.055Z,1,v1,,
formal_logic/test/30,Global-MMLU,Nhu,CA,TRA,2026-05-05T18:30:23.314Z,1,v1,,
formal_logic/test/31,Global-MMLU,Khang,CA,TRA,2026-05-04T05:11:59.883Z,1,v1,,
formal_logic/test/31,Global-MMLU,Ngoc,CA,TRA,2026-05-03T07:52:47.055Z,1,v1,,
formal_logic/test/31,Global-MMLU,Nhu,CA,TRA,2026-05-05T18:30:23.314Z,1,v1,,
formal_logic/test/32,Global-MMLU,Khang,CA,TRA,2026-05-04T05:11:59.883Z,1,v1,,
formal_logic/test/32,Global-MMLU,Ngoc,CA,TRA,2026-05-03T07:52:47.055Z,1,v1,,
formal_logic/test/32,Global-MMLU,Nhu,CA,TRA,2026-05-05T18:30:23.314Z,1,v1,,
formal_logic/test/33,Global-MMLU,Khang,CA,TRA,2026-05-04T05:11:59.883Z,1,v1,,
formal_logic/test/33,Global-MMLU,Ngoc,CA,TRA,2026-05-03T07:52:47.055Z,1,v1,,
formal_logic/test/33,Global-MMLU,Nhu,CA,TRA,2026-05-05T18:30:23.314Z,1,v1,,
formal_logic/test/34,Global-MMLU,Khang,CA,TRA,2026-05-04T05:11:59.883Z,1,v1,,
formal_logic/test/34,Global-MMLU,Ngoc,CA,TRA,2026-05-03T07:52:47.055Z,1,v1,,
formal_logic/test/34,Global-MMLU,Nhu,CA,TRA,2026-05-05T18:30:23.314Z,1,v1,,
formal_logic/test/35,Global-MMLU,Khang,CA,TRA,2026-05-04T05:11:59.883Z,1,v1,,
formal_logic/test/35,Global-MMLU,Ngoc,CA,TRA,2026-05-03T07:52:47.055Z,1,v1,,
formal_logic/test/35,Global-MMLU,Nhu,CA,TRA,2026-05-05T18:30:23.314Z,1,v1,,
formal_logic/test/36,Global-MMLU,Khang,CA,TRA,2026-05-04T05:11:59.883Z,1,v1,,
formal_logic/test/36,Global-MMLU,Ngoc,CA,TRA,2026-05-03T07:52:47.055Z,1,v1,,
formal_logic/test/36,Global-MMLU,Nhu,CA,TRA,2026-05-05T18:30:23.314Z,1,v1,,
formal_logic/test/37,Global-MMLU,Khang,CA,TRA,2026-05-04T05:11:59.883Z,1,v1,,
formal_logic/test/37,Global-MMLU,Ngoc,CA,TRA,2026-05-03T07:52:47.055Z,1,v1,,
formal_logic/test/37,Global-MMLU,Nhu,CA,TRA,2026-05-05T18:30:23.314Z,1,v1,,
formal_logic/test/38,Global-MMLU,Khang,CA,TRA,2026-05-04T05:11:59.883Z,1,v1,,
formal_logic/test/38,Global-MMLU,Ngoc,CA,TRA,2026-05-03T07:52:47.055Z,1,v1,,
formal_logic/test/38,Global-MMLU,Nhu,CA,TRA,2026-05-05T18:30:23.314Z,1,v1,,
formal_logic/test/39,Global-MMLU,Khang,CA,TRA,2026-05-04T05:11:59.883Z,1,v1,,
formal_logic/test/39,Global-MMLU,Ngoc,CA,TRA,2026-05-03T07:52:47.055Z,1,v1,,
formal_logic/test/39,Global-MMLU,Nhu,CA,TRA,2026-05-05T18:30:23.314Z,1,v1,,
formal_logic/test/40,Global-MMLU,Khang,CA,TRA,2026-05-04T05:11:59.883Z,1,v1,,
formal_logic/test/40,Global-MMLU,Ngoc,CA,TRA,2026-05-03T07:52:47.055Z,1,v1,,
formal_logic/test/40,Global-MMLU,Nhu,CA,TRA,2026-05-05T18:30:23.314Z,1,v1,,
formal_logic/test/41,Global-MMLU,Khang,CA,TRA,2026-05-04T05:11:59.883Z,1,v1,,
formal_logic/test/41,Global-MMLU,Ngoc,CA,TRA,2026-05-03T07:52:47.055Z,1,v1,,
formal_logic/test/41,Global-MMLU,Nhu,CA,TRA,2026-05-05T18:30:23.314Z,1,v1,,
formal_logic/test/42,Global-MMLU,Khang,CA,TRA,2026-05-04T05:11:59.883Z,1,v1,,
formal_logic/test/42,Global-MMLU,Ngoc,CA,TRA,2026-05-03T07:52:47.055Z,1,v1,,
formal_logic/test/42,Global-MMLU,Nhu,CA,TRA,2026-05-05T18:30:23.314Z,1,v1,,
formal_logic/test/43,Global-MMLU,Khang,CA,TRA,2026-05-04T05:11:59.883Z,1,v1,,
formal_logic/test/43,Global-MMLU,Ngoc,CA,TRA,2026-05-03T07:52:47.055Z,1,v1,,
formal_logic/test/43,Global-MMLU,Nhu,CA,TRA,2026-05-05T18:30:23.314Z,1,v1,,
formal_logic/test/44,Global-MMLU,Khang,CA,TRA,2026-05-04T05:11:59.883Z,1,v1,,
formal_logic/test/44,Global-MMLU,Ngoc,UNK,TRA,2026-05-03T07:52:47.055Z,1,v1,,
formal_logic/test/44,Global-MMLU,Nhu,CA,TRA,2026-05-05T18:30:23.314Z,1,v1,,
formal_logic/test/45,Global-MMLU,Khang,CA,TRA,2026-05-04T05:11:59.883Z,1,v1,,
formal_logic/test/45,Global-MMLU,Ngoc,CA,TRA,2026-05-03T07:52:47.055Z,1,v1,,
formal_logic/test/45,Global-MMLU,Nhu,CA,TRA,2026-05-05T18:30:23.314Z,1,v1,,
formal_logic/test/46,Global-MMLU,Khang,CA,TRA,2026-05-04T05:11:59.883Z,1,v1,,
formal_logic/test/46,Global-MMLU,Ngoc,CA,TRA,2026-05-03T07:52:47.055Z,1,v1,,
formal_logic/test/46,Global-MMLU,Nhu,CA,TRA,2026-05-05T18:30:23.314Z,1,v1,,
formal_logic/test/47,Global-MMLU,Khang,CA,TRA,2026-05-04T05:11:59.883Z,1,v1,,
formal_logic/test/47,Global-MMLU,Ngoc,CA,TRA,2026-05-03T07:52:47.055Z,1,v1,,
formal_logic/test/47,Global-MMLU,Nhu,CA,TRA,2026-05-05T18:30:23.314Z,1,v1,,
formal_logic/test/48,Global-MMLU,Khang,CA,TRA,2026-05-04T05:11:59.883Z,1,v1,,
formal_logic/test/48,Global-MMLU,Ngoc,CA,TRA,2026-05-03T07:52:47.055Z,1,v1,,
formal_logic/test/48,Global-MMLU,Nhu,CA,TRA,2026-05-05T18:30:23.314Z,1,v1,,
formal_logic/test/49,Global-MMLU,Khang,CA,TRA,2026-05-04T05:11:59.883Z,1,v1,,
formal_logic/test/49,Global-MMLU,Ngoc,CA,TRA,2026-05-03T07:52:47.055Z,1,v1,,
formal_logic/test/49,Global-MMLU,Nhu,CA,TRA,2026-05-05T18:30:23.314Z,1,v1,,
formal_logic/test/50,Global-MMLU,Khang,CA,TRA,2026-05-04T05:11:59.883Z,1,v1,,
formal_logic/test/50,Global-MMLU,Ngoc,CA,TRA,2026-05-03T07:52:47.055Z,1,v1,,
formal_logic/test/50,Global-MMLU,Nhu,CA,TRA,2026-05-05T18:30:23.314Z,1,v1,,
formal_logic/test/51,Global-MMLU,Khang,CA,TRA,2026-05-04T05:11:59.883Z,1,v1,,
formal_logic/test/51,Global-MMLU,Ngoc,CA,TRA,2026-05-03T07:52:47.055Z,1,v1,,
formal_logic/test/51,Global-MMLU,Nhu,CA,TRA,2026-05-05T18:30:23.314Z,1,v1,,
formal_logic/test/52,Global-MMLU,Khang,CA,TRA,2026-05-04T05:11:59.883Z,1,v1,,
formal_logic/test/52,Global-MMLU,Ngoc,CA,TRA,2026-05-03T07:52:47.055Z,1,v1,,
formal_logic/test/52,Global-MMLU,Nhu,CA,TRA,2026-05-05T18:30:23.314Z,1,v1,,
formal_logic/test/53,Global-MMLU,Khang,CA,TRA,2026-05-04T05:11:59.883Z,1,v1,,
formal_logic/test/53,Global-MMLU,Ngoc,CA,TRA,2026-05-03T07:52:47.055Z,1,v1,,
formal_logic/test/53,Global-MMLU,Nhu,CA,TRA,2026-05-05T18:30:23.314Z,1,v1,,
formal_logic/test/54,Global-MMLU,Khang,CA,TRA,2026-05-04T05:11:59.883Z,1,v1,,
formal_logic/test/54,Global-MMLU,Ngoc,CA,TRA,2026-05-03T07:52:47.055Z,1,v1,,
formal_logic/test/54,Global-MMLU,Nhu,CA,TRA,2026-05-05T18:30:23.314Z,1,v1,,
formal_logic/test/55,Global-MMLU,Khang,CA,TRA,2026-05-04T05:11:59.883Z,1,v1,,
formal_logic/test/55,Global-MMLU,Ngoc,CA,TRA,2026-05-03T07:52:47.055Z,1,v1,,
formal_logic/test/55,Global-MMLU,Nhu,CA,TRA,2026-05-05T18:30:23.314Z,1,v1,,
formal_logic/test/56,Global-MMLU,Khang,CA,TRA,2026-05-04T05:11:59.883Z,1,v1,,
formal_logic/test/56,Global-MMLU,Ngoc,CA,TRA,2026-05-03T07:52:47.055Z,1,v1,,
formal_logic/test/56,Global-MMLU,Nhu,CA,TRA,2026-05-05T18:30:23.314Z,1,v1,,
formal_logic/test/57,Global-MMLU,Khang,CA,TRA,2026-05-04T05:11:59.883Z,1,v1,,
formal_logic/test/57,Global-MMLU,Ngoc,CA,TRA,2026-05-03T07:52:47.055Z,1,v1,,
formal_logic/test/57,Global-MMLU,Nhu,CA,TRA,2026-05-05T18:30:23.314Z,1,v1,,
formal_logic/test/58,Global-MMLU,Khang,CA,TRA,2026-05-04T05:11:59.883Z,1,v1,,
formal_logic/test/58,Global-MMLU,Ngoc,CA,TRA,2026-05-03T07:52:47.055Z,1,v1,,
formal_logic/test/58,Global-MMLU,Nhu,CA,TRA,2026-05-05T18:30:23.314Z,1,v1,,
formal_logic/test/59,Global-MMLU,Khang,CA,TRA,2026-05-04T05:11:59.883Z,1,v1,,
formal_logic/test/59,Global-MMLU,Ngoc,CA,TRA,2026-05-03T07:52:47.055Z,1,v1,,
formal_logic/test/59,Global-MMLU,Nhu,CA,TRA,2026-05-05T18:30:23.314Z,1,v1,,
formal_logic/test/60,Global-MMLU,Khang,CA,TRA,2026-05-04T05:11:59.883Z,1,v1,,
formal_logic/test/60,Global-MMLU,Ngoc,CA,TRA,2026-05-03T07:52:47.055Z,1,v1,,
formal_logic/test/60,Global-MMLU,Nhu,CA,TRA,2026-05-05T18:30:23.314Z,1,v1,,
formal_logic/test/61,Global-MMLU,Khang,CA,TRA,2026-05-04T05:11:59.883Z,1,v1,,
formal_logic/test/61,Global-MMLU,Ngoc,CA,TRA,2026-05-03T07:52:47.055Z,1,v1,,
formal_logic/test/61,Global-MMLU,Nhu,CA,TRA,2026-05-05T18:30:23.314Z,1,v1,,
formal_logic/test/62,Global-MMLU,Khang,CA,TRA,2026-05-04T05:11:59.883Z,1,v1,,
formal_logic/test/62,Global-MMLU,Ngoc,CA,TRA,2026-05-03T07:52:47.055Z,1,v1,,
formal_logic/test/62,Global-MMLU,Nhu,CA,TRA,2026-05-05T18:30:23.314Z,1,v1,,
formal_logic/test/63,Global-MMLU,Khang,CA,TRA,2026-05-04T05:11:59.883Z,1,v1,,
formal_logic/test/63,Global-MMLU,Ngoc,CA,TRA,2026-05-03T07:52:47.055Z,1,v1,,
formal_logic/test/63,Global-MMLU,Nhu,CA,TRA,2026-05-05T18:30:23.314Z,1,v1,,
formal_logic/test/64,Global-MMLU,Khang,CA,TRA,2026-05-04T05:11:59.883Z,1,v1,,
formal_logic/test/64,Global-MMLU,Ngoc,CA,TRA,2026-05-03T07:52:47.055Z,1,v1,,
formal_logic/test/64,Global-MMLU,Nhu,CA,TRA,2026-05-05T18:30:23.314Z,1,v1,,
formal_logic/test/65,Global-MMLU,Khang,CA,TRA,2026-05-04T05:11:59.883Z,1,v1,,
formal_logic/test/65,Global-MMLU,Ngoc,CA,TRA,2026-05-03T07:52:47.055Z,1,v1,,
formal_logic/test/65,Global-MMLU,Nhu,CA,TRA,2026-05-05T18:30:23.314Z,1,v1,,
formal_logic/test/66,Global-MMLU,Khang,CA,TRA,2026-05-04T05:11:59.883Z,1,v1,,
formal_logic/test/66,Global-MMLU,Ngoc,CA,TRA,2026-05-03T07:52:47.055Z,1,v1,,
formal_logic/test/66,Global-MMLU,Nhu,CA,TRA,2026-05-05T18:30:23.314Z,1,v1,,
formal_logic/test/67,Global-MMLU,Khang,CA,TRA,2026-05-04T05:11:59.883Z,1,v1,,
formal_logic/test/67,Global-MMLU,Ngoc,UNK,TRA,2026-05-03T07:52:47.055Z,1,v1,,
formal_logic/test/67,Global-MMLU,Nhu,CA,TRA,2026-05-05T18:30:23.314Z,1,v1,,
formal_logic/test/68,Global-MMLU,Khang,CA,TRA,2026-05-04T05:11:59.883Z,1,v1,,
formal_logic/test/68,Global-MMLU,Ngoc,CA,TRA,2026-05-03T07:52:47.055Z,1,v1,,
formal_logic/test/68,Global-MMLU,Nhu,CA,TRA,2026-05-05T18:30:23.314Z,1,v1,,
formal_logic/test/69,Global-MMLU,Khang,CA,TRA,2026-05-04T05:11:59.883Z,1,v1,,
formal_logic/test/69,Global-MMLU,Ngoc,CA,TRA,2026-05-03T07:52:47.055Z,1,v1,,
formal_logic/test/69,Global-MMLU,Nhu,CA,TRA,2026-05-05T18:30:23.314Z,1,v1,,
formal_logic/test/70,Global-MMLU,Khang,CA,TRA,2026-05-04T05:11:59.883Z,1,v1,,
formal_logic/test/70,Global-MMLU,Ngoc,CA,TRA,2026-05-03T07:52:47.055Z,1,v1,,
formal_logic/test/70,Global-MMLU,Nhu,CA,TRA,2026-05-05T18:30:23.314Z,1,v1,,
formal_logic/test/71,Global-MMLU,Khang,CA,TRA,2026-05-04T05:11:59.883Z,1,v1,,
formal_logic/test/71,Global-MMLU,Ngoc,UNK,TRA,2026-05-03T07:52:47.055Z,1,v1,,
formal_logic/test/71,Global-MMLU,Nhu,CA,TRA,2026-05-05T18:30:23.314Z,1,v1,,
formal_logic/test/72,Global-MMLU,Khang,CA,TRA,2026-05-04T05:11:59.883Z,1,v1,,
formal_logic/test/72,Global-MMLU,Ngoc,UNK,TRA,2026-05-03T07:52:47.055Z,1,v1,,
formal_logic/test/72,Global-MMLU,Nhu,CA,TRA,2026-05-05T18:30:23.314Z,1,v1,,
formal_logic/test/73,Global-MMLU,Khang,CA,TRA,2026-05-04T05:11:59.883Z,1,v1,,
formal_logic/test/73,Global-MMLU,Ngoc,CA,TRA,2026-05-03T07:52:47.056Z,1,v1,,
formal_logic/test/73,Global-MMLU,Nhu,CA,TRA,2026-05-05T18:30:23.314Z,1,v1,,
formal_logic/test/74,Global-MMLU,Khang,CA,TRA,2026-05-04T05:11:59.883Z,1,v1,,
formal_logic/test/74,Global-MMLU,Ngoc,CA,TRA,2026-05-03T07:52:47.056Z,1,v1,,
formal_logic/test/74,Global-MMLU,Nhu,CA,TRA,2026-05-05T18:30:23.314Z,1,v1,,
formal_logic/test/75,Global-MMLU,Khang,CA,TRA,2026-05-04T05:11:59.883Z,1,v1,,
formal_logic/test/75,Global-MMLU,Ngoc,CA,TRA,2026-05-03T07:52:47.056Z,1,v1,,
formal_logic/test/75,Global-MMLU,Nhu,CA,TRA,2026-05-05T18:30:23.314Z,1,v1,,
formal_logic/test/76,Global-MMLU,Khang,CA,TRA,2026-05-04T05:11:59.883Z,1,v1,,
formal_logic/test/76,Global-MMLU,Ngoc,CA,TRA,2026-05-03T07:52:47.056Z,1,v1,,
formal_logic/test/76,Global-MMLU,Nhu,CA,TRA,2026-05-05T18:30:23.314Z,1,v1,,
formal_logic/test/77,Global-MMLU,Khang,CA,TRA,2026-05-04T05:11:59.883Z,1,v1,,
formal_logic/test/77,Global-MMLU,Ngoc,CA,TRA,2026-05-03T07:52:47.056Z,1,v1,,
formal_logic/test/77,Global-MMLU,Nhu,CA,TRA,2026-05-05T18:30:23.314Z,1,v1,,
formal_logic/test/78,Global-MMLU,Khang,CA,TRA,2026-05-04T05:11:59.883Z,1,v1,,
formal_logic/test/78,Global-MMLU,Ngoc,CA,TRA,2026-05-03T07:52:47.056Z,1,v1,,
formal_logic/test/78,Global-MMLU,Nhu,CA,TRA,2026-05-05T18:30:23.314Z,1,v1,,
formal_logic/test/79,Global-MMLU,Khang,CA,TRA,2026-05-04T05:11:59.883Z,1,v1,,
formal_logic/test/79,Global-MMLU,Ngoc,CA,TRA,2026-05-03T07:52:47.056Z,1,v1,,
formal_logic/test/79,Global-MMLU,Nhu,CA,TRA,2026-05-05T18:30:23.314Z,1,v1,,
formal_logic/test/80,Global-MMLU,Khang,CA,TRA,2026-05-04T05:11:59.883Z,1,v1,,
formal_logic/test/80,Global-MMLU,Ngoc,CA,TRA,2026-05-03T07:52:47.056Z,1,v1,,
formal_logic/test/80,Global-MMLU,Nhu,CA,TRA,2026-05-05T18:30:23.314Z,1,v1,,
formal_logic/test/81,Global-MMLU,Khang,CA,TRA,2026-05-04T05:11:59.883Z,1,v1,,
formal_logic/test/81,Global-MMLU,Ngoc,CA,TRA,2026-05-03T07:52:47.056Z,1,v1,,
formal_logic/test/81,Global-MMLU,Nhu,CA,TRA,2026-05-05T18:30:23.314Z,1,v1,,
formal_logic/test/82,Global-MMLU,Khang,CA,TRA,2026-05-04T05:11:59.883Z,1,v1,,
formal_logic/test/82,Global-MMLU,Ngoc,CA,TRA,2026-05-03T07:52:47.056Z,1,v1,,
formal_logic/test/82,Global-MMLU,Nhu,CA,TRA,2026-05-05T18:30:23.314Z,1,v1,,
formal_logic/test/83,Global-MMLU,Khang,CA,TRA,2026-05-04T05:11:59.883Z,1,v1,,
formal_logic/test/83,Global-MMLU,Ngoc,CA,TRA,2026-05-03T07:52:47.056Z,1,v1,,
formal_logic/test/83,Global-MMLU,Nhu,CA,TRA,2026-05-05T18:30:23.314Z,1,v1,,
formal_logic/test/84,Global-MMLU,Khang,CA,TRA,2026-05-04T05:11:59.883Z,1,v1,,
formal_logic/test/84,Global-MMLU,Ngoc,CA,TRA,2026-05-03T07:52:47.056Z,1,v1,,
formal_logic/test/84,Global-MMLU,Nhu,CA,TRA,2026-05-05T18:30:23.314Z,1,v1,,
formal_logic/test/85,Global-MMLU,Khang,CA,TRA,2026-05-04T05:11:59.883Z,1,v1,,
formal_logic/test/85,Global-MMLU,Ngoc,CA,TRA,2026-05-03T07:52:47.056Z,1,v1,,
formal_logic/test/85,Global-MMLU,Nhu,CA,TRA,2026-05-05T18:30:23.314Z,1,v1,,
formal_logic/test/86,Global-MMLU,Khang,CA,TRA,2026-05-18T14:32:57.161Z,2,v2,,
formal_logic/test/86,Global-MMLU,Ngoc,CA,TRA,2026-05-18T17:30:46.122Z,2,v2,,
formal_logic/test/86,Global-MMLU,Nhu,CA,TRA,2026-05-19T15:20:45.435Z,2,v2,,
formal_logic/test/87,Global-MMLU,Khang,CA,TRA,2026-05-18T14:32:57.161Z,2,v2,,
formal_logic/test/87,Global-MMLU,Ngoc,CA,TRA,2026-05-18T17:30:46.122Z,2,v2,,
formal_logic/test/87,Global-MMLU,Nhu,CA,TRA,2026-05-19T15:20:45.435Z,2,v2,,
formal_logic/test/88,Global-MMLU,Khang,CA,TRA,2026-05-18T14:32:57.161Z,2,v2,,
formal_logic/test/88,Global-MMLU,Ngoc,CA,TRA,2026-05-18T17:30:46.122Z,2,v2,,
formal_logic/test/88,Global-MMLU,Nhu,CA,TRA,2026-05-19T15:20:45.435Z,2,v2,,
formal_logic/test/89,Global-MMLU,Khang,CA,TRA,2026-05-18T14:32:57.161Z,2,v2,,
formal_logic/test/89,Global-MMLU,Ngoc,CA,TRA,2026-05-18T17:30:46.122Z,2,v2,,
formal_logic/test/89,Global-MMLU,Nhu,CA,TRA,2026-05-19T15:20:45.435Z,2,v2,,
formal_logic/test/90,Global-MMLU,Khang,CA,TRA,2026-05-18T14:32:57.161Z,2,v2,,
formal_logic/test/90,Global-MMLU,Ngoc,CA,TRA,2026-05-18T17:30:46.122Z,2,v2,,
formal_logic/test/90,Global-MMLU,Nhu,CA,TRA,2026-05-19T15:20:45.435Z,2,v2,,
formal_logic/test/91,Global-MMLU,Khang,CA,TRA,2026-05-18T14:32:57.161Z,2,v2,,
formal_logic/test/91,Global-MMLU,Ngoc,CA,TRA,2026-05-18T17:30:46.122Z,2,v2,,
formal_logic/test/91,Global-MMLU,Nhu,CA,TRA,2026-05-19T15:20:45.435Z,2,v2,,
formal_logic/test/92,Global-MMLU,Khang,CA,TRA,2026-05-18T14:32:57.161Z,2,v2,,
formal_logic/test/92,Global-MMLU,Ngoc,CA,TRA,2026-05-18T17:30:46.122Z,2,v2,,
formal_logic/test/92,Global-MMLU,Nhu,CA,TRA,2026-05-19T15:20:45.435Z,2,v2,,
formal_logic/test/93,Global-MMLU,Khang,CA,TRA,2026-05-18T14:32:57.161Z,2,v2,,
formal_logic/test/93,Global-MMLU,Ngoc,CA,TRA,2026-05-18T17:30:46.122Z,2,v2,,
formal_logic/test/93,Global-MMLU,Nhu,CA,TRA,2026-05-19T15:20:45.435Z,2,v2,,
formal_logic/test/94,Global-MMLU,Khang,CA,TRA,2026-05-18T14:32:57.161Z,2,v2,,
formal_logic/test/94,Global-MMLU,Ngoc,CA,TRA,2026-05-18T17:30:46.122Z,2,v2,,
formal_logic/test/94,Global-MMLU,Nhu,CA,TRA,2026-05-19T15:20:45.435Z,2,v2,,
formal_logic/test/95,Global-MMLU,Khang,CA,TRA,2026-05-18T14:32:57.161Z,2,v2,,
formal_logic/test/95,Global-MMLU,Ngoc,CA,TRA,2026-05-18T17:30:46.122Z,2,v2,,
formal_logic/test/95,Global-MMLU,Nhu,CA,TRA,2026-05-19T15:20:45.435Z,2,v2,,
formal_logic/test/96,Global-MMLU,Khang,CA,TRA,2026-05-18T14:32:57.161Z,2,v2,,
formal_logic/test/96,Global-MMLU,Ngoc,CA,TRA,2026-05-18T17:30:46.122Z,2,v2,,
formal_logic/test/96,Global-MMLU,Nhu,CA,TRA,2026-05-19T15:20:45.435Z,2,v2,,
formal_logic/test/97,Global-MMLU,Khang,CA,TRA,2026-05-18T14:32:57.161Z,2,v2,,
formal_logic/test/97,Global-MMLU,Ngoc,CA,TRA,2026-05-18T17:30:46.122Z,2,v2,,
formal_logic/test/97,Global-MMLU,Nhu,CA,TRA,2026-05-19T15:20:45.435Z,2,v2,,
formal_logic/test/98,Global-MMLU,Khang,CA,TRA,2026-05-18T14:32:57.161Z,2,v2,,
formal_logic/test/98,Global-MMLU,Ngoc,CA,TRA,2026-05-18T17:30:46.122Z,2,v2,,
formal_logic/test/98,Global-MMLU,Nhu,CA,TRA,2026-05-19T15:20:45.435Z,2,v2,,
formal_logic/test/99,Global-MMLU,Khang,CA,TRA,2026-05-18T14:32:57.161Z,2,v2,,
formal_logic/test/99,Global-MMLU,Ngoc,CA,TRA,2026-05-18T17:30:46.122Z,2,v2,,
formal_logic/test/99,Global-MMLU,Nhu,CA,TRA,2026-05-19T15:20:45.435Z,2,v2,,
formal_logic/test/100,Global-MMLU,Khang,CA,TRA,2026-05-18T14:32:57.161Z,2,v2,,
formal_logic/test/100,Global-MMLU,Ngoc,CA,TRA,2026-05-18T17:30:46.122Z,2,v2,,
formal_logic/test/100,Global-MMLU,Nhu,CA,TRA,2026-05-19T15:20:45.435Z,2,v2,,
formal_logic/test/101,Global-MMLU,Khang,CA,TRA,2026-05-18T14:32:57.161Z,2,v2,,
formal_logic/test/101,Global-MMLU,Ngoc,CA,TRA,2026-05-18T17:30:46.122Z,2,v2,,
formal_logic/test/101,Global-MMLU,Nhu,CA,TRA,2026-05-19T15:20:45.435Z,2,v2,,
formal_logic/test/102,Global-MMLU,Khang,CA,TRA,2026-05-18T14:32:57.161Z,2,v2,,
formal_logic/test/102,Global-MMLU,Ngoc,CA,TRA,2026-05-18T17:30:46.122Z,2,v2,,
formal_logic/test/102,Global-MMLU,Nhu,CA,TRA,2026-05-19T15:20:45.435Z,2,v2,,
formal_logic/test/103,Global-MMLU,Khang,CA,TRA,2026-05-18T14:32:57.161Z,2,v2,,
formal_logic/test/103,Global-MMLU,Ngoc,CA,TRA,2026-05-18T17:30:46.122Z,2,v2,,
formal_logic/test/103,Global-MMLU,Nhu,CA,TRA,2026-05-19T15:20:45.435Z,2,v2,,
formal_logic/test/104,Global-MMLU,Khang,CA,TRA,2026-05-18T14:32:57.161Z,2,v2,,
formal_logic/test/104,Global-MMLU,Ngoc,CA,TRA,2026-05-18T17:30:46.122Z,2,v2,,
formal_logic/test/104,Global-MMLU,Nhu,CA,TRA,2026-05-19T15:20:45.435Z,2,v2,,
formal_logic/test/105,Global-MMLU,Khang,CA,TRA,2026-05-18T14:32:57.161Z,2,v2,,
formal_logic/test/105,Global-MMLU,Ngoc,CA,TRA,2026-05-18T17:30:46.122Z,2,v2,,
formal_logic/test/105,Global-MMLU,Nhu,CA,TRA,2026-05-19T15:20:45.435Z,2,v2,,
formal_logic/test/106,Global-MMLU,Khang,CA,TRA,2026-05-18T14:32:57.161Z,2,v2,,
formal_logic/test/106,Global-MMLU,Ngoc,CA,TRA,2026-05-18T17:30:46.122Z,2,v2,,
formal_logic/test/106,Global-MMLU,Nhu,CA,TRA,2026-05-19T15:20:45.435Z,2,v2,,
formal_logic/test/107,Global-MMLU,Khang,CA,TRA,2026-05-18T14:32:57.161Z,2,v2,,
formal_logic/test/107,Global-MMLU,Ngoc,CA,TRA,2026-05-18T17:30:46.122Z,2,v2,,
formal_logic/test/107,Global-MMLU,Nhu,CA,TRA,2026-05-19T15:20:45.435Z,2,v2,,
formal_logic/test/108,Global-MMLU,Khang,CA,TRA,2026-05-18T14:32:57.161Z,2,v2,,
formal_logic/test/108,Global-MMLU,Ngoc,CA,TRA,2026-05-18T17:30:46.122Z,2,v2,,
formal_logic/test/108,Global-MMLU,Nhu,CA,TRA,2026-05-19T15:20:45.435Z,2,v2,,
formal_logic/test/109,Global-MMLU,Khang,CA,TRA,2026-05-18T14:32:57.161Z,2,v2,,
formal_logic/test/109,Global-MMLU,Ngoc,CA,TRA,2026-05-18T17:30:46.122Z,2,v2,,
formal_logic/test/109,Global-MMLU,Nhu,CA,TRA,2026-05-19T15:20:45.435Z,2,v2,,
formal_logic/test/110,Global-MMLU,Khang,CA,TRA,2026-05-18T14:32:57.161Z,2,v2,,
formal_logic/test/110,Global-MMLU,Ngoc,CA,TRA,2026-05-18T17:30:46.122Z,2,v2,,
formal_logic/test/110,Global-MMLU,Nhu,CA,TRA,2026-05-19T15:20:45.435Z,2,v2,,
formal_logic/test/111,Global-MMLU,Khang,CA,TRA,2026-05-18T14:32:57.161Z,2,v2,,
formal_logic/test/111,Global-MMLU,Ngoc,CA,TRA,2026-05-18T17:30:46.122Z,2,v2,,
formal_logic/test/111,Global-MMLU,Nhu,CA,TRA,2026-05-19T15:20:45.435Z,2,v2,,
formal_logic/test/112,Global-MMLU,Khang,CA,TRA,2026-05-18T14:32:57.161Z,2,v2,,
formal_logic/test/112,Global-MMLU,Ngoc,CA,TRA,2026-05-18T17:30:46.122Z,2,v2,,
formal_logic/test/112,Global-MMLU,Nhu,CA,TRA,2026-05-19T15:20:45.435Z,2,v2,,
formal_logic/test/113,Global-MMLU,Khang,CA,TRA,2026-05-18T14:32:57.161Z,2,v2,,
formal_logic/test/113,Global-MMLU,Ngoc,CA,TRA,2026-05-18T17:30:46.122Z,2,v2,,
formal_logic/test/113,Global-MMLU,Nhu,CA,TRA,2026-05-19T15:20:45.435Z,2,v2,,
formal_logic/test/114,Global-MMLU,Khang,CA,TRA,2026-05-18T14:32:57.161Z,2,v2,,
formal_logic/test/114,Global-MMLU,Ngoc,CA,TRA,2026-05-18T17:30:46.122Z,2,v2,,
formal_logic/test/114,Global-MMLU,Nhu,CA,TRA,2026-05-19T15:20:45.435Z,2,v2,,
formal_logic/test/115,Global-MMLU,Khang,CA,TRA,2026-05-18T14:32:57.161Z,2,v2,,
formal_logic/test/115,Global-MMLU,Ngoc,CA,TRA,2026-05-18T17:30:46.122Z,2,v2,,
formal_logic/test/115,Global-MMLU,Nhu,CA,TRA,2026-05-19T15:20:45.435Z,2,v2,,
formal_logic/test/116,Global-MMLU,Khang,CA,TRA,2026-05-18T14:32:57.161Z,2,v2,,
formal_logic/test/116,Global-MMLU,Ngoc,CA,TRA,2026-05-18T17:30:46.122Z,2,v2,,
formal_logic/test/116,Global-MMLU,Nhu,CA,TRA,2026-05-19T15:20:45.435Z,2,v2,,
formal_logic/test/117,Global-MMLU,Khang,CA,TRA,2026-05-18T14:32:57.161Z,2,v2,,
formal_logic/test/117,Global-MMLU,Ngoc,CA,TRA,2026-05-18T17:30:46.122Z,2,v2,,
formal_logic/test/117,Global-MMLU,Nhu,CA,TRA,2026-05-19T15:20:45.435Z,2,v2,,
formal_logic/test/118,Global-MMLU,Khang,CA,TRA,2026-05-18T14:32:57.161Z,2,v2,,
formal_logic/test/118,Global-MMLU,Ngoc,CA,TRA,2026-05-18T17:30:46.122Z,2,v2,,
formal_logic/test/118,Global-MMLU,Nhu,CA,TRA,2026-05-19T15:20:45.435Z,2,v2,,
formal_logic/test/119,Global-MMLU,Khang,CA,TRA,2026-05-18T14:32:57.161Z,2,v2,,
formal_logic/test/119,Global-MMLU,Ngoc,CA,TRA,2026-05-18T17:30:46.122Z,2,v2,,
formal_logic/test/119,Global-MMLU,Nhu,CA,TRA,2026-05-19T15:20:45.435Z,2,v2,,
formal_logic/test/120,Global-MMLU,Khang,CA,TRA,2026-05-18T14:32:57.161Z,2,v2,,
formal_logic/test/120,Global-MMLU,Ngoc,CA,TRA,2026-05-18T17:30:46.122Z,2,v2,,
formal_logic/test/120,Global-MMLU,Nhu,CA,TRA,2026-05-19T15:20:45.435Z,2,v2,,
formal_logic/test/121,Global-MMLU,Khang,CA,TRA,2026-05-18T14:32:57.161Z,2,v2,,
formal_logic/test/121,Global-MMLU,Ngoc,CA,TRA,2026-05-18T17:30:46.122Z,2,v2,,
formal_logic/test/121,Global-MMLU,Nhu,CA,TRA,2026-05-19T15:20:45.435Z,2,v2,,
formal_logic/test/122,Global-MMLU,Khang,CA,TRA,2026-05-18T14:32:57.161Z,2,v2,,
formal_logic/test/122,Global-MMLU,Ngoc,CA,TRA,2026-05-18T17:30:46.122Z,2,v2,,
formal_logic/test/122,Global-MMLU,Nhu,CA,TRA,2026-05-19T15:20:45.435Z,2,v2,,
formal_logic/test/123,Global-MMLU,Khang,CA,TRA,2026-05-18T14:32:57.161Z,2,v2,,
formal_logic/test/123,Global-MMLU,Ngoc,CA,TRA,2026-05-18T17:30:46.122Z,2,v2,,
formal_logic/test/123,Global-MMLU,Nhu,CA,TRA,2026-05-19T15:20:45.435Z,2,v2,,
formal_logic/test/124,Global-MMLU,Khang,CA,TRA,2026-05-18T14:32:57.161Z,2,v2,,
formal_logic/test/124,Global-MMLU,Ngoc,CA,TRA,2026-05-18T17:30:46.122Z,2,v2,,
formal_logic/test/124,Global-MMLU,Nhu,CA,TRA,2026-05-19T15:20:45.435Z,2,v2,,
formal_logic/test/125,Global-MMLU,Khang,CA,TRA,2026-05-18T14:32:57.161Z,2,v2,,
formal_logic/test/125,Global-MMLU,Ngoc,CA,TRA,2026-05-18T17:30:46.122Z,2,v2,,
formal_logic/test/125,Global-MMLU,Nhu,CA,TRA,2026-05-19T15:20:45.435Z,2,v2,,
high_school_european_history/test/0,Global-MMLU,Khang,CA,TRA,2026-05-18T14:32:57.161Z,2,v2,,
high_school_european_history/test/0,Global-MMLU,Ngoc,CA,TRA,2026-05-18T17:30:46.122Z,2,v2,,
high_school_european_history/test/0,Global-MMLU,Nhu,CA,TRA,2026-05-19T15:20:45.435Z,2,v2,,
high_school_european_history/test/1,Global-MMLU,Khang,CA,TRA,2026-05-18T14:32:57.161Z,2,v2,,
high_school_european_history/test/1,Global-MMLU,Ngoc,CA,TRA,2026-05-18T17:30:46.122Z,2,v2,,
high_school_european_history/test/1,Global-MMLU,Nhu,CA,TRA,2026-05-19T15:20:45.435Z,2,v2,,
high_school_european_history/test/2,Global-MMLU,Khang,CA,TRA,2026-05-18T14:32:57.161Z,2,v2,,
high_school_european_history/test/2,Global-MMLU,Ngoc,CA,TRA,2026-05-18T17:30:46.122Z,2,v2,,
high_school_european_history/test/2,Global-MMLU,Nhu,CA,TRA,2026-05-19T15:20:45.435Z,2,v2,,
high_school_european_history/test/3,Global-MMLU,Khang,CA,TRA,2026-05-18T14:32:57.161Z,2,v2,,
high_school_european_history/test/3,Global-MMLU,Ngoc,CA,TRA,2026-05-18T17:30:46.122Z,2,v2,,
high_school_european_history/test/3,Global-MMLU,Nhu,CA,TRA,2026-05-19T15:20:45.435Z,2,v2,,
high_school_european_history/test/4,Global-MMLU,Khang,CA,TRA,2026-05-18T14:32:57.161Z,2,v2,,
high_school_european_history/test/4,Global-MMLU,Ngoc,CA,TRA,2026-05-18T17:30:46.122Z,2,v2,,
high_school_european_history/test/4,Global-MMLU,Nhu,CA,TRA,2026-05-19T15:20:45.435Z,2,v2,,
high_school_european_history/test/5,Global-MMLU,Khang,CA,TRA,2026-05-18T14:32:57.161Z,2,v2,,
high_school_european_history/test/5,Global-MMLU,Ngoc,CA,TRA,2026-05-18T17:30:46.122Z,2,v2,,
high_school_european_history/test/5,Global-MMLU,Nhu,CA,TRA,2026-05-19T15:20:45.435Z,2,v2,,
high_school_european_history/test/6,Global-MMLU,Khang,CA,TRA,2026-05-18T14:32:57.161Z,2,v2,,
high_school_european_history/test/6,Global-MMLU,Ngoc,CA,TRA,2026-05-18T17:30:46.122Z,2,v2,,
high_school_european_history/test/6,Global-MMLU,Nhu,CA,TRA,2026-05-19T15:20:45.435Z,2,v2,,
high_school_european_history/test/7,Global-MMLU,Khang,CA,TRA,2026-05-18T14:32:57.161Z,2,v2,,
high_school_european_history/test/7,Global-MMLU,Ngoc,CA,TRA,2026-05-18T17:30:46.122Z,2,v2,,
high_school_european_history/test/7,Global-MMLU,Nhu,CA,TRA,2026-05-19T15:20:45.435Z,2,v2,,
high_school_european_history/test/8,Global-MMLU,Khang,CA,TRA,2026-05-18T14:32:57.161Z,2,v2,,
high_school_european_history/test/8,Global-MMLU,Ngoc,CA,TRA,2026-05-18T17:30:46.122Z,2,v2,,
high_school_european_history/test/8,Global-MMLU,Nhu,CA,TRA,2026-05-19T15:20:45.435Z,2,v2,,
high_school_european_history/test/9,Global-MMLU,Khang,CA,TRA,2026-05-18T14:32:57.161Z,2,v2,,
high_school_european_history/test/9,Global-MMLU,Ngoc,CA,TRA,2026-05-18T17:30:46.122Z,2,v2,,
high_school_european_history/test/9,Global-MMLU,Nhu,CA,TRA,2026-05-19T15:20:45.435Z,2,v2,,
high_school_european_history/test/10,Global-MMLU,Khang,CA,TRA,2026-05-18T14:32:57.161Z,2,v2,,
high_school_european_history/test/10,Global-MMLU,Ngoc,CA,TRA,2026-05-18T17:30:46.122Z,2,v2,,
high_school_european_history/test/10,Global-MMLU,Nhu,CA,TRA,2026-05-19T15:20:45.435Z,2,v2,,
high_school_european_history/test/11,Global-MMLU,Khang,CA,TRA,2026-05-18T14:32:57.161Z,2,v2,,
high_school_european_history/test/11,Global-MMLU,Ngoc,CA,TRA,2026-05-18T17:30:46.122Z,2,v2,,
high_school_european_history/test/11,Global-MMLU,Nhu,CA,TRA,2026-05-19T15:20:45.435Z,2,v2,,
high_school_european_history/test/12,Global-MMLU,Khang,CA,TRA,2026-05-18T14:32:57.161Z,2,v2,,
high_school_european_history/test/12,Global-MMLU,Ngoc,CA,TRA,2026-05-18T17:30:46.122Z,2,v2,,
high_school_european_history/test/12,Global-MMLU,Nhu,CA,TRA,2026-05-19T15:20:45.435Z,2,v2,,
high_school_european_history/test/13,Global-MMLU,Khang,CA,TRA,2026-05-18T14:32:57.161Z,2,v2,,
high_school_european_history/test/13,Global-MMLU,Ngoc,CA,TRA,2026-05-18T17:30:46.122Z,2,v2,,
high_school_european_history/test/13,Global-MMLU,Nhu,CA,TRA,2026-05-19T15:20:45.435Z,2,v2,,
high_school_european_history/test/14,Global-MMLU,Khang,CA,TRA,2026-05-18T14:32:57.161Z,2,v2,,
high_school_european_history/test/14,Global-MMLU,Ngoc,CA,TRA,2026-05-18T17:30:46.122Z,2,v2,,
high_school_european_history/test/14,Global-MMLU,Nhu,CA,TRA,2026-05-19T15:20:45.435Z,2,v2,,
high_school_european_history/test/15,Global-MMLU,Khang,CA,TRA,2026-05-18T14:32:57.161Z,2,v2,,
high_school_european_history/test/15,Global-MMLU,Ngoc,CA,TRA,2026-05-18T17:30:46.122Z,2,v2,,
high_school_european_history/test/15,Global-MMLU,Nhu,CA,TRA,2026-05-19T15:20:45.435Z,2,v2,,
high_school_european_history/test/16,Global-MMLU,Khang,CA,TRA,2026-05-18T14:32:57.161Z,2,v2,,
high_school_european_history/test/16,Global-MMLU,Ngoc,CA,TRA,2026-05-18T17:30:46.122Z,2,v2,,
high_school_european_history/test/16,Global-MMLU,Nhu,CA,TRA,2026-05-19T15:20:45.435Z,2,v2,,
high_school_european_history/test/17,Global-MMLU,Khang,CS-H,TRA,2026-05-18T14:32:57.161Z,2,v2,,
high_school_european_history/test/17,Global-MMLU,Ngoc,CS-H,TRA,2026-05-18T17:30:46.122Z,2,v2,,
high_school_european_history/test/17,Global-MMLU,Nhu,CS-H,TRA,2026-05-19T15:20:45.435Z,2,v2,,
high_school_european_history/test/18,Global-MMLU,Khang,CA,TRA,2026-05-18T14:32:57.161Z,2,v2,,
high_school_european_history/test/18,Global-MMLU,Ngoc,CA,TRA,2026-05-18T17:30:46.122Z,2,v2,,
high_school_european_history/test/18,Global-MMLU,Nhu,CA,TRA,2026-05-19T15:20:45.435Z,2,v2,,
high_school_european_history/test/19,Global-MMLU,Khang,CA,TRA,2026-05-18T14:32:57.161Z,2,v2,,
high_school_european_history/test/19,Global-MMLU,Ngoc,CA,TRA,2026-05-18T17:30:46.122Z,2,v2,,
high_school_european_history/test/19,Global-MMLU,Nhu,CA,TRA,2026-05-19T15:20:45.435Z,2,v2,,
high_school_european_history/test/20,Global-MMLU,Khang,CA,TRA,2026-05-18T14:32:57.161Z,2,v2,,
high_school_european_history/test/20,Global-MMLU,Ngoc,CA,TRA,2026-05-18T17:30:46.122Z,2,v2,,
high_school_european_history/test/20,Global-MMLU,Nhu,CA,TRA,2026-05-19T15:20:45.435Z,2,v2,,
high_school_european_history/test/21,Global-MMLU,Khang,CS-H,TRA,2026-05-18T14:32:57.161Z,2,v2,,
high_school_european_history/test/21,Global-MMLU,Ngoc,CS-H,TRA,2026-05-18T17:30:46.122Z,2,v2,,
high_school_european_history/test/21,Global-MMLU,Nhu,CS-H,TRA,2026-05-19T15:20:45.435Z,2,v2,,
high_school_european_history/test/22,Global-MMLU,Khang,CS-H,TRA,2026-05-18T14:32:57.161Z,2,v2,,
high_school_european_history/test/22,Global-MMLU,Ngoc,CS-H,TRA,2026-05-18T17:30:46.122Z,2,v2,,
high_school_european_history/test/22,Global-MMLU,Nhu,CS-H,TRA,2026-05-19T15:20:45.435Z,2,v2,,
high_school_european_history/test/23,Global-MMLU,Khang,CA,TRA,2026-05-18T14:32:57.161Z,2,v2,,
high_school_european_history/test/23,Global-MMLU,Ngoc,CA,TRA,2026-05-18T17:30:46.122Z,2,v2,,
high_school_european_history/test/23,Global-MMLU,Nhu,CA,TRA,2026-05-19T15:20:45.435Z,2,v2,,
high_school_european_history/test/24,Global-MMLU,Khang,CS-H,TRA,2026-05-18T14:32:57.161Z,2,v2,,
high_school_european_history/test/24,Global-MMLU,Ngoc,CS-H,TRA,2026-05-18T17:30:46.122Z,2,v2,,
high_school_european_history/test/24,Global-MMLU,Nhu,CS-H,TRA,2026-05-19T15:20:45.435Z,2,v2,,
high_school_european_history/test/25,Global-MMLU,Khang,CS-H,TRA,2026-05-18T14:32:57.161Z,2,v2,,
high_school_european_history/test/25,Global-MMLU,Ngoc,CS-H,TRA,2026-05-18T17:30:46.122Z,2,v2,,
high_school_european_history/test/25,Global-MMLU,Nhu,CS-H,TRA,2026-05-19T15:20:45.435Z,2,v2,,
high_school_european_history/test/26,Global-MMLU,Khang,CS-H,TRA,2026-05-18T14:32:57.161Z,2,v2,,
high_school_european_history/test/26,Global-MMLU,Ngoc,CS-H,TRA,2026-05-18T17:30:46.122Z,2,v2,,
high_school_european_history/test/26,Global-MMLU,Nhu,CS-H,TRA,2026-05-19T15:20:45.435Z,2,v2,,
high_school_european_history/test/27,Global-MMLU,Khang,CA,TRA,2026-05-18T14:32:57.161Z,2,v2,,
high_school_european_history/test/27,Global-MMLU,Ngoc,CA,TRA,2026-05-18T17:30:46.122Z,2,v2,,
high_school_european_history/test/27,Global-MMLU,Nhu,CA,TRA,2026-05-19T15:20:45.435Z,2,v2,,
high_school_european_history/test/28,Global-MMLU,Khang,CS-H,TRA,2026-05-18T14:32:57.161Z,2,v2,,
high_school_european_history/test/28,Global-MMLU,Ngoc,CS-H,TRA,2026-05-18T17:30:46.122Z,2,v2,,
high_school_european_history/test/28,Global-MMLU,Nhu,CS-H,TRA,2026-05-19T15:20:45.435Z,2,v2,,
high_school_european_history/test/29,Global-MMLU,Khang,CS-H,TRA,2026-05-18T14:32:57.161Z,2,v2,,
high_school_european_history/test/29,Global-MMLU,Ngoc,CS-H,TRA,2026-05-18T17:30:46.122Z,2,v2,,
high_school_european_history/test/29,Global-MMLU,Nhu,CS-H,TRA,2026-05-19T15:20:45.435Z,2,v2,,
high_school_european_history/test/30,Global-MMLU,Khang,CS-H,TRA,2026-05-18T14:32:57.161Z,2,v2,,
high_school_european_history/test/30,Global-MMLU,Ngoc,CS-H,TRA,2026-05-18T17:30:46.122Z,2,v2,,
high_school_european_history/test/30,Global-MMLU,Nhu,CS-H,TRA,2026-05-19T15:20:45.435Z,2,v2,,
high_school_european_history/test/31,Global-MMLU,Khang,CA,TRA,2026-05-18T14:32:57.161Z,2,v2,,
high_school_european_history/test/31,Global-MMLU,Ngoc,CA,TRA,2026-05-18T17:30:46.122Z,2,v2,,
high_school_european_history/test/31,Global-MMLU,Nhu,CA,TRA,2026-05-19T15:20:45.435Z,2,v2,,
high_school_european_history/test/32,Global-MMLU,Khang,CS-H,TRA,2026-05-18T14:32:57.161Z,2,v2,,
high_school_european_history/test/32,Global-MMLU,Ngoc,CS-H,TRA,2026-05-18T17:30:46.122Z,2,v2,,
high_school_european_history/test/32,Global-MMLU,Nhu,CS-H,TRA,2026-05-19T15:20:45.435Z,2,v2,,
high_school_european_history/test/33,Global-MMLU,Khang,CA,TRA,2026-05-18T14:32:57.161Z,2,v2,,
high_school_european_history/test/33,Global-MMLU,Ngoc,CA,TRA,2026-05-18T17:30:46.122Z,2,v2,,
high_school_european_history/test/33,Global-MMLU,Nhu,CA,TRA,2026-05-19T15:20:45.435Z,2,v2,,
high_school_european_history/test/34,Global-MMLU,Khang,CS-H,TRA,2026-05-18T14:32:57.161Z,2,v2,,
high_school_european_history/test/34,Global-MMLU,Ngoc,CS-H,TRA,2026-05-18T17:30:46.122Z,2,v2,,
high_school_european_history/test/34,Global-MMLU,Nhu,CS-H,TRA,2026-05-19T15:20:45.435Z,2,v2,,
high_school_european_history/test/35,Global-MMLU,Khang,CS-H,TRA,2026-05-18T14:32:57.161Z,2,v2,,
high_school_european_history/test/35,Global-MMLU,Ngoc,CS-H,TRA,2026-05-18T17:30:46.122Z,2,v2,,
high_school_european_history/test/35,Global-MMLU,Nhu,CS-H,TRA,2026-05-19T15:20:45.435Z,2,v2,,
high_school_european_history/test/36,Global-MMLU,Khang,CA,TRA,2026-05-18T14:32:57.161Z,2,v2,,
high_school_european_history/test/36,Global-MMLU,Ngoc,CA,TRA,2026-05-18T17:30:46.122Z,2,v2,,
high_school_european_history/test/36,Global-MMLU,Nhu,CA,TRA,2026-05-19T15:20:45.435Z,2,v2,,
high_school_european_history/test/37,Global-MMLU,Khang,CA,TRA,2026-05-18T14:32:57.161Z,2,v2,,
high_school_european_history/test/37,Global-MMLU,Ngoc,CA,TRA,2026-05-18T17:30:46.122Z,2,v2,,
high_school_european_history/test/37,Global-MMLU,Nhu,CA,TRA,2026-05-19T15:20:45.435Z,2,v2,,
high_school_european_history/test/38,Global-MMLU,Khang,CA,TRA,2026-05-18T14:32:57.161Z,2,v2,,
high_school_european_history/test/38,Global-MMLU,Ngoc,CA,TRA,2026-05-18T17:30:46.122Z,2,v2,,
high_school_european_history/test/38,Global-MMLU,Nhu,CA,TRA,2026-05-19T15:20:45.435Z,2,v2,,
high_school_european_history/test/39,Global-MMLU,Khang,CS-H,TRA,2026-05-18T14:32:57.161Z,2,v2,,
high_school_european_history/test/39,Global-MMLU,Ngoc,CS-H,TRA,2026-05-18T17:30:46.122Z,2,v2,,
high_school_european_history/test/39,Global-MMLU,Nhu,CS-H,TRA,2026-05-19T15:20:45.435Z,2,v2,,
high_school_european_history/test/40,Global-MMLU,Khang,CS-H,TRA,2026-05-18T14:32:57.161Z,2,v2,,
high_school_european_history/test/40,Global-MMLU,Ngoc,CS-H,TRA,2026-05-18T17:30:46.122Z,2,v2,,
high_school_european_history/test/40,Global-MMLU,Nhu,CS-H,TRA,2026-05-19T15:20:45.435Z,2,v2,,
high_school_european_history/test/41,Global-MMLU,Khang,CA,TRA,2026-05-18T14:32:57.161Z,2,v2,,
high_school_european_history/test/41,Global-MMLU,Ngoc,CA,TRA,2026-05-18T17:30:46.122Z,2,v2,,
high_school_european_history/test/41,Global-MMLU,Nhu,CA,TRA,2026-05-19T15:20:45.435Z,2,v2,,
high_school_european_history/test/42,Global-MMLU,Khang,CS-H,TRA,2026-05-18T14:32:57.161Z,2,v2,,
high_school_european_history/test/42,Global-MMLU,Ngoc,CS-H,TRA,2026-05-18T17:30:46.122Z,2,v2,,
high_school_european_history/test/42,Global-MMLU,Nhu,CS-H,TRA,2026-05-19T15:20:45.435Z,2,v2,,
high_school_european_history/test/43,Global-MMLU,Khang,CA,TRA,2026-05-18T14:32:57.161Z,2,v2,,
high_school_european_history/test/43,Global-MMLU,Ngoc,CA,TRA,2026-05-18T17:30:46.122Z,2,v2,,
high_school_european_history/test/43,Global-MMLU,Nhu,CA,TRA,2026-05-19T15:20:45.435Z,2,v2,,
high_school_european_history/test/44,Global-MMLU,Khang,CA,TRA,2026-05-18T14:32:57.161Z,2,v2,,
high_school_european_history/test/44,Global-MMLU,Ngoc,CA,TRA,2026-05-18T17:30:46.122Z,2,v2,,
high_school_european_history/test/44,Global-MMLU,Nhu,CA,TRA,2026-05-19T15:20:45.435Z,2,v2,,
high_school_european_history/test/45,Global-MMLU,Khang,UNK,TRA,2026-05-18T14:32:57.161Z,2,v2,,
high_school_european_history/test/45,Global-MMLU,Ngoc,CS-E,TRA,2026-05-18T17:30:46.122Z,2,v2,,
high_school_european_history/test/45,Global-MMLU,Nhu,CS-H,TRA,2026-05-19T15:20:45.435Z,2,v2,,
high_school_european_history/test/46,Global-MMLU,Khang,CS-H,TRA,2026-05-18T14:32:57.161Z,2,v2,,
high_school_european_history/test/46,Global-MMLU,Ngoc,CS-H,TRA,2026-05-18T17:30:46.122Z,2,v2,,
high_school_european_history/test/46,Global-MMLU,Nhu,CS-H,TRA,2026-05-19T15:20:45.435Z,2,v2,,
high_school_european_history/test/47,Global-MMLU,Khang,CS-H,TRA,2026-05-18T14:32:57.161Z,2,v2,,
high_school_european_history/test/47,Global-MMLU,Ngoc,CS-H,TRA,2026-05-18T17:30:46.122Z,2,v2,,
high_school_european_history/test/47,Global-MMLU,Nhu,CS-H,TRA,2026-05-19T15:20:45.435Z,2,v2,,
high_school_european_history/test/48,Global-MMLU,Khang,CS-H,TRA,2026-05-18T14:32:57.161Z,2,v2,,
high_school_european_history/test/48,Global-MMLU,Ngoc,CS-H,TRA,2026-05-18T17:30:46.122Z,2,v2,,
high_school_european_history/test/48,Global-MMLU,Nhu,CS-H,TRA,2026-05-19T15:20:45.435Z,2,v2,,
high_school_european_history/test/49,Global-MMLU,Khang,CA,TRA,2026-05-18T14:32:57.161Z,2,v2,,
high_school_european_history/test/49,Global-MMLU,Ngoc,CA,TRA,2026-05-18T17:30:46.122Z,2,v2,,
high_school_european_history/test/49,Global-MMLU,Nhu,CA,TRA,2026-05-19T15:20:45.435Z,2,v2,,
high_school_european_history/test/50,Global-MMLU,Khang,CA,TRA,2026-05-18T14:32:57.161Z,2,v2,,
high_school_european_history/test/50,Global-MMLU,Ngoc,CA,TRA,2026-05-18T17:30:46.122Z,2,v2,,
high_school_european_history/test/50,Global-MMLU,Nhu,CA,TRA,2026-05-19T15:20:45.435Z,2,v2,,
high_school_european_history/test/51,Global-MMLU,Khang,CA,TRA,2026-05-18T14:32:57.161Z,2,v2,,
high_school_european_history/test/51,Global-MMLU,Ngoc,CA,TRA,2026-05-18T17:30:46.122Z,2,v2,,
high_school_european_history/test/51,Global-MMLU,Nhu,CA,TRA,2026-05-19T15:20:45.435Z,2,v2,,
high_school_european_history/test/52,Global-MMLU,Khang,CS-H,TRA,2026-05-18T14:32:57.161Z,2,v2,,
high_school_european_history/test/52,Global-MMLU,Ngoc,CS-H,TRA,2026-05-18T17:30:46.122Z,2,v2,,
high_school_european_history/test/52,Global-MMLU,Nhu,CS-H,TRA,2026-05-19T15:20:45.435Z,2,v2,,
high_school_european_history/test/53,Global-MMLU,Khang,CA,TRA,2026-05-18T14:32:57.161Z,2,v2,,
high_school_european_history/test/53,Global-MMLU,Ngoc,CA,TRA,2026-05-18T17:30:46.122Z,2,v2,,
high_school_european_history/test/53,Global-MMLU,Nhu,CA,TRA,2026-05-19T15:20:45.435Z,2,v2,,
high_school_european_history/test/54,Global-MMLU,Khang,CS-H,TRA,2026-05-18T14:32:57.161Z,2,v2,,
high_school_european_history/test/54,Global-MMLU,Ngoc,CS-H,TRA,2026-05-18T17:30:46.122Z,2,v2,,
high_school_european_history/test/54,Global-MMLU,Nhu,CS-H,TRA,2026-05-19T15:20:45.435Z,2,v2,,
high_school_european_history/test/55,Global-MMLU,Khang,CS-H,TRA,2026-05-18T14:32:57.161Z,2,v2,,
high_school_european_history/test/55,Global-MMLU,Ngoc,CS-H,TRA,2026-05-18T17:30:46.122Z,2,v2,,
high_school_european_history/test/55,Global-MMLU,Nhu,CS-H,TRA,2026-05-19T15:20:45.435Z,2,v2,,
high_school_european_history/test/56,Global-MMLU,Khang,CS-H,TRA,2026-05-18T14:32:57.161Z,2,v2,,
high_school_european_history/test/56,Global-MMLU,Ngoc,CS-H,TRA,2026-05-18T17:30:46.122Z,2,v2,,
high_school_european_history/test/56,Global-MMLU,Nhu,CS-H,TRA,2026-05-19T15:20:45.435Z,2,v2,,
high_school_european_history/test/57,Global-MMLU,Khang,CS-H,TRA,2026-05-18T14:32:57.161Z,2,v2,,
high_school_european_history/test/57,Global-MMLU,Ngoc,CS-H,TRA,2026-05-18T17:30:46.122Z,2,v2,,
high_school_european_history/test/57,Global-MMLU,Nhu,CS-H,TRA,2026-05-19T15:20:45.435Z,2,v2,,
high_school_european_history/test/58,Global-MMLU,Khang,CS-H,TRA,2026-05-18T14:32:57.161Z,2,v2,,
high_school_european_history/test/58,Global-MMLU,Ngoc,CS-H,TRA,2026-05-18T17:30:46.122Z,2,v2,,
high_school_european_history/test/58,Global-MMLU,Nhu,CS-H,TRA,2026-05-19T15:20:45.435Z,2,v2,,
high_school_european_history/test/59,Global-MMLU,Khang,CA,TRA,2026-05-18T14:32:57.161Z,2,v2,,
high_school_european_history/test/59,Global-MMLU,Ngoc,CA,TRA,2026-05-18T17:30:46.122Z,2,v2,,
high_school_european_history/test/59,Global-MMLU,Nhu,CA,TRA,2026-05-19T15:20:45.435Z,2,v2,,
high_school_european_history/test/60,Global-MMLU,Khang,CA,TRA,2026-05-18T14:32:57.161Z,2,v2,,
high_school_european_history/test/60,Global-MMLU,Ngoc,CA,TRA,2026-05-18T17:30:46.122Z,2,v2,,
high_school_european_history/test/60,Global-MMLU,Nhu,CA,TRA,2026-05-19T15:20:45.435Z,2,v2,,
high_school_european_history/test/61,Global-MMLU,Khang,UNK,TRA,2026-05-18T14:32:57.161Z,2,v2,,
high_school_european_history/test/61,Global-MMLU,Ngoc,CA,TRA,2026-05-18T17:30:46.122Z,2,v2,,
high_school_european_history/test/61,Global-MMLU,Nhu,CA,TRA,2026-05-19T15:20:45.435Z,2,v2,,
high_school_european_history/test/62,Global-MMLU,Khang,CS-H,TRA,2026-05-18T14:32:57.161Z,2,v2,,
high_school_european_history/test/62,Global-MMLU,Ngoc,CS-H,TRA,2026-05-18T17:30:46.122Z,2,v2,,
high_school_european_history/test/62,Global-MMLU,Nhu,CS-H,TRA,2026-05-19T15:20:45.435Z,2,v2,,
high_school_european_history/test/63,Global-MMLU,Khang,CS-H,TRA,2026-05-18T14:32:57.161Z,2,v2,,
high_school_european_history/test/63,Global-MMLU,Ngoc,CS-H,TRA,2026-05-18T17:30:46.122Z,2,v2,,
high_school_european_history/test/63,Global-MMLU,Nhu,CS-H,TRA,2026-05-19T15:20:45.435Z,2,v2,,
high_school_european_history/test/64,Global-MMLU,Khang,CA,TRA,2026-05-18T14:32:57.161Z,2,v2,,
high_school_european_history/test/64,Global-MMLU,Ngoc,CA,TRA,2026-05-18T17:30:46.122Z,2,v2,,
high_school_european_history/test/64,Global-MMLU,Nhu,CA,TRA,2026-05-19T15:20:45.435Z,2,v2,,
high_school_european_history/test/65,Global-MMLU,Khang,CS-H,TRA,2026-05-18T14:32:57.161Z,2,v2,,
high_school_european_history/test/65,Global-MMLU,Ngoc,CS-H,TRA,2026-05-18T17:30:46.122Z,2,v2,,
high_school_european_history/test/65,Global-MMLU,Nhu,CS-H,TRA,2026-05-19T15:20:45.435Z,2,v2,,
high_school_european_history/test/66,Global-MMLU,Khang,CA,TRA,2026-05-18T14:32:57.161Z,2,v2,,
high_school_european_history/test/66,Global-MMLU,Ngoc,CA,TRA,2026-05-18T17:30:46.122Z,2,v2,,
high_school_european_history/test/66,Global-MMLU,Nhu,CA,TRA,2026-05-19T15:20:45.435Z,2,v2,,
high_school_european_history/test/67,Global-MMLU,Khang,CA,TRA,2026-05-18T14:32:57.161Z,2,v2,,
high_school_european_history/test/67,Global-MMLU,Ngoc,CA,TRA,2026-05-18T17:30:46.122Z,2,v2,,
high_school_european_history/test/67,Global-MMLU,Nhu,CA,TRA,2026-05-19T15:20:45.435Z,2,v2,,
high_school_european_history/test/68,Global-MMLU,Khang,CS-H,TRA,2026-05-18T14:32:57.161Z,2,v2,,
high_school_european_history/test/68,Global-MMLU,Ngoc,CS-H,TRA,2026-05-18T17:30:46.122Z,2,v2,,
high_school_european_history/test/68,Global-MMLU,Nhu,CS-H,TRA,2026-05-19T15:20:45.435Z,2,v2,,
high_school_european_history/test/69,Global-MMLU,Khang,CS-H,TRA,2026-05-18T14:32:57.161Z,2,v2,,
high_school_european_history/test/69,Global-MMLU,Ngoc,CS-H,TRA,2026-05-18T17:30:46.122Z,2,v2,,
high_school_european_history/test/69,Global-MMLU,Nhu,CS-H,TRA,2026-05-19T15:20:45.435Z,2,v2,,
high_school_european_history/test/70,Global-MMLU,Khang,CS-H,TRA,2026-05-18T14:32:57.161Z,2,v2,,
high_school_european_history/test/70,Global-MMLU,Ngoc,CS-H,TRA,2026-05-18T17:30:46.122Z,2,v2,,
high_school_european_history/test/70,Global-MMLU,Nhu,CS-H,TRA,2026-05-19T15:20:45.435Z,2,v2,,
high_school_european_history/test/71,Global-MMLU,Khang,CA,TRA,2026-05-18T14:32:57.161Z,2,v2,,
high_school_european_history/test/71,Global-MMLU,Ngoc,CA,TRA,2026-05-18T17:30:46.122Z,2,v2,,
high_school_european_history/test/71,Global-MMLU,Nhu,CA,TRA,2026-05-19T15:20:45.435Z,2,v2,,
high_school_european_history/test/72,Global-MMLU,Khang,CS-H,TRA,2026-05-18T14:32:57.161Z,2,v2,,
high_school_european_history/test/72,Global-MMLU,Ngoc,CS-H,TRA,2026-05-18T17:30:46.122Z,2,v2,,
high_school_european_history/test/72,Global-MMLU,Nhu,CS-H,TRA,2026-05-19T15:20:45.435Z,2,v2,,
high_school_european_history/test/73,Global-MMLU,Khang,CS-H,TRA,2026-05-18T14:32:57.161Z,2,v2,,
high_school_european_history/test/73,Global-MMLU,Ngoc,CS-H,TRA,2026-05-18T17:30:46.122Z,2,v2,,
high_school_european_history/test/73,Global-MMLU,Nhu,CS-H,TRA,2026-05-19T15:20:45.435Z,2,v2,,
high_school_european_history/test/74,Global-MMLU,Khang,CS-H,TRA,2026-05-18T14:32:57.161Z,2,v2,,
high_school_european_history/test/74,Global-MMLU,Ngoc,CS-H,TRA,2026-05-18T17:30:46.122Z,2,v2,,
high_school_european_history/test/74,Global-MMLU,Nhu,CS-H,TRA,2026-05-19T15:20:45.435Z,2,v2,,
high_school_european_history/test/75,Global-MMLU,Khang,CS-H,TRA,2026-05-18T14:32:57.161Z,2,v2,,
high_school_european_history/test/75,Global-MMLU,Ngoc,CS-H,TRA,2026-05-18T17:30:46.122Z,2,v2,,
high_school_european_history/test/75,Global-MMLU,Nhu,CS-H,TRA,2026-05-19T15:20:45.435Z,2,v2,,
high_school_european_history/test/76,Global-MMLU,Khang,CS-H,TRA,2026-05-18T14:32:57.161Z,2,v2,,
high_school_european_history/test/76,Global-MMLU,Ngoc,CS-H,TRA,2026-05-18T17:30:46.122Z,2,v2,,
high_school_european_history/test/76,Global-MMLU,Nhu,CS-H,TRA,2026-05-19T15:20:45.435Z,2,v2,,
high_school_european_history/test/77,Global-MMLU,Khang,CS-H,TRA,2026-05-18T14:32:57.161Z,2,v2,,
high_school_european_history/test/77,Global-MMLU,Ngoc,CS-H,TRA,2026-05-18T17:30:46.122Z,2,v2,,
high_school_european_history/test/77,Global-MMLU,Nhu,CS-H,TRA,2026-05-19T15:20:45.435Z,2,v2,,
high_school_european_history/test/78,Global-MMLU,Khang,CS-H,TRA,2026-05-18T14:32:57.161Z,2,v2,,
high_school_european_history/test/78,Global-MMLU,Ngoc,CS-H,TRA,2026-05-18T17:30:46.122Z,2,v2,,
high_school_european_history/test/78,Global-MMLU,Nhu,CS-H,TRA,2026-05-19T15:20:45.435Z,2,v2,,
high_school_european_history/test/79,Global-MMLU,Khang,CS-H,TRA,2026-05-18T14:32:57.161Z,2,v2,,
high_school_european_history/test/79,Global-MMLU,Ngoc,CS-H,TRA,2026-05-18T17:30:46.122Z,2,v2,,
high_school_european_history/test/79,Global-MMLU,Nhu,CS-H,TRA,2026-05-19T15:20:45.435Z,2,v2,,
high_school_european_history/test/80,Global-MMLU,Khang,CS-H,TRA,2026-05-18T14:32:57.161Z,2,v2,,
high_school_european_history/test/80,Global-MMLU,Ngoc,CS-H,TRA,2026-05-18T17:30:46.122Z,2,v2,,
high_school_european_history/test/80,Global-MMLU,Nhu,CS-H,TRA,2026-05-19T15:20:45.435Z,2,v2,,
high_school_european_history/test/81,Global-MMLU,Khang,CS-H,TRA,2026-05-18T14:32:57.161Z,2,v2,,
high_school_european_history/test/81,Global-MMLU,Ngoc,CS-H,TRA,2026-05-18T17:30:46.122Z,2,v2,,
high_school_european_history/test/81,Global-MMLU,Nhu,CS-H,TRA,2026-05-19T15:20:45.435Z,2,v2,,
high_school_european_history/test/82,Global-MMLU,Khang,CA,TRA,2026-05-18T14:32:57.161Z,2,v2,,
high_school_european_history/test/82,Global-MMLU,Ngoc,CA,TRA,2026-05-18T17:30:46.122Z,2,v2,,
high_school_european_history/test/82,Global-MMLU,Nhu,CA,TRA,2026-05-19T15:20:45.435Z,2,v2,,
high_school_european_history/test/83,Global-MMLU,Khang,CA,TRA,2026-05-18T14:32:57.161Z,2,v2,,
high_school_european_history/test/83,Global-MMLU,Ngoc,CA,TRA,2026-05-18T17:30:46.122Z,2,v2,,
high_school_european_history/test/83,Global-MMLU,Nhu,CA,TRA,2026-05-19T15:20:45.435Z,2,v2,,
high_school_european_history/test/84,Global-MMLU,Khang,CS-H,TRA,2026-05-18T14:32:57.161Z,2,v2,,
high_school_european_history/test/84,Global-MMLU,Ngoc,CS-H,TRA,2026-05-18T17:30:46.122Z,2,v2,,
high_school_european_history/test/84,Global-MMLU,Nhu,CS-H,TRA,2026-05-19T15:20:45.435Z,2,v2,,
high_school_european_history/test/85,Global-MMLU,Khang,CA,TRA,2026-05-18T14:32:57.161Z,2,v2,,
high_school_european_history/test/85,Global-MMLU,Ngoc,CA,TRA,2026-05-18T17:30:46.122Z,2,v2,,
high_school_european_history/test/85,Global-MMLU,Nhu,CA,TRA,2026-05-19T15:20:45.435Z,2,v2,,
high_school_european_history/test/86,Global-MMLU,Khang,CS-H,TRA,2026-05-18T14:32:57.161Z,2,v2,,
high_school_european_history/test/86,Global-MMLU,Ngoc,CS-H,TRA,2026-05-18T17:30:46.122Z,2,v2,,
high_school_european_history/test/86,Global-MMLU,Nhu,CS-H,TRA,2026-05-19T15:20:45.435Z,2,v2,,
high_school_european_history/test/87,Global-MMLU,Khang,CA,TRA,2026-05-18T14:32:57.161Z,2,v2,,
high_school_european_history/test/87,Global-MMLU,Ngoc,CA,TRA,2026-05-18T17:30:46.122Z,2,v2,,
high_school_european_history/test/87,Global-MMLU,Nhu,CA,TRA,2026-05-19T15:20:45.435Z,2,v2,,
high_school_european_history/test/88,Global-MMLU,Khang,CA,TRA,2026-05-18T14:32:57.161Z,2,v2,,
high_school_european_history/test/88,Global-MMLU,Ngoc,CA,TRA,2026-05-18T17:30:46.122Z,2,v2,,
high_school_european_history/test/88,Global-MMLU,Nhu,CA,TRA,2026-05-19T15:20:45.435Z,2,v2,,
high_school_european_history/test/89,Global-MMLU,Khang,CA,TRA,2026-05-18T14:32:57.161Z,2,v2,,
high_school_european_history/test/89,Global-MMLU,Ngoc,CA,TRA,2026-05-18T17:30:46.122Z,2,v2,,
high_school_european_history/test/89,Global-MMLU,Nhu,CA,TRA,2026-05-19T15:20:45.435Z,2,v2,,
high_school_european_history/test/90,Global-MMLU,Khang,CS-H,TRA,2026-05-18T14:32:57.161Z,2,v2,,
high_school_european_history/test/90,Global-MMLU,Ngoc,CS-H,TRA,2026-05-18T17:30:46.122Z,2,v2,,
high_school_european_history/test/90,Global-MMLU,Nhu,CS-H,TRA,2026-05-19T15:20:45.435Z,2,v2,,
high_school_european_history/test/91,Global-MMLU,Khang,CS-H,TRA,2026-05-18T14:32:57.161Z,2,v2,,
high_school_european_history/test/91,Global-MMLU,Ngoc,CS-H,TRA,2026-05-18T17:30:46.122Z,2,v2,,
high_school_european_history/test/91,Global-MMLU,Nhu,CS-H,TRA,2026-05-19T15:20:45.435Z,2,v2,,
high_school_european_history/test/92,Global-MMLU,Khang,CA,TRA,2026-05-18T14:32:57.161Z,2,v2,,
high_school_european_history/test/92,Global-MMLU,Ngoc,CA,TRA,2026-05-18T17:30:46.122Z,2,v2,,
high_school_european_history/test/92,Global-MMLU,Nhu,CA,TRA,2026-05-19T15:20:45.435Z,2,v2,,
high_school_european_history/test/93,Global-MMLU,Khang,CA,TRA,2026-05-18T14:32:57.162Z,2,v2,,
high_school_european_history/test/93,Global-MMLU,Ngoc,CA,TRA,2026-05-18T17:31:47.363Z,2,v2,,
high_school_european_history/test/93,Global-MMLU,Nhu,CA,TRA,2026-05-19T15:20:45.436Z,2,v2,,
high_school_european_history/test/94,Global-MMLU,Khang,CS-H,TRA,2026-05-18T14:32:57.162Z,2,v2,,
high_school_european_history/test/94,Global-MMLU,Ngoc,CS-H,TRA,2026-05-18T17:31:47.363Z,2,v2,,
high_school_european_history/test/94,Global-MMLU,Nhu,CS-H,TRA,2026-05-19T15:20:45.436Z,2,v2,,
high_school_european_history/test/95,Global-MMLU,Khang,CA,TRA,2026-05-18T14:32:57.162Z,2,v2,,
high_school_european_history/test/95,Global-MMLU,Ngoc,CA,TRA,2026-05-18T17:31:47.363Z,2,v2,,
high_school_european_history/test/95,Global-MMLU,Nhu,CA,TRA,2026-05-19T15:20:45.436Z,2,v2,,
high_school_european_history/test/96,Global-MMLU,Khang,CA,TRA,2026-05-18T14:32:57.162Z,2,v2,,
high_school_european_history/test/96,Global-MMLU,Ngoc,CA,TRA,2026-05-18T17:31:47.363Z,2,v2,,
high_school_european_history/test/96,Global-MMLU,Nhu,CA,TRA,2026-05-19T15:20:45.436Z,2,v2,,
high_school_european_history/test/97,Global-MMLU,Khang,CS-H,TRA,2026-05-18T14:32:57.162Z,2,v2,,
high_school_european_history/test/97,Global-MMLU,Ngoc,CS-H,TRA,2026-05-18T17:31:47.363Z,2,v2,,
high_school_european_history/test/97,Global-MMLU,Nhu,CS-H,TRA,2026-05-19T15:20:45.436Z,2,v2,,
high_school_european_history/test/98,Global-MMLU,Khang,CS-H,TRA,2026-05-18T14:32:57.162Z,2,v2,,
high_school_european_history/test/98,Global-MMLU,Ngoc,CS-H,TRA,2026-05-18T17:31:47.363Z,2,v2,,
high_school_european_history/test/98,Global-MMLU,Nhu,CS-H,TRA,2026-05-19T15:20:45.436Z,2,v2,,
high_school_european_history/test/99,Global-MMLU,Khang,CS-H,TRA,2026-05-18T14:32:57.162Z,2,v2,,
high_school_european_history/test/99,Global-MMLU,Ngoc,CS-H,TRA,2026-05-18T17:31:47.363Z,2,v2,,
high_school_european_history/test/99,Global-MMLU,Nhu,CS-H,TRA,2026-05-19T15:20:45.436Z,2,v2,,
high_school_european_history/test/100,Global-MMLU,Khang,CS-H,TRA,2026-05-18T14:32:57.162Z,2,v2,,
high_school_european_history/test/100,Global-MMLU,Ngoc,CS-H,TRA,2026-05-18T17:31:47.363Z,2,v2,,
high_school_european_history/test/100,Global-MMLU,Nhu,CS-H,TRA,2026-05-19T15:20:45.436Z,2,v2,,
high_school_european_history/test/101,Global-MMLU,Khang,CS-H,TRA,2026-05-18T14:32:57.162Z,2,v2,,
high_school_european_history/test/101,Global-MMLU,Ngoc,CS-H,TRA,2026-05-18T17:31:47.363Z,2,v2,,
high_school_european_history/test/101,Global-MMLU,Nhu,CS-H,TRA,2026-05-19T15:20:45.436Z,2,v2,,
high_school_european_history/test/102,Global-MMLU,Khang,CS-H,TRA,2026-05-18T14:32:57.162Z,2,v2,,
high_school_european_history/test/102,Global-MMLU,Ngoc,CS-H,TRA,2026-05-18T17:31:47.363Z,2,v2,,
high_school_european_history/test/102,Global-MMLU,Nhu,CS-H,TRA,2026-05-19T15:20:45.436Z,2,v2,,
high_school_european_history/test/103,Global-MMLU,Khang,CS-H,TRA,2026-05-18T14:32:57.162Z,2,v2,,
high_school_european_history/test/103,Global-MMLU,Ngoc,CS-H,TRA,2026-05-18T17:31:47.363Z,2,v2,,
high_school_european_history/test/103,Global-MMLU,Nhu,CS-H,TRA,2026-05-19T15:20:45.436Z,2,v2,,
high_school_european_history/test/104,Global-MMLU,Khang,CS-H,TRA,2026-05-18T14:32:57.162Z,2,v2,,
high_school_european_history/test/104,Global-MMLU,Ngoc,CS-H,TRA,2026-05-18T17:31:47.363Z,2,v2,,
high_school_european_history/test/104,Global-MMLU,Nhu,CS-H,TRA,2026-05-19T15:20:45.436Z,2,v2,,
high_school_european_history/test/105,Global-MMLU,Khang,CS-H,TRA,2026-05-18T14:32:57.162Z,2,v2,,
high_school_european_history/test/105,Global-MMLU,Ngoc,CS-H,TRA,2026-05-18T17:31:47.363Z,2,v2,,
high_school_european_history/test/105,Global-MMLU,Nhu,CS-H,TRA,2026-05-19T15:20:45.436Z,2,v2,,
high_school_european_history/test/106,Global-MMLU,Khang,CS-H,TRA,2026-05-18T14:32:57.162Z,2,v2,,
high_school_european_history/test/106,Global-MMLU,Ngoc,CS-H,TRA,2026-05-18T17:31:47.363Z,2,v2,,
high_school_european_history/test/106,Global-MMLU,Nhu,CS-H,TRA,2026-05-19T15:20:45.436Z,2,v2,,
high_school_european_history/test/107,Global-MMLU,Khang,CS-H,TRA,2026-05-18T14:32:57.162Z,2,v2,,
high_school_european_history/test/107,Global-MMLU,Ngoc,CS-H,TRA,2026-05-18T17:31:47.363Z,2,v2,,
high_school_european_history/test/107,Global-MMLU,Nhu,CS-H,TRA,2026-05-19T15:20:45.436Z,2,v2,,
high_school_european_history/test/108,Global-MMLU,Khang,CS-H,TRA,2026-05-18T14:32:57.162Z,2,v2,,
high_school_european_history/test/108,Global-MMLU,Ngoc,CS-H,TRA,2026-05-18T17:31:47.363Z,2,v2,,
high_school_european_history/test/108,Global-MMLU,Nhu,CS-H,TRA,2026-05-19T15:20:45.436Z,2,v2,,
high_school_european_history/test/109,Global-MMLU,Khang,CS-H,TRA,2026-05-18T14:32:57.162Z,2,v2,,
high_school_european_history/test/109,Global-MMLU,Ngoc,CS-H,TRA,2026-05-18T17:31:47.363Z,2,v2,,
high_school_european_history/test/109,Global-MMLU,Nhu,CS-H,TRA,2026-05-19T15:20:45.436Z,2,v2,,
high_school_european_history/test/110,Global-MMLU,Khang,CA,TRA,2026-05-18T14:32:57.162Z,2,v2,,
high_school_european_history/test/110,Global-MMLU,Ngoc,CA,TRA,2026-05-18T17:31:47.363Z,2,v2,,
high_school_european_history/test/110,Global-MMLU,Nhu,CA,TRA,2026-05-19T15:20:45.436Z,2,v2,,
high_school_european_history/test/111,Global-MMLU,Khang,CS-H,TRA,2026-05-18T14:32:57.162Z,2,v2,,
high_school_european_history/test/111,Global-MMLU,Ngoc,CS-H,TRA,2026-05-18T17:31:47.363Z,2,v2,,
high_school_european_history/test/111,Global-MMLU,Nhu,CS-H,TRA,2026-05-19T15:20:45.436Z,2,v2,,
high_school_european_history/test/112,Global-MMLU,Khang,CS-H,TRA,2026-05-18T14:32:57.162Z,2,v2,,
high_school_european_history/test/112,Global-MMLU,Ngoc,CS-H,TRA,2026-05-18T17:31:47.363Z,2,v2,,
high_school_european_history/test/112,Global-MMLU,Nhu,CS-H,TRA,2026-05-19T15:20:45.436Z,2,v2,,
high_school_european_history/test/113,Global-MMLU,Khang,CS-H,TRA,2026-05-18T14:32:57.162Z,2,v2,,
high_school_european_history/test/113,Global-MMLU,Ngoc,CS-H,TRA,2026-05-18T17:31:47.363Z,2,v2,,
high_school_european_history/test/113,Global-MMLU,Nhu,CS-H,TRA,2026-05-19T15:20:45.436Z,2,v2,,
high_school_european_history/test/114,Global-MMLU,Khang,CS-H,TRA,2026-05-18T14:32:57.162Z,2,v2,,
high_school_european_history/test/114,Global-MMLU,Ngoc,CS-H,TRA,2026-05-18T17:31:47.363Z,2,v2,,
high_school_european_history/test/114,Global-MMLU,Nhu,CS-H,TRA,2026-05-19T15:20:45.436Z,2,v2,,
high_school_european_history/test/115,Global-MMLU,Khang,CS-H,TRA,2026-05-18T14:32:57.162Z,2,v2,,
high_school_european_history/test/115,Global-MMLU,Ngoc,CS-H,TRA,2026-05-18T17:31:47.363Z,2,v2,,
high_school_european_history/test/115,Global-MMLU,Nhu,CS-H,TRA,2026-05-19T15:20:45.436Z,2,v2,,
high_school_european_history/test/116,Global-MMLU,Khang,CS-H,TRA,2026-05-18T14:32:57.162Z,2,v2,,
high_school_european_history/test/116,Global-MMLU,Ngoc,CS-H,TRA,2026-05-18T17:31:47.363Z,2,v2,,
high_school_european_history/test/116,Global-MMLU,Nhu,CS-H,TRA,2026-05-19T15:20:45.436Z,2,v2,,
high_school_european_history/test/117,Global-MMLU,Khang,CS-H,TRA,2026-05-18T14:32:57.162Z,2,v2,,
high_school_european_history/test/117,Global-MMLU,Ngoc,CS-H,TRA,2026-05-18T17:31:47.363Z,2,v2,,
high_school_european_history/test/117,Global-MMLU,Nhu,CS-H,TRA,2026-05-19T15:20:45.436Z,2,v2,,
high_school_european_history/test/118,Global-MMLU,Khang,CS-H,TRA,2026-05-18T14:32:57.162Z,2,v2,,
high_school_european_history/test/118,Global-MMLU,Ngoc,CS-H,TRA,2026-05-18T17:31:47.363Z,2,v2,,
high_school_european_history/test/118,Global-MMLU,Nhu,CS-H,TRA,2026-05-19T15:20:45.436Z,2,v2,,
high_school_european_history/test/119,Global-MMLU,Khang,CS-H,TRA,2026-05-18T14:32:57.162Z,2,v2,,
high_school_european_history/test/119,Global-MMLU,Ngoc,CS-H,TRA,2026-05-18T17:31:47.363Z,2,v2,,
high_school_european_history/test/119,Global-MMLU,Nhu,CS-H,TRA,2026-05-19T15:20:45.436Z,2,v2,,
high_school_european_history/test/120,Global-MMLU,Khang,CS-H,TRA,2026-05-18T14:32:57.162Z,2,v2,,
high_school_european_history/test/120,Global-MMLU,Ngoc,CS-H,TRA,2026-05-18T17:31:47.363Z,2,v2,,
high_school_european_history/test/120,Global-MMLU,Nhu,CS-H,TRA,2026-05-19T15:20:45.436Z,2,v2,,
high_school_european_history/test/121,Global-MMLU,Khang,CS-H,TRA,2026-05-18T14:32:57.162Z,2,v2,,
high_school_european_history/test/121,Global-MMLU,Ngoc,CS-H,TRA,2026-05-18T17:31:47.363Z,2,v2,,
high_school_european_history/test/121,Global-MMLU,Nhu,CS-H,TRA,2026-05-19T15:20:45.436Z,2,v2,,
high_school_european_history/test/122,Global-MMLU,Khang,CS-H,TRA,2026-05-18T14:32:57.162Z,2,v2,,
high_school_european_history/test/122,Global-MMLU,Ngoc,CS-H,TRA,2026-05-18T17:31:47.363Z,2,v2,,
high_school_european_history/test/122,Global-MMLU,Nhu,CS-H,TRA,2026-05-19T15:20:45.436Z,2,v2,,
high_school_european_history/test/123,Global-MMLU,Khang,CS-H,TRA,2026-05-18T14:32:57.162Z,2,v2,,
high_school_european_history/test/123,Global-MMLU,Ngoc,CS-H,TRA,2026-05-18T17:31:47.363Z,2,v2,,
high_school_european_history/test/123,Global-MMLU,Nhu,CS-H,TRA,2026-05-19T15:20:45.436Z,2,v2,,
high_school_european_history/test/124,Global-MMLU,Khang,CA,TRA,2026-05-18T14:32:57.162Z,2,v2,,
high_school_european_history/test/124,Global-MMLU,Ngoc,CA,TRA,2026-05-18T17:31:47.363Z,2,v2,,
high_school_european_history/test/124,Global-MMLU,Nhu,CA,TRA,2026-05-19T15:20:45.436Z,2,v2,,
high_school_european_history/test/125,Global-MMLU,Khang,CS-H,TRA,2026-05-18T14:32:57.162Z,2,v2,,
high_school_european_history/test/125,Global-MMLU,Ngoc,CS-H,TRA,2026-05-18T17:31:47.363Z,2,v2,,
high_school_european_history/test/125,Global-MMLU,Nhu,CS-H,TRA,2026-05-19T15:20:45.436Z,2,v2,,
high_school_european_history/test/126,Global-MMLU,Khang,CS-H,TRA,2026-05-18T14:32:57.162Z,2,v2,,
high_school_european_history/test/126,Global-MMLU,Ngoc,CS-H,TRA,2026-05-18T17:31:47.363Z,2,v2,,
high_school_european_history/test/126,Global-MMLU,Nhu,CS-H,TRA,2026-05-19T15:20:45.436Z,2,v2,,
high_school_european_history/test/127,Global-MMLU,Khang,CS-H,TRA,2026-05-18T14:32:57.162Z,2,v2,,
high_school_european_history/test/127,Global-MMLU,Ngoc,CS-H,TRA,2026-05-18T17:31:47.363Z,2,v2,,
high_school_european_history/test/127,Global-MMLU,Nhu,CS-H,TRA,2026-05-19T15:20:45.436Z,2,v2,,
high_school_european_history/test/128,Global-MMLU,Khang,CA,TRA,2026-05-18T14:32:57.162Z,2,v2,,
high_school_european_history/test/128,Global-MMLU,Ngoc,CA,TRA,2026-05-18T17:31:47.363Z,2,v2,,
high_school_european_history/test/128,Global-MMLU,Nhu,CA,TRA,2026-05-19T15:20:45.436Z,2,v2,,
high_school_european_history/test/129,Global-MMLU,Khang,CS-H,TRA,2026-05-18T14:32:57.162Z,2,v2,,
high_school_european_history/test/129,Global-MMLU,Ngoc,CS-H,TRA,2026-05-18T17:31:47.363Z,2,v2,,
high_school_european_history/test/129,Global-MMLU,Nhu,CS-H,TRA,2026-05-19T15:20:45.436Z,2,v2,,
high_school_european_history/test/130,Global-MMLU,Khang,CS-H,TRA,2026-05-18T14:32:57.162Z,2,v2,,
high_school_european_history/test/130,Global-MMLU,Ngoc,CS-H,TRA,2026-05-18T17:31:47.363Z,2,v2,,
high_school_european_history/test/130,Global-MMLU,Nhu,CS-H,TRA,2026-05-19T15:20:45.436Z,2,v2,,
high_school_european_history/test/131,Global-MMLU,Khang,CA,TRA,2026-05-18T14:32:57.162Z,2,v2,,
high_school_european_history/test/131,Global-MMLU,Ngoc,CA,TRA,2026-05-18T17:31:47.363Z,2,v2,,
high_school_european_history/test/131,Global-MMLU,Nhu,CA,TRA,2026-05-19T15:20:45.436Z,2,v2,,
high_school_european_history/test/132,Global-MMLU,Khang,CS-H,TRA,2026-05-18T14:32:57.162Z,2,v2,,
high_school_european_history/test/132,Global-MMLU,Ngoc,CS-H,TRA,2026-05-18T17:31:47.363Z,2,v2,,
high_school_european_history/test/132,Global-MMLU,Nhu,CS-H,TRA,2026-05-19T15:20:45.436Z,2,v2,,
high_school_european_history/test/133,Global-MMLU,Khang,CS-H,TRA,2026-05-18T14:32:57.162Z,2,v2,,
high_school_european_history/test/133,Global-MMLU,Ngoc,CS-H,TRA,2026-05-18T17:31:47.363Z,2,v2,,
high_school_european_history/test/133,Global-MMLU,Nhu,CS-H,TRA,2026-05-19T15:20:45.436Z,2,v2,,
high_school_european_history/test/134,Global-MMLU,Khang,CS-H,TRA,2026-05-18T14:32:57.162Z,2,v2,,
high_school_european_history/test/134,Global-MMLU,Ngoc,CS-H,TRA,2026-05-18T17:31:47.363Z,2,v2,,
high_school_european_history/test/134,Global-MMLU,Nhu,CS-H,TRA,2026-05-19T15:20:45.436Z,2,v2,,
high_school_european_history/test/135,Global-MMLU,Khang,CS-H,TRA,2026-05-18T14:32:57.162Z,2,v2,,
high_school_european_history/test/135,Global-MMLU,Ngoc,CS-H,TRA,2026-05-18T17:31:47.363Z,2,v2,,
high_school_european_history/test/135,Global-MMLU,Nhu,CS-H,TRA,2026-05-19T15:20:45.436Z,2,v2,,
high_school_european_history/test/136,Global-MMLU,Khang,CS-H,TRA,2026-05-18T14:32:57.162Z,2,v2,,
high_school_european_history/test/136,Global-MMLU,Ngoc,CS-H,TRA,2026-05-18T17:31:47.363Z,2,v2,,
high_school_european_history/test/136,Global-MMLU,Nhu,CS-H,TRA,2026-05-19T15:20:45.436Z,2,v2,,
high_school_european_history/test/137,Global-MMLU,Khang,CS-H,TRA,2026-05-18T14:32:57.162Z,2,v2,,
high_school_european_history/test/137,Global-MMLU,Ngoc,CS-H,TRA,2026-05-18T17:31:47.363Z,2,v2,,
high_school_european_history/test/137,Global-MMLU,Nhu,CS-H,TRA,2026-05-19T15:20:45.436Z,2,v2,,
high_school_european_history/test/138,Global-MMLU,Khang,CS-H,TRA,2026-05-18T14:32:57.162Z,2,v2,,
high_school_european_history/test/138,Global-MMLU,Ngoc,CS-H,TRA,2026-05-18T17:31:47.363Z,2,v2,,
high_school_european_history/test/138,Global-MMLU,Nhu,CS-H,TRA,2026-05-19T15:20:45.436Z,2,v2,,
high_school_european_history/test/139,Global-MMLU,Khang,CS-H,TRA,2026-05-18T14:32:57.162Z,2,v2,,
high_school_european_history/test/139,Global-MMLU,Ngoc,CS-H,TRA,2026-05-18T17:31:47.363Z,2,v2,,
high_school_european_history/test/139,Global-MMLU,Nhu,CS-H,TRA,2026-05-19T15:20:45.436Z,2,v2,,
high_school_european_history/test/140,Global-MMLU,Khang,CS-H,TRA,2026-05-18T14:32:57.162Z,2,v2,,
high_school_european_history/test/140,Global-MMLU,Ngoc,CS-H,TRA,2026-05-18T17:31:47.363Z,2,v2,,
high_school_european_history/test/140,Global-MMLU,Nhu,CS-H,TRA,2026-05-19T15:20:45.436Z,2,v2,,
high_school_european_history/test/141,Global-MMLU,Khang,CS-H,TRA,2026-05-18T14:32:57.162Z,2,v2,,
high_school_european_history/test/141,Global-MMLU,Ngoc,CS-H,TRA,2026-05-18T17:31:47.363Z,2,v2,,
high_school_european_history/test/141,Global-MMLU,Nhu,CS-H,TRA,2026-05-19T15:20:45.436Z,2,v2,,
high_school_european_history/test/142,Global-MMLU,Khang,CA,TRA,2026-05-18T14:32:57.162Z,2,v2,,
high_school_european_history/test/142,Global-MMLU,Ngoc,CA,TRA,2026-05-18T17:31:47.363Z,2,v2,,
high_school_european_history/test/142,Global-MMLU,Nhu,CA,TRA,2026-05-19T15:20:45.436Z,2,v2,,
high_school_european_history/test/143,Global-MMLU,Khang,CS-H,TRA,2026-05-18T14:32:57.162Z,2,v2,,
high_school_european_history/test/143,Global-MMLU,Ngoc,CS-H,TRA,2026-05-18T17:31:47.363Z,2,v2,,
high_school_european_history/test/143,Global-MMLU,Nhu,CS-H,TRA,2026-05-19T15:20:45.436Z,2,v2,,
high_school_european_history/test/144,Global-MMLU,Khang,CS-H,TRA,2026-05-18T14:32:57.162Z,2,v2,,
high_school_european_history/test/144,Global-MMLU,Ngoc,CS-H,TRA,2026-05-18T17:31:47.363Z,2,v2,,
high_school_european_history/test/144,Global-MMLU,Nhu,CS-H,TRA,2026-05-19T15:20:45.436Z,2,v2,,
high_school_european_history/test/145,Global-MMLU,Khang,CS-H,TRA,2026-05-18T14:32:57.162Z,2,v2,,
high_school_european_history/test/145,Global-MMLU,Ngoc,CS-H,TRA,2026-05-18T17:31:47.363Z,2,v2,,
high_school_european_history/test/145,Global-MMLU,Nhu,CS-H,TRA,2026-05-19T15:20:45.436Z,2,v2,,
high_school_european_history/test/146,Global-MMLU,Khang,CS-H,TRA,2026-05-18T14:32:57.162Z,2,v2,,
high_school_european_history/test/146,Global-MMLU,Ngoc,CS-H,TRA,2026-05-18T17:31:47.363Z,2,v2,,
high_school_european_history/test/146,Global-MMLU,Nhu,CS-H,TRA,2026-05-19T15:20:45.436Z,2,v2,,
high_school_european_history/test/147,Global-MMLU,Khang,CS-H,TRA,2026-05-18T14:32:57.162Z,2,v2,,
high_school_european_history/test/147,Global-MMLU,Ngoc,CS-H,TRA,2026-05-18T17:31:47.363Z,2,v2,,
high_school_european_history/test/147,Global-MMLU,Nhu,CS-H,TRA,2026-05-19T15:20:45.436Z,2,v2,,
high_school_european_history/test/148,Global-MMLU,Khang,CS-H,TRA,2026-05-18T14:32:57.162Z,2,v2,,
high_school_european_history/test/148,Global-MMLU,Ngoc,CS-H,TRA,2026-05-18T17:31:47.363Z,2,v2,,
high_school_european_history/test/148,Global-MMLU,Nhu,CS-H,TRA,2026-05-19T15:20:45.436Z,2,v2,,
high_school_european_history/test/149,Global-MMLU,Khang,CS-H,TRA,2026-05-18T14:32:57.162Z,2,v2,,
high_school_european_history/test/149,Global-MMLU,Ngoc,CS-H,TRA,2026-05-18T17:31:47.363Z,2,v2,,
high_school_european_history/test/149,Global-MMLU,Nhu,CS-H,TRA,2026-05-19T15:20:45.436Z,2,v2,,
high_school_european_history/test/150,Global-MMLU,Khang,CA,TRA,2026-05-18T14:32:57.162Z,2,v2,,
high_school_european_history/test/150,Global-MMLU,Ngoc,CA,TRA,2026-05-18T17:31:47.363Z,2,v2,,
high_school_european_history/test/150,Global-MMLU,Nhu,CA,TRA,2026-05-19T15:20:45.436Z,2,v2,,
high_school_european_history/test/151,Global-MMLU,Khang,CA,TRA,2026-05-18T14:32:57.162Z,2,v2,,
high_school_european_history/test/151,Global-MMLU,Ngoc,CA,TRA,2026-05-18T17:31:47.363Z,2,v2,,
high_school_european_history/test/151,Global-MMLU,Nhu,CA,TRA,2026-05-19T15:20:45.436Z,2,v2,,
high_school_european_history/test/152,Global-MMLU,Khang,CS-H,TRA,2026-05-18T14:32:57.162Z,2,v2,,
high_school_european_history/test/152,Global-MMLU,Ngoc,CS-H,TRA,2026-05-18T17:31:47.363Z,2,v2,,
high_school_european_history/test/152,Global-MMLU,Nhu,CS-H,TRA,2026-05-19T15:20:45.436Z,2,v2,,
high_school_european_history/test/153,Global-MMLU,Khang,CS-H,TRA,2026-05-18T14:32:57.162Z,2,v2,,
high_school_european_history/test/153,Global-MMLU,Ngoc,CS-H,TRA,2026-05-18T17:31:47.363Z,2,v2,,
high_school_european_history/test/153,Global-MMLU,Nhu,CS-H,TRA,2026-05-19T15:20:45.436Z,2,v2,,
high_school_european_history/test/154,Global-MMLU,Khang,CA,TRA,2026-05-18T14:32:57.162Z,2,v2,,
high_school_european_history/test/154,Global-MMLU,Ngoc,CA,TRA,2026-05-18T17:31:47.363Z,2,v2,,
high_school_european_history/test/154,Global-MMLU,Nhu,CA,TRA,2026-05-19T15:20:45.436Z,2,v2,,
high_school_european_history/test/155,Global-MMLU,Khang,CS-H,TRA,2026-05-18T14:32:57.162Z,2,v2,,
high_school_european_history/test/155,Global-MMLU,Ngoc,CS-H,TRA,2026-05-18T17:31:47.363Z,2,v2,,
high_school_european_history/test/155,Global-MMLU,Nhu,CS-H,TRA,2026-05-19T15:20:45.436Z,2,v2,,
high_school_european_history/test/156,Global-MMLU,Khang,CA,TRA,2026-05-18T14:32:57.162Z,2,v2,,
high_school_european_history/test/156,Global-MMLU,Ngoc,CA,TRA,2026-05-18T17:31:47.363Z,2,v2,,
high_school_european_history/test/156,Global-MMLU,Nhu,CA,TRA,2026-05-19T15:20:45.436Z,2,v2,,
high_school_european_history/test/157,Global-MMLU,Khang,CS-H,TRA,2026-05-18T14:32:57.162Z,2,v2,,
high_school_european_history/test/157,Global-MMLU,Ngoc,CS-H,TRA,2026-05-18T17:31:47.363Z,2,v2,,
high_school_european_history/test/157,Global-MMLU,Nhu,CS-H,TRA,2026-05-19T15:20:45.436Z,2,v2,,
high_school_european_history/test/158,Global-MMLU,Khang,CS-H,TRA,2026-05-18T14:32:57.162Z,2,v2,,
high_school_european_history/test/158,Global-MMLU,Ngoc,CS-H,TRA,2026-05-18T17:31:47.363Z,2,v2,,
high_school_european_history/test/158,Global-MMLU,Nhu,CS-H,TRA,2026-05-19T15:20:45.436Z,2,v2,,
high_school_european_history/test/159,Global-MMLU,Khang,CA,TRA,2026-05-18T14:32:57.162Z,2,v2,,
high_school_european_history/test/159,Global-MMLU,Ngoc,CA,TRA,2026-05-18T17:31:47.363Z,2,v2,,
high_school_european_history/test/159,Global-MMLU,Nhu,CA,TRA,2026-05-19T15:20:45.436Z,2,v2,,
high_school_european_history/test/160,Global-MMLU,Khang,CS-H,TRA,2026-05-18T14:32:57.162Z,2,v2,,
high_school_european_history/test/160,Global-MMLU,Ngoc,CS-H,TRA,2026-05-18T17:31:47.363Z,2,v2,,
high_school_european_history/test/160,Global-MMLU,Nhu,CS-H,TRA,2026-05-19T15:20:45.436Z,2,v2,,
high_school_european_history/test/161,Global-MMLU,Khang,CS-H,TRA,2026-05-18T14:32:57.162Z,2,v2,,
high_school_european_history/test/161,Global-MMLU,Ngoc,CS-H,TRA,2026-05-18T17:31:47.363Z,2,v2,,
high_school_european_history/test/161,Global-MMLU,Nhu,CS-H,TRA,2026-05-19T15:20:45.436Z,2,v2,,
high_school_european_history/test/162,Global-MMLU,Khang,CS-H,TRA,2026-05-18T14:32:57.162Z,2,v2,,
high_school_european_history/test/162,Global-MMLU,Ngoc,CS-H,TRA,2026-05-18T17:31:47.363Z,2,v2,,
high_school_european_history/test/162,Global-MMLU,Nhu,CS-H,TRA,2026-05-19T15:20:45.436Z,2,v2,,
high_school_european_history/test/163,Global-MMLU,Khang,CA,TRA,2026-05-18T14:32:57.162Z,2,v2,,
high_school_european_history/test/163,Global-MMLU,Ngoc,CA,TRA,2026-05-18T17:31:47.363Z,2,v2,,
high_school_european_history/test/163,Global-MMLU,Nhu,CA,TRA,2026-05-19T15:20:45.436Z,2,v2,,
high_school_european_history/test/164,Global-MMLU,Khang,CS-H,TRA,2026-05-18T14:32:57.162Z,2,v2,,
high_school_european_history/test/164,Global-MMLU,Ngoc,CS-H,TRA,2026-05-18T17:31:47.363Z,2,v2,,
high_school_european_history/test/164,Global-MMLU,Nhu,CS-H,TRA,2026-05-19T15:20:45.436Z,2,v2,,
high_school_geography/test/0,Global-MMLU,Khang,CA,TRA,2026-05-18T14:32:57.162Z,2,v2,,
high_school_geography/test/0,Global-MMLU,Ngoc,CA,TRA,2026-05-18T17:31:47.363Z,2,v2,,
high_school_geography/test/0,Global-MMLU,Nhu,CA,TRA,2026-05-19T15:20:45.436Z,2,v2,,
high_school_geography/test/1,Global-MMLU,Khang,CA,TRA,2026-05-18T14:32:57.162Z,2,v2,,
high_school_geography/test/1,Global-MMLU,Ngoc,CA,TRA,2026-05-18T17:31:47.363Z,2,v2,,
high_school_geography/test/1,Global-MMLU,Nhu,CA,TRA,2026-05-19T15:20:45.436Z,2,v2,,
high_school_geography/test/2,Global-MMLU,Khang,CA,TRA,2026-05-18T14:32:57.162Z,2,v2,,
high_school_geography/test/2,Global-MMLU,Ngoc,CA,TRA,2026-05-18T17:31:47.363Z,2,v2,,
high_school_geography/test/2,Global-MMLU,Nhu,CA,TRA,2026-05-19T15:20:45.436Z,2,v2,,
high_school_geography/test/3,Global-MMLU,Khang,CA,TRA,2026-05-18T14:32:57.162Z,2,v2,,
high_school_geography/test/3,Global-MMLU,Ngoc,CA,TRA,2026-05-18T17:31:47.363Z,2,v2,,
high_school_geography/test/3,Global-MMLU,Nhu,CA,TRA,2026-05-19T15:20:45.436Z,2,v2,,
high_school_geography/test/4,Global-MMLU,Khang,CA,TRA,2026-05-18T14:32:57.162Z,2,v2,,
high_school_geography/test/4,Global-MMLU,Ngoc,CA,TRA,2026-05-18T17:31:47.363Z,2,v2,,
high_school_geography/test/4,Global-MMLU,Nhu,CA,TRA,2026-05-19T15:20:45.436Z,2,v2,,
high_school_geography/test/5,Global-MMLU,Khang,CA,TRA,2026-05-18T14:32:57.162Z,2,v2,,
high_school_geography/test/5,Global-MMLU,Ngoc,CA,TRA,2026-05-18T17:31:47.363Z,2,v2,,
high_school_geography/test/5,Global-MMLU,Nhu,CA,TRA,2026-05-19T15:20:45.436Z,2,v2,,
high_school_geography/test/6,Global-MMLU,Khang,CS-E,TRA,2026-05-18T14:32:57.162Z,2,v2,,
high_school_geography/test/6,Global-MMLU,Ngoc,CS-E,TRA,2026-05-18T17:31:47.363Z,2,v2,,
high_school_geography/test/6,Global-MMLU,Nhu,CS-E,TRA,2026-05-19T15:20:45.436Z,2,v2,,
high_school_geography/test/7,Global-MMLU,Khang,CA,TRA,2026-05-18T14:32:57.162Z,2,v2,,
high_school_geography/test/7,Global-MMLU,Ngoc,CA,TRA,2026-05-18T17:31:47.363Z,2,v2,,
high_school_geography/test/7,Global-MMLU,Nhu,CA,TRA,2026-05-19T15:20:45.436Z,2,v2,,
high_school_geography/test/8,Global-MMLU,Khang,CA,TRA,2026-05-18T14:32:57.162Z,2,v2,,
high_school_geography/test/8,Global-MMLU,Ngoc,CA,TRA,2026-05-18T17:31:47.363Z,2,v2,,
high_school_geography/test/8,Global-MMLU,Nhu,CA,TRA,2026-05-19T15:20:45.436Z,2,v2,,
high_school_geography/test/9,Global-MMLU,Khang,CA,TRA,2026-05-18T14:32:57.162Z,2,v2,,
high_school_geography/test/9,Global-MMLU,Ngoc,CA,TRA,2026-05-18T17:31:47.363Z,2,v2,,
high_school_geography/test/9,Global-MMLU,Nhu,CA,TRA,2026-05-19T15:20:45.436Z,2,v2,,
high_school_geography/test/10,Global-MMLU,Khang,CA,TRA,2026-05-18T14:32:57.162Z,2,v2,,
high_school_geography/test/10,Global-MMLU,Ngoc,CA,TRA,2026-05-18T17:31:47.363Z,2,v2,,
high_school_geography/test/10,Global-MMLU,Nhu,CA,TRA,2026-05-19T15:20:45.436Z,2,v2,,
high_school_geography/test/11,Global-MMLU,Khang,CA,TRA,2026-05-18T14:32:57.162Z,2,v2,,
high_school_geography/test/11,Global-MMLU,Ngoc,CA,TRA,2026-05-18T17:31:47.363Z,2,v2,,
high_school_geography/test/11,Global-MMLU,Nhu,CA,TRA,2026-05-19T15:20:45.436Z,2,v2,,
high_school_geography/test/12,Global-MMLU,Khang,CS-E,TRA,2026-05-18T14:32:57.162Z,2,v2,,
high_school_geography/test/12,Global-MMLU,Ngoc,CS-E,TRA,2026-05-18T17:31:47.363Z,2,v2,,
high_school_geography/test/12,Global-MMLU,Nhu,CS-E,TRA,2026-05-19T15:20:45.436Z,2,v2,,
high_school_geography/test/13,Global-MMLU,Khang,CA,TRA,2026-05-18T14:32:57.162Z,2,v2,,
high_school_geography/test/13,Global-MMLU,Ngoc,CA,TRA,2026-05-18T17:31:47.363Z,2,v2,,
high_school_geography/test/13,Global-MMLU,Nhu,CA,TRA,2026-05-19T15:20:45.436Z,2,v2,,
high_school_geography/test/14,Global-MMLU,Khang,CA,TRA,2026-05-18T14:32:57.162Z,2,v2,,
high_school_geography/test/14,Global-MMLU,Ngoc,CA,TRA,2026-05-18T17:31:47.363Z,2,v2,,
high_school_geography/test/14,Global-MMLU,Nhu,CA,TRA,2026-05-19T15:20:45.436Z,2,v2,,
high_school_geography/test/15,Global-MMLU,Khang,CS-H,TRA,2026-05-18T14:32:57.162Z,2,v2,,
high_school_geography/test/15,Global-MMLU,Ngoc,CS-H,TRA,2026-05-18T17:31:47.363Z,2,v2,,
high_school_geography/test/15,Global-MMLU,Nhu,CS-H,TRA,2026-05-19T15:20:45.436Z,2,v2,,
high_school_geography/test/16,Global-MMLU,Khang,CA,TRA,2026-05-18T14:32:57.162Z,2,v2,,
high_school_geography/test/16,Global-MMLU,Ngoc,CA,TRA,2026-05-18T17:31:47.363Z,2,v2,,
high_school_geography/test/16,Global-MMLU,Nhu,CA,TRA,2026-05-19T15:20:45.436Z,2,v2,,
high_school_geography/test/17,Global-MMLU,Khang,CA,TRA,2026-05-18T14:32:57.162Z,2,v2,,
high_school_geography/test/17,Global-MMLU,Ngoc,CA,TRA,2026-05-18T17:31:47.363Z,2,v2,,
high_school_geography/test/17,Global-MMLU,Nhu,CA,TRA,2026-05-19T15:20:45.436Z,2,v2,,
high_school_geography/test/18,Global-MMLU,Khang,CS-H,TRA,2026-05-18T14:32:57.162Z,2,v2,,
high_school_geography/test/18,Global-MMLU,Ngoc,CS-H,TRA,2026-05-18T17:31:47.363Z,2,v2,,
high_school_geography/test/18,Global-MMLU,Nhu,CS-H,TRA,2026-05-19T15:20:45.436Z,2,v2,,
high_school_geography/test/19,Global-MMLU,Khang,CA,TRA,2026-05-18T14:32:57.162Z,2,v2,,
high_school_geography/test/19,Global-MMLU,Ngoc,CA,TRA,2026-05-18T17:31:47.363Z,2,v2,,
high_school_geography/test/19,Global-MMLU,Nhu,CA,TRA,2026-05-19T15:20:45.436Z,2,v2,,
high_school_geography/test/20,Global-MMLU,Khang,CA,TRA,2026-05-18T14:32:57.162Z,2,v2,,
high_school_geography/test/20,Global-MMLU,Ngoc,CA,TRA,2026-05-18T17:31:47.363Z,2,v2,,
high_school_geography/test/20,Global-MMLU,Nhu,CA,TRA,2026-05-19T15:20:45.436Z,2,v2,,
high_school_geography/test/21,Global-MMLU,Khang,CS-E,TRA,2026-05-18T14:32:57.162Z,2,v2,,
high_school_geography/test/21,Global-MMLU,Ngoc,CS-E,TRA,2026-05-18T17:31:47.363Z,2,v2,,
high_school_geography/test/21,Global-MMLU,Nhu,CS-E,TRA,2026-05-19T15:20:45.436Z,2,v2,,
high_school_geography/test/22,Global-MMLU,Khang,CS-E,TRA,2026-05-18T14:32:57.162Z,2,v2,,
high_school_geography/test/22,Global-MMLU,Ngoc,CS-E,TRA,2026-05-18T17:31:47.363Z,2,v2,,
high_school_geography/test/22,Global-MMLU,Nhu,CS-E,TRA,2026-05-19T15:20:45.436Z,2,v2,,
high_school_geography/test/23,Global-MMLU,Khang,CA,TRA,2026-05-18T14:32:57.162Z,2,v2,,
high_school_geography/test/23,Global-MMLU,Ngoc,CA,TRA,2026-05-18T17:31:47.363Z,2,v2,,
high_school_geography/test/23,Global-MMLU,Nhu,CA,TRA,2026-05-19T15:20:45.436Z,2,v2,,
high_school_geography/test/24,Global-MMLU,Khang,CA,TRA,2026-05-18T14:32:57.162Z,2,v2,,
high_school_geography/test/24,Global-MMLU,Ngoc,CA,TRA,2026-05-18T17:31:47.363Z,2,v2,,
high_school_geography/test/24,Global-MMLU,Nhu,CA,TRA,2026-05-19T15:20:45.436Z,2,v2,,
high_school_geography/test/25,Global-MMLU,Khang,CS-E,TRA,2026-05-18T14:32:57.162Z,2,v2,,
high_school_geography/test/25,Global-MMLU,Ngoc,CS-E,TRA,2026-05-18T17:31:47.363Z,2,v2,,
high_school_geography/test/25,Global-MMLU,Nhu,CS-E,TRA,2026-05-19T15:20:45.436Z,2,v2,,
high_school_geography/test/26,Global-MMLU,Khang,CS-H,TRA,2026-05-18T14:32:57.162Z,2,v2,,
high_school_geography/test/26,Global-MMLU,Ngoc,CS-H,TRA,2026-05-18T17:31:47.363Z,2,v2,,
high_school_geography/test/26,Global-MMLU,Nhu,CS-H,TRA,2026-05-19T15:20:45.436Z,2,v2,,
high_school_geography/test/27,Global-MMLU,Khang,CA,TRA,2026-05-18T14:32:57.162Z,2,v2,,
high_school_geography/test/27,Global-MMLU,Ngoc,CA,TRA,2026-05-18T17:31:47.363Z,2,v2,,
high_school_geography/test/27,Global-MMLU,Nhu,CA,TRA,2026-05-19T15:20:45.436Z,2,v2,,
high_school_geography/test/28,Global-MMLU,Khang,CS-E,TRA,2026-05-18T14:32:57.162Z,2,v2,,
high_school_geography/test/28,Global-MMLU,Ngoc,CS-E,TRA,2026-05-18T17:31:47.363Z,2,v2,,
high_school_geography/test/28,Global-MMLU,Nhu,CS-E,TRA,2026-05-19T15:20:45.436Z,2,v2,,
high_school_geography/test/29,Global-MMLU,Khang,CA,TRA,2026-05-18T14:32:57.162Z,2,v2,,
high_school_geography/test/29,Global-MMLU,Ngoc,CA,TRA,2026-05-18T17:31:47.363Z,2,v2,,
high_school_geography/test/29,Global-MMLU,Nhu,CA,TRA,2026-05-19T15:20:45.436Z,2,v2,,
high_school_geography/test/30,Global-MMLU,Khang,CA,TRA,2026-05-18T14:32:57.162Z,2,v2,,
high_school_geography/test/30,Global-MMLU,Ngoc,CA,TRA,2026-05-18T17:31:47.363Z,2,v2,,
high_school_geography/test/30,Global-MMLU,Nhu,CA,TRA,2026-05-19T15:20:45.436Z,2,v2,,
high_school_geography/test/31,Global-MMLU,Khang,CA,TRA,2026-05-18T14:32:57.162Z,2,v2,,
high_school_geography/test/31,Global-MMLU,Ngoc,CA,TRA,2026-05-18T17:31:47.363Z,2,v2,,
high_school_geography/test/31,Global-MMLU,Nhu,CA,TRA,2026-05-19T15:20:45.436Z,2,v2,,
high_school_geography/test/32,Global-MMLU,Khang,CA,TRA,2026-05-18T14:32:57.162Z,2,v2,,
high_school_geography/test/32,Global-MMLU,Ngoc,CA,TRA,2026-05-18T17:31:47.363Z,2,v2,,
high_school_geography/test/32,Global-MMLU,Nhu,CA,TRA,2026-05-19T15:20:45.436Z,2,v2,,
high_school_geography/test/33,Global-MMLU,Khang,CA,TRA,2026-05-18T14:32:57.162Z,2,v2,,
high_school_geography/test/33,Global-MMLU,Ngoc,CA,TRA,2026-05-18T17:31:47.363Z,2,v2,,
high_school_geography/test/33,Global-MMLU,Nhu,CA,TRA,2026-05-19T15:20:45.436Z,2,v2,,
high_school_geography/test/34,Global-MMLU,Khang,CS-E,TRA,2026-05-18T14:32:57.162Z,2,v2,,
high_school_geography/test/34,Global-MMLU,Ngoc,CS-E,TRA,2026-05-18T17:31:47.363Z,2,v2,,
high_school_geography/test/34,Global-MMLU,Nhu,CS-E,TRA,2026-05-19T15:20:45.436Z,2,v2,,
high_school_geography/test/35,Global-MMLU,Khang,CS-E,TRA,2026-05-18T14:32:57.162Z,2,v2,,
high_school_geography/test/35,Global-MMLU,Ngoc,CS-E,TRA,2026-05-18T17:31:47.363Z,2,v2,,
high_school_geography/test/35,Global-MMLU,Nhu,CS-E,TRA,2026-05-19T15:20:45.436Z,2,v2,,
high_school_geography/test/36,Global-MMLU,Khang,CS-E,TRA,2026-05-18T14:32:57.162Z,2,v2,,
high_school_geography/test/36,Global-MMLU,Ngoc,CS-E,TRA,2026-05-18T17:31:47.363Z,2,v2,,
high_school_geography/test/36,Global-MMLU,Nhu,CS-E,TRA,2026-05-19T15:20:45.436Z,2,v2,,
high_school_geography/test/37,Global-MMLU,Khang,CA,TRA,2026-05-18T14:32:57.162Z,2,v2,,
high_school_geography/test/37,Global-MMLU,Ngoc,CA,TRA,2026-05-18T17:31:47.363Z,2,v2,,
high_school_geography/test/37,Global-MMLU,Nhu,CA,TRA,2026-05-19T15:20:45.436Z,2,v2,,
high_school_geography/test/38,Global-MMLU,Khang,CA,TRA,2026-05-18T14:32:57.162Z,2,v2,,
high_school_geography/test/38,Global-MMLU,Ngoc,CA,TRA,2026-05-18T17:31:47.363Z,2,v2,,
high_school_geography/test/38,Global-MMLU,Nhu,CA,TRA,2026-05-19T15:20:45.436Z,2,v2,,
high_school_geography/test/39,Global-MMLU,Khang,CA,TRA,2026-05-18T14:32:57.162Z,2,v2,,
high_school_geography/test/39,Global-MMLU,Ngoc,CA,TRA,2026-05-18T17:31:47.363Z,2,v2,,
high_school_geography/test/39,Global-MMLU,Nhu,CA,TRA,2026-05-19T15:20:45.436Z,2,v2,,
high_school_geography/test/40,Global-MMLU,Khang,CA,TRA,2026-05-18T14:32:57.162Z,2,v2,,
high_school_geography/test/40,Global-MMLU,Ngoc,CA,TRA,2026-05-18T17:31:47.363Z,2,v2,,
high_school_geography/test/40,Global-MMLU,Nhu,CA,TRA,2026-05-19T15:20:45.436Z,2,v2,,
high_school_geography/test/41,Global-MMLU,Khang,CA,TRA,2026-05-18T14:32:57.162Z,2,v2,,
high_school_geography/test/41,Global-MMLU,Ngoc,CA,TRA,2026-05-18T17:31:47.363Z,2,v2,,
high_school_geography/test/41,Global-MMLU,Nhu,CA,TRA,2026-05-19T15:20:45.436Z,2,v2,,
high_school_geography/test/42,Global-MMLU,Khang,CA,TRA,2026-05-18T14:32:57.162Z,2,v2,,
high_school_geography/test/42,Global-MMLU,Ngoc,CA,TRA,2026-05-18T17:31:47.363Z,2,v2,,
high_school_geography/test/42,Global-MMLU,Nhu,CA,TRA,2026-05-19T15:20:45.436Z,2,v2,,
high_school_geography/test/43,Global-MMLU,Khang,CA,TRA,2026-05-18T14:32:57.162Z,2,v2,,
high_school_geography/test/43,Global-MMLU,Ngoc,CA,TRA,2026-05-18T17:31:47.363Z,2,v2,,
high_school_geography/test/43,Global-MMLU,Nhu,CA,TRA,2026-05-19T15:20:45.436Z,2,v2,,
high_school_geography/test/44,Global-MMLU,Khang,CS-H,TRA,2026-05-18T14:32:57.162Z,2,v2,,
high_school_geography/test/44,Global-MMLU,Ngoc,CS-H,TRA,2026-05-18T17:31:47.363Z,2,v2,,
high_school_geography/test/44,Global-MMLU,Nhu,CS-H,TRA,2026-05-19T15:20:45.436Z,2,v2,,
high_school_geography/test/45,Global-MMLU,Khang,CA,TRA,2026-05-18T14:32:57.162Z,2,v2,,
high_school_geography/test/45,Global-MMLU,Ngoc,CA,TRA,2026-05-18T17:31:47.363Z,2,v2,,
high_school_geography/test/45,Global-MMLU,Nhu,CA,TRA,2026-05-19T15:20:45.436Z,2,v2,,
high_school_geography/test/46,Global-MMLU,Khang,CA,TRA,2026-05-18T14:32:57.162Z,2,v2,,
high_school_geography/test/46,Global-MMLU,Ngoc,CA,TRA,2026-05-18T17:31:47.363Z,2,v2,,
high_school_geography/test/46,Global-MMLU,Nhu,CA,TRA,2026-05-19T15:20:45.436Z,2,v2,,
high_school_geography/test/47,Global-MMLU,Khang,CA,TRA,2026-05-18T14:32:57.162Z,2,v2,,
high_school_geography/test/47,Global-MMLU,Ngoc,CA,TRA,2026-05-18T17:31:47.363Z,2,v2,,
high_school_geography/test/47,Global-MMLU,Nhu,CA,TRA,2026-05-19T15:20:45.436Z,2,v2,,
high_school_geography/test/48,Global-MMLU,Khang,CA,TRA,2026-05-18T14:32:57.162Z,2,v2,,
high_school_geography/test/48,Global-MMLU,Ngoc,CA,TRA,2026-05-18T17:31:47.363Z,2,v2,,
high_school_geography/test/48,Global-MMLU,Nhu,CA,TRA,2026-05-19T15:20:45.436Z,2,v2,,
high_school_geography/test/49,Global-MMLU,Khang,CS-H,TRA,2026-05-18T14:32:57.162Z,2,v2,,
high_school_geography/test/49,Global-MMLU,Ngoc,CS-H,TRA,2026-05-18T17:31:47.363Z,2,v2,,
high_school_geography/test/49,Global-MMLU,Nhu,CS-H,TRA,2026-05-19T15:20:45.436Z,2,v2,,
high_school_geography/test/50,Global-MMLU,Khang,CA,TRA,2026-05-18T14:32:57.162Z,2,v2,,
high_school_geography/test/50,Global-MMLU,Ngoc,CA,TRA,2026-05-18T17:31:47.363Z,2,v2,,
high_school_geography/test/50,Global-MMLU,Nhu,CA,TRA,2026-05-19T15:20:45.436Z,2,v2,,
high_school_geography/test/51,Global-MMLU,Khang,CA,TRA,2026-05-18T14:32:57.162Z,2,v2,,
high_school_geography/test/51,Global-MMLU,Ngoc,CA,TRA,2026-05-18T17:31:47.363Z,2,v2,,
high_school_geography/test/51,Global-MMLU,Nhu,CA,TRA,2026-05-19T15:20:45.436Z,2,v2,,
high_school_geography/test/52,Global-MMLU,Khang,CS-H,TRA,2026-05-18T14:32:57.162Z,2,v2,,
high_school_geography/test/52,Global-MMLU,Ngoc,CS-H,TRA,2026-05-18T17:31:47.363Z,2,v2,,
high_school_geography/test/52,Global-MMLU,Nhu,CS-H,TRA,2026-05-19T15:20:45.436Z,2,v2,,
high_school_geography/test/53,Global-MMLU,Khang,CS-H,TRA,2026-05-18T14:32:57.162Z,2,v2,,
high_school_geography/test/53,Global-MMLU,Ngoc,CS-H,TRA,2026-05-18T17:31:47.363Z,2,v2,,
high_school_geography/test/53,Global-MMLU,Nhu,CS-H,TRA,2026-05-19T15:20:45.436Z,2,v2,,
high_school_geography/test/54,Global-MMLU,Khang,CS-H,TRA,2026-05-18T14:32:57.162Z,2,v2,,
high_school_geography/test/54,Global-MMLU,Ngoc,CS-H,TRA,2026-05-18T17:31:47.363Z,2,v2,,
high_school_geography/test/54,Global-MMLU,Nhu,CS-H,TRA,2026-05-19T15:20:45.436Z,2,v2,,
high_school_geography/test/55,Global-MMLU,Khang,CA,TRA,2026-05-18T14:32:57.162Z,2,v2,,
high_school_geography/test/55,Global-MMLU,Ngoc,CA,TRA,2026-05-18T17:31:47.363Z,2,v2,,
high_school_geography/test/55,Global-MMLU,Nhu,CA,TRA,2026-05-19T15:20:45.436Z,2,v2,,
high_school_geography/test/56,Global-MMLU,Khang,CS-E,TRA,2026-05-18T14:32:57.162Z,2,v2,,
high_school_geography/test/56,Global-MMLU,Ngoc,CS-E,TRA,2026-05-18T17:31:47.363Z,2,v2,,
high_school_geography/test/56,Global-MMLU,Nhu,CS-E,TRA,2026-05-19T15:20:45.436Z,2,v2,,
high_school_geography/test/57,Global-MMLU,Khang,CA,TRA,2026-05-18T14:32:57.162Z,2,v2,,
high_school_geography/test/57,Global-MMLU,Ngoc,CA,TRA,2026-05-18T17:31:47.363Z,2,v2,,
high_school_geography/test/57,Global-MMLU,Nhu,CA,TRA,2026-05-19T15:20:45.436Z,2,v2,,
high_school_geography/test/58,Global-MMLU,Khang,CA,TRA,2026-05-18T14:32:57.162Z,2,v2,,
high_school_geography/test/58,Global-MMLU,Ngoc,CA,TRA,2026-05-18T17:31:47.363Z,2,v2,,
high_school_geography/test/58,Global-MMLU,Nhu,CA,TRA,2026-05-19T15:20:45.436Z,2,v2,,
high_school_geography/test/59,Global-MMLU,Khang,CA,TRA,2026-05-18T14:32:57.162Z,2,v2,,
high_school_geography/test/59,Global-MMLU,Ngoc,CA,TRA,2026-05-18T17:31:47.363Z,2,v2,,
high_school_geography/test/59,Global-MMLU,Nhu,CA,TRA,2026-05-19T15:20:45.436Z,2,v2,,
high_school_geography/test/60,Global-MMLU,Khang,CA,TRA,2026-05-18T14:32:57.162Z,2,v2,,
high_school_geography/test/60,Global-MMLU,Ngoc,CA,TRA,2026-05-18T17:31:47.363Z,2,v2,,
high_school_geography/test/60,Global-MMLU,Nhu,CA,TRA,2026-05-19T15:20:45.436Z,2,v2,,
high_school_geography/test/61,Global-MMLU,Khang,CS-H,TRA,2026-05-18T14:32:57.162Z,2,v2,,
high_school_geography/test/61,Global-MMLU,Ngoc,CS-H,TRA,2026-05-18T17:31:47.363Z,2,v2,,
high_school_geography/test/61,Global-MMLU,Nhu,CS-H,TRA,2026-05-19T15:20:45.436Z,2,v2,,
high_school_geography/test/62,Global-MMLU,Khang,CS-H,TRA,2026-05-18T14:32:57.162Z,2,v2,,
high_school_geography/test/62,Global-MMLU,Ngoc,CS-H,TRA,2026-05-18T17:31:47.363Z,2,v2,,
high_school_geography/test/62,Global-MMLU,Nhu,CS-H,TRA,2026-05-19T15:20:45.436Z,2,v2,,
high_school_geography/test/63,Global-MMLU,Khang,CS-E,TRA,2026-05-18T14:32:57.162Z,2,v2,,
high_school_geography/test/63,Global-MMLU,Ngoc,CS-E,TRA,2026-05-18T17:31:47.363Z,2,v2,,
high_school_geography/test/63,Global-MMLU,Nhu,CS-E,TRA,2026-05-19T15:20:45.436Z,2,v2,,
high_school_geography/test/64,Global-MMLU,Khang,CS-E,TRA,2026-05-18T14:32:57.162Z,2,v2,,
high_school_geography/test/64,Global-MMLU,Ngoc,CS-E,TRA,2026-05-18T17:31:47.363Z,2,v2,,
high_school_geography/test/64,Global-MMLU,Nhu,CS-E,TRA,2026-05-19T15:20:45.436Z,2,v2,,
high_school_geography/test/65,Global-MMLU,Khang,CA,TRA,2026-05-18T14:32:57.162Z,2,v2,,
high_school_geography/test/65,Global-MMLU,Ngoc,CA,TRA,2026-05-18T17:31:47.363Z,2,v2,,
high_school_geography/test/65,Global-MMLU,Nhu,CA,TRA,2026-05-19T15:20:45.436Z,2,v2,,
high_school_geography/test/66,Global-MMLU,Khang,CS-L,TRA,2026-05-18T14:32:57.162Z,2,v2,,
high_school_geography/test/66,Global-MMLU,Ngoc,CS-L,TRA,2026-05-18T17:31:47.363Z,2,v2,,
high_school_geography/test/66,Global-MMLU,Nhu,CS-L,TRA,2026-05-19T15:20:45.436Z,2,v2,,
high_school_geography/test/67,Global-MMLU,Khang,CS-E,TRA,2026-05-18T14:32:57.162Z,2,v2,,
high_school_geography/test/67,Global-MMLU,Ngoc,CS-E,TRA,2026-05-18T17:31:47.363Z,2,v2,,
high_school_geography/test/67,Global-MMLU,Nhu,CS-E,TRA,2026-05-19T15:20:45.436Z,2,v2,,
high_school_geography/test/68,Global-MMLU,Khang,UNK,TRA,2026-05-18T14:32:57.162Z,2,v2,,
high_school_geography/test/68,Global-MMLU,Ngoc,CA,TRA,2026-05-18T17:31:47.363Z,2,v2,,
high_school_geography/test/68,Global-MMLU,Nhu,CS-H,TRA,2026-05-19T15:20:45.436Z,2,v2,,
high_school_geography/test/69,Global-MMLU,Khang,CA,TRA,2026-05-18T14:32:57.162Z,2,v2,,
high_school_geography/test/69,Global-MMLU,Ngoc,CA,TRA,2026-05-18T17:31:47.363Z,2,v2,,
high_school_geography/test/69,Global-MMLU,Nhu,CA,TRA,2026-05-19T15:20:45.436Z,2,v2,,
high_school_geography/test/70,Global-MMLU,Khang,CS-E,TRA,2026-05-18T14:32:57.162Z,2,v2,,
high_school_geography/test/70,Global-MMLU,Ngoc,CS-E,TRA,2026-05-18T17:31:47.363Z,2,v2,,
high_school_geography/test/70,Global-MMLU,Nhu,CS-E,TRA,2026-05-19T15:20:45.436Z,2,v2,,
high_school_geography/test/71,Global-MMLU,Khang,CA,TRA,2026-05-18T14:32:57.162Z,2,v2,,
high_school_geography/test/71,Global-MMLU,Ngoc,CA,TRA,2026-05-18T17:31:47.363Z,2,v2,,
high_school_geography/test/71,Global-MMLU,Nhu,CA,TRA,2026-05-19T15:20:45.436Z,2,v2,,
high_school_geography/test/72,Global-MMLU,Khang,CS-E,TRA,2026-05-18T14:32:57.162Z,2,v2,,
high_school_geography/test/72,Global-MMLU,Ngoc,CS-E,TRA,2026-05-18T17:31:47.363Z,2,v2,,
high_school_geography/test/72,Global-MMLU,Nhu,CS-E,TRA,2026-05-19T15:20:45.436Z,2,v2,,
high_school_geography/test/73,Global-MMLU,Khang,CS-H,TRA,2026-05-18T14:32:57.162Z,2,v2,,
high_school_geography/test/73,Global-MMLU,Ngoc,CS-H,TRA,2026-05-18T17:31:47.363Z,2,v2,,
high_school_geography/test/73,Global-MMLU,Nhu,CS-H,TRA,2026-05-19T15:20:45.436Z,2,v2,,
high_school_geography/test/74,Global-MMLU,Khang,CS-H,TRA,2026-05-18T14:32:57.162Z,2,v2,,
high_school_geography/test/74,Global-MMLU,Ngoc,CS-H,TRA,2026-05-18T17:31:47.363Z,2,v2,,
high_school_geography/test/74,Global-MMLU,Nhu,CS-H,TRA,2026-05-19T15:20:45.436Z,2,v2,,
high_school_geography/test/75,Global-MMLU,Khang,CA,TRA,2026-05-18T14:32:57.162Z,2,v2,,
high_school_geography/test/75,Global-MMLU,Ngoc,CA,TRA,2026-05-18T17:31:47.363Z,2,v2,,
high_school_geography/test/75,Global-MMLU,Nhu,CA,TRA,2026-05-19T15:20:45.436Z,2,v2,,
high_school_geography/test/76,Global-MMLU,Khang,CA,TRA,2026-05-18T14:32:57.162Z,2,v2,,
high_school_geography/test/76,Global-MMLU,Ngoc,CA,TRA,2026-05-18T17:31:47.363Z,2,v2,,
high_school_geography/test/76,Global-MMLU,Nhu,CA,TRA,2026-05-19T15:20:45.436Z,2,v2,,
high_school_geography/test/77,Global-MMLU,Khang,CA,TRA,2026-05-18T14:32:57.162Z,2,v2,,
high_school_geography/test/77,Global-MMLU,Ngoc,CA,TRA,2026-05-18T17:31:47.363Z,2,v2,,
high_school_geography/test/77,Global-MMLU,Nhu,CA,TRA,2026-05-19T15:20:45.436Z,2,v2,,
high_school_geography/test/78,Global-MMLU,Khang,CA,TRA,2026-05-18T14:32:57.162Z,2,v2,,
high_school_geography/test/78,Global-MMLU,Ngoc,CA,TRA,2026-05-18T17:31:47.363Z,2,v2,,
high_school_geography/test/78,Global-MMLU,Nhu,CA,TRA,2026-05-19T15:20:45.436Z,2,v2,,
high_school_geography/test/79,Global-MMLU,Khang,CA,TRA,2026-05-18T14:32:57.162Z,2,v2,,
high_school_geography/test/79,Global-MMLU,Ngoc,CA,TRA,2026-05-18T17:31:47.363Z,2,v2,,
high_school_geography/test/79,Global-MMLU,Nhu,CA,TRA,2026-05-19T15:20:45.436Z,2,v2,,
high_school_geography/test/80,Global-MMLU,Khang,CS-H,TRA,2026-05-18T14:32:57.162Z,2,v2,,
high_school_geography/test/80,Global-MMLU,Ngoc,CS-H,TRA,2026-05-18T17:31:47.363Z,2,v2,,
high_school_geography/test/80,Global-MMLU,Nhu,CS-H,TRA,2026-05-19T15:20:45.436Z,2,v2,,
high_school_geography/test/81,Global-MMLU,Khang,CS-H,TRA,2026-05-18T14:32:57.162Z,2,v2,,
high_school_geography/test/81,Global-MMLU,Ngoc,CS-H,TRA,2026-05-18T17:31:47.363Z,2,v2,,
high_school_geography/test/81,Global-MMLU,Nhu,CS-H,TRA,2026-05-19T15:20:45.436Z,2,v2,,
high_school_geography/test/82,Global-MMLU,Khang,CA,TRA,2026-05-18T14:32:57.162Z,2,v2,,
high_school_geography/test/82,Global-MMLU,Ngoc,CA,TRA,2026-05-18T17:31:47.363Z,2,v2,,
high_school_geography/test/82,Global-MMLU,Nhu,CA,TRA,2026-05-19T15:20:45.436Z,2,v2,,
high_school_geography/test/83,Global-MMLU,Khang,CS-E,TRA,2026-05-18T14:32:57.162Z,2,v2,,
high_school_geography/test/83,Global-MMLU,Ngoc,CS-E,TRA,2026-05-18T17:31:47.363Z,2,v2,,
high_school_geography/test/83,Global-MMLU,Nhu,CS-E,TRA,2026-05-19T15:20:45.436Z,2,v2,,
high_school_geography/test/84,Global-MMLU,Khang,CS-H,TRA,2026-05-18T14:32:57.162Z,2,v2,,
high_school_geography/test/84,Global-MMLU,Ngoc,CS-H,TRA,2026-05-18T17:31:47.363Z,2,v2,,
high_school_geography/test/84,Global-MMLU,Nhu,CS-H,TRA,2026-05-19T15:20:45.436Z,2,v2,,
high_school_geography/test/85,Global-MMLU,Khang,CS-E,TRA,2026-05-18T14:32:57.162Z,2,v2,,
high_school_geography/test/85,Global-MMLU,Ngoc,CS-E,TRA,2026-05-18T17:31:47.363Z,2,v2,,
high_school_geography/test/85,Global-MMLU,Nhu,CS-E,TRA,2026-05-19T15:20:45.436Z,2,v2,,
high_school_geography/test/86,Global-MMLU,Khang,CA,TRA,2026-05-18T14:32:57.162Z,2,v2,,
high_school_geography/test/86,Global-MMLU,Ngoc,CA,TRA,2026-05-18T17:31:47.363Z,2,v2,,
high_school_geography/test/86,Global-MMLU,Nhu,CA,TRA,2026-05-19T15:20:45.436Z,2,v2,,
high_school_geography/test/87,Global-MMLU,Khang,CS-H,TRA,2026-05-18T14:32:57.162Z,2,v2,,
high_school_geography/test/87,Global-MMLU,Ngoc,CS-H,TRA,2026-05-18T17:31:47.363Z,2,v2,,
high_school_geography/test/87,Global-MMLU,Nhu,CS-H,TRA,2026-05-19T15:20:45.436Z,2,v2,,
high_school_geography/test/88,Global-MMLU,Khang,CA,TRA,2026-05-18T14:32:57.162Z,2,v2,,
high_school_geography/test/88,Global-MMLU,Ngoc,CA,TRA,2026-05-18T17:31:47.363Z,2,v2,,
high_school_geography/test/88,Global-MMLU,Nhu,CA,TRA,2026-05-19T15:20:45.436Z,2,v2,,
high_school_geography/test/89,Global-MMLU,Khang,CA,TRA,2026-05-18T14:32:57.162Z,2,v2,,
high_school_geography/test/89,Global-MMLU,Ngoc,CA,TRA,2026-05-18T17:31:47.363Z,2,v2,,
high_school_geography/test/89,Global-MMLU,Nhu,CA,TRA,2026-05-19T15:20:45.436Z,2,v2,,
high_school_geography/test/90,Global-MMLU,Khang,CS-E,TRA,2026-05-18T14:32:57.162Z,2,v2,,
high_school_geography/test/90,Global-MMLU,Ngoc,CS-E,TRA,2026-05-18T17:31:47.363Z,2,v2,,
high_school_geography/test/90,Global-MMLU,Nhu,CS-E,TRA,2026-05-19T15:20:45.436Z,2,v2,,
high_school_geography/test/91,Global-MMLU,Khang,CA,TRA,2026-05-18T14:32:57.162Z,2,v2,,
high_school_geography/test/91,Global-MMLU,Ngoc,CA,TRA,2026-05-18T17:31:47.363Z,2,v2,,
high_school_geography/test/91,Global-MMLU,Nhu,CA,TRA,2026-05-19T15:20:45.436Z,2,v2,,
high_school_geography/test/92,Global-MMLU,Khang,CA,TRA,2026-05-18T14:32:57.162Z,2,v2,,
high_school_geography/test/92,Global-MMLU,Ngoc,CA,TRA,2026-05-18T17:31:47.363Z,2,v2,,
high_school_geography/test/92,Global-MMLU,Nhu,CA,TRA,2026-05-19T15:20:45.436Z,2,v2,,
high_school_geography/test/93,Global-MMLU,Khang,CA,TRA,2026-05-18T14:32:57.162Z,2,v2,,
high_school_geography/test/93,Global-MMLU,Ngoc,CA,TRA,2026-05-18T17:31:47.363Z,2,v2,,
high_school_geography/test/93,Global-MMLU,Nhu,CA,TRA,2026-05-19T15:20:45.436Z,2,v2,,
high_school_geography/test/94,Global-MMLU,Khang,CA,TRA,2026-05-18T14:32:57.162Z,2,v2,,
high_school_geography/test/94,Global-MMLU,Ngoc,CA,TRA,2026-05-18T17:31:47.363Z,2,v2,,
high_school_geography/test/94,Global-MMLU,Nhu,CA,TRA,2026-05-19T15:20:45.436Z,2,v2,,
high_school_geography/test/95,Global-MMLU,Khang,CA,TRA,2026-05-18T14:32:57.162Z,2,v2,,
high_school_geography/test/95,Global-MMLU,Ngoc,CA,TRA,2026-05-18T17:31:47.363Z,2,v2,,
high_school_geography/test/95,Global-MMLU,Nhu,CA,TRA,2026-05-19T15:20:45.436Z,2,v2,,
high_school_geography/test/96,Global-MMLU,Khang,CA,TRA,2026-05-18T14:32:57.162Z,2,v2,,
high_school_geography/test/96,Global-MMLU,Ngoc,CA,TRA,2026-05-18T17:31:47.363Z,2,v2,,
high_school_geography/test/96,Global-MMLU,Nhu,CA,TRA,2026-05-19T15:20:45.436Z,2,v2,,
high_school_geography/test/97,Global-MMLU,Khang,CS-E,TRA,2026-05-18T14:32:57.162Z,2,v2,,
high_school_geography/test/97,Global-MMLU,Ngoc,CS-E,TRA,2026-05-18T17:31:47.363Z,2,v2,,
high_school_geography/test/97,Global-MMLU,Nhu,CS-E,TRA,2026-05-19T15:20:45.436Z,2,v2,,
high_school_geography/test/98,Global-MMLU,Khang,CA,TRA,2026-05-18T14:32:57.162Z,2,v2,,
high_school_geography/test/98,Global-MMLU,Ngoc,CA,TRA,2026-05-18T17:31:47.363Z,2,v2,,
high_school_geography/test/98,Global-MMLU,Nhu,CA,TRA,2026-05-19T15:20:45.436Z,2,v2,,
high_school_geography/test/99,Global-MMLU,Khang,CA,TRA,2026-05-18T14:32:57.162Z,2,v2,,
high_school_geography/test/99,Global-MMLU,Ngoc,CA,TRA,2026-05-18T17:31:47.363Z,2,v2,,
high_school_geography/test/99,Global-MMLU,Nhu,CA,TRA,2026-05-19T15:20:45.436Z,2,v2,,
high_school_geography/test/100,Global-MMLU,Khang,CA,TRA,2026-05-18T14:32:57.162Z,2,v2,,
high_school_geography/test/100,Global-MMLU,Ngoc,CA,TRA,2026-05-18T17:31:47.363Z,2,v2,,
high_school_geography/test/100,Global-MMLU,Nhu,CA,TRA,2026-05-19T15:20:45.436Z,2,v2,,
high_school_geography/test/101,Global-MMLU,Khang,UNK,TRA,2026-05-18T14:32:57.162Z,2,v2,,
high_school_geography/test/101,Global-MMLU,Ngoc,CS-H,TRA,2026-05-18T17:31:47.363Z,2,v2,,
high_school_geography/test/101,Global-MMLU,Nhu,CS-H,TRA,2026-05-19T15:20:45.436Z,2,v2,,
high_school_geography/test/102,Global-MMLU,Khang,CA,TRA,2026-05-18T14:32:57.162Z,2,v2,,
high_school_geography/test/102,Global-MMLU,Ngoc,CA,TRA,2026-05-18T17:31:47.363Z,2,v2,,
high_school_geography/test/102,Global-MMLU,Nhu,CA,TRA,2026-05-19T15:20:45.436Z,2,v2,,
high_school_geography/test/103,Global-MMLU,Khang,CA,TRA,2026-05-18T14:32:57.162Z,2,v2,,
high_school_geography/test/103,Global-MMLU,Ngoc,CA,TRA,2026-05-18T17:31:47.363Z,2,v2,,
high_school_geography/test/103,Global-MMLU,Nhu,CA,TRA,2026-05-19T15:20:45.436Z,2,v2,,
high_school_geography/test/104,Global-MMLU,Khang,CS-E,TRA,2026-05-18T14:32:57.162Z,2,v2,,
high_school_geography/test/104,Global-MMLU,Ngoc,CS-E,TRA,2026-05-18T17:31:47.363Z,2,v2,,
high_school_geography/test/104,Global-MMLU,Nhu,CS-E,TRA,2026-05-19T15:20:45.436Z,2,v2,,
high_school_geography/test/105,Global-MMLU,Khang,CS-H,TRA,2026-05-18T14:32:57.162Z,2,v2,,
high_school_geography/test/105,Global-MMLU,Ngoc,CS-H,TRA,2026-05-18T17:31:47.363Z,2,v2,,
high_school_geography/test/105,Global-MMLU,Nhu,CS-H,TRA,2026-05-19T15:20:45.436Z,2,v2,,
high_school_geography/test/106,Global-MMLU,Khang,CS-E,TRA,2026-05-18T14:32:57.162Z,2,v2,,
high_school_geography/test/106,Global-MMLU,Ngoc,CS-E,TRA,2026-05-18T17:31:47.363Z,2,v2,,
high_school_geography/test/106,Global-MMLU,Nhu,CS-E,TRA,2026-05-19T15:20:45.436Z,2,v2,,
high_school_geography/test/107,Global-MMLU,Khang,CS-E,TRA,2026-05-18T14:32:57.162Z,2,v2,,
high_school_geography/test/107,Global-MMLU,Ngoc,CS-E,TRA,2026-05-18T17:31:47.363Z,2,v2,,
high_school_geography/test/107,Global-MMLU,Nhu,CS-E,TRA,2026-05-19T15:20:45.436Z,2,v2,,
high_school_geography/test/108,Global-MMLU,Khang,CS-H,TRA,2026-05-18T14:32:57.162Z,2,v2,,
high_school_geography/test/108,Global-MMLU,Ngoc,CS-H,TRA,2026-05-18T17:31:47.363Z,2,v2,,
high_school_geography/test/108,Global-MMLU,Nhu,CS-H,TRA,2026-05-19T15:20:45.436Z,2,v2,,
high_school_geography/test/109,Global-MMLU,Khang,UNK,TRA,2026-05-18T14:32:57.162Z,2,v2,,
high_school_geography/test/109,Global-MMLU,Ngoc,UNK,TRA,2026-05-18T17:31:47.363Z,2,v2,,
high_school_geography/test/109,Global-MMLU,Nhu,CS-L,TRA,2026-05-19T15:20:45.436Z,2,v2,,
high_school_geography/test/110,Global-MMLU,Khang,CA,TRA,2026-05-18T14:32:57.162Z,2,v2,,
high_school_geography/test/110,Global-MMLU,Ngoc,CA,TRA,2026-05-18T17:31:47.363Z,2,v2,,
high_school_geography/test/110,Global-MMLU,Nhu,CA,TRA,2026-05-19T15:20:45.436Z,2,v2,,
high_school_geography/test/111,Global-MMLU,Khang,CS-E,TRA,2026-05-18T14:32:57.162Z,2,v2,,
high_school_geography/test/111,Global-MMLU,Ngoc,CS-E,TRA,2026-05-18T17:31:47.363Z,2,v2,,
high_school_geography/test/111,Global-MMLU,Nhu,CS-E,TRA,2026-05-19T15:20:45.436Z,2,v2,,
high_school_geography/test/112,Global-MMLU,Khang,CS-H,TRA,2026-05-18T14:32:57.162Z,2,v2,,
high_school_geography/test/112,Global-MMLU,Ngoc,CS-H,TRA,2026-05-18T17:31:47.363Z,2,v2,,
high_school_geography/test/112,Global-MMLU,Nhu,CS-H,TRA,2026-05-19T15:20:45.436Z,2,v2,,
high_school_geography/test/113,Global-MMLU,Khang,CA,TRA,2026-05-18T14:32:57.162Z,2,v2,,
high_school_geography/test/113,Global-MMLU,Ngoc,CA,TRA,2026-05-18T17:31:47.363Z,2,v2,,
high_school_geography/test/113,Global-MMLU,Nhu,CA,TRA,2026-05-19T15:20:45.436Z,2,v2,,
high_school_geography/test/114,Global-MMLU,Khang,CS-H,TRA,2026-05-18T14:32:57.162Z,2,v2,,
high_school_geography/test/114,Global-MMLU,Ngoc,CS-H,TRA,2026-05-18T17:31:47.363Z,2,v2,,
high_school_geography/test/114,Global-MMLU,Nhu,CS-H,TRA,2026-05-19T15:20:45.436Z,2,v2,,
high_school_geography/test/115,Global-MMLU,Khang,CS-E,TRA,2026-05-18T14:32:57.162Z,2,v2,,
high_school_geography/test/115,Global-MMLU,Ngoc,CS-E,TRA,2026-05-18T17:31:47.363Z,2,v2,,
high_school_geography/test/115,Global-MMLU,Nhu,CS-E,TRA,2026-05-19T15:20:45.436Z,2,v2,,
high_school_geography/test/116,Global-MMLU,Khang,CS-E,TRA,2026-05-18T14:32:57.162Z,2,v2,,
high_school_geography/test/116,Global-MMLU,Ngoc,CS-E,TRA,2026-05-18T17:31:47.363Z,2,v2,,
high_school_geography/test/116,Global-MMLU,Nhu,CS-E,TRA,2026-05-19T15:20:45.436Z,2,v2,,
high_school_geography/test/117,Global-MMLU,Khang,CS-E,TRA,2026-05-18T14:32:57.162Z,2,v2,,
high_school_geography/test/117,Global-MMLU,Ngoc,CS-E,TRA,2026-05-18T17:31:47.363Z,2,v2,,
high_school_geography/test/117,Global-MMLU,Nhu,CS-E,TRA,2026-05-19T15:20:45.436Z,2,v2,,
high_school_geography/test/118,Global-MMLU,Khang,CS-E,TRA,2026-05-18T14:32:57.162Z,2,v2,,
high_school_geography/test/118,Global-MMLU,Ngoc,CS-E,TRA,2026-05-18T17:31:47.363Z,2,v2,,
high_school_geography/test/118,Global-MMLU,Nhu,CS-E,TRA,2026-05-19T15:20:45.436Z,2,v2,,
high_school_geography/test/119,Global-MMLU,Khang,CS-H,TRA,2026-05-18T14:32:57.162Z,2,v2,,
high_school_geography/test/119,Global-MMLU,Ngoc,CS-H,TRA,2026-05-18T17:31:47.363Z,2,v2,,
high_school_geography/test/119,Global-MMLU,Nhu,CS-H,TRA,2026-05-19T15:20:45.436Z,2,v2,,
high_school_geography/test/120,Global-MMLU,Khang,CS-E,TRA,2026-05-18T14:32:57.162Z,2,v2,,
high_school_geography/test/120,Global-MMLU,Ngoc,CS-E,TRA,2026-05-18T17:31:47.363Z,2,v2,,
high_school_geography/test/120,Global-MMLU,Nhu,CS-E,TRA,2026-05-19T15:20:45.436Z,2,v2,,
high_school_geography/test/121,Global-MMLU,Khang,CS-H,TRA,2026-05-18T14:32:57.162Z,2,v2,,
high_school_geography/test/121,Global-MMLU,Ngoc,CS-H,TRA,2026-05-18T17:31:47.363Z,2,v2,,
high_school_geography/test/121,Global-MMLU,Nhu,CS-H,TRA,2026-05-19T15:20:45.436Z,2,v2,,
high_school_geography/test/122,Global-MMLU,Khang,CS-H,TRA,2026-05-18T14:32:57.162Z,2,v2,,
high_school_geography/test/122,Global-MMLU,Ngoc,CS-H,TRA,2026-05-18T17:31:47.363Z,2,v2,,
high_school_geography/test/122,Global-MMLU,Nhu,CS-H,TRA,2026-05-19T15:20:45.436Z,2,v2,,
high_school_geography/test/123,Global-MMLU,Khang,CA,TRA,2026-05-18T14:32:57.162Z,2,v2,,
high_school_geography/test/123,Global-MMLU,Ngoc,CA,TRA,2026-05-18T17:31:47.363Z,2,v2,,
high_school_geography/test/123,Global-MMLU,Nhu,CA,TRA,2026-05-19T15:20:45.436Z,2,v2,,
high_school_geography/test/124,Global-MMLU,Khang,CS-H,TRA,2026-05-18T14:32:57.162Z,2,v2,,
high_school_geography/test/124,Global-MMLU,Ngoc,CS-H,TRA,2026-05-18T17:31:47.363Z,2,v2,,
high_school_geography/test/124,Global-MMLU,Nhu,CS-H,TRA,2026-05-19T15:20:45.436Z,2,v2,,
high_school_geography/test/125,Global-MMLU,Khang,CS-H,TRA,2026-05-18T14:32:57.162Z,2,v2,,
high_school_geography/test/125,Global-MMLU,Ngoc,CS-E,TRA,2026-05-18T17:31:47.363Z,2,v2,,
high_school_geography/test/125,Global-MMLU,Nhu,CS-H,TRA,2026-05-19T15:20:45.436Z,2,v2,,
high_school_geography/test/126,Global-MMLU,Khang,CS-L,TRA,2026-05-18T14:32:57.162Z,2,v2,,
high_school_geography/test/126,Global-MMLU,Ngoc,CS-H,TRA,2026-05-18T17:31:47.363Z,2,v2,,
high_school_geography/test/126,Global-MMLU,Nhu,CS-L,TRA,2026-05-19T15:20:45.436Z,2,v2,,
high_school_geography/test/127,Global-MMLU,Khang,CS-E,TRA,2026-05-18T14:32:57.162Z,2,v2,,
high_school_geography/test/127,Global-MMLU,Ngoc,CS-E,TRA,2026-05-18T17:31:47.363Z,2,v2,,
high_school_geography/test/127,Global-MMLU,Nhu,CS-E,TRA,2026-05-19T15:20:45.436Z,2,v2,,
high_school_geography/test/128,Global-MMLU,Khang,CA,TRA,2026-05-18T14:32:57.162Z,2,v2,,
high_school_geography/test/128,Global-MMLU,Ngoc,CA,TRA,2026-05-18T17:31:47.363Z,2,v2,,
high_school_geography/test/128,Global-MMLU,Nhu,CA,TRA,2026-05-19T15:20:45.436Z,2,v2,,
high_school_geography/test/129,Global-MMLU,Khang,CA,TRA,2026-05-18T14:32:57.162Z,2,v2,,
high_school_geography/test/129,Global-MMLU,Ngoc,CA,TRA,2026-05-18T17:31:47.363Z,2,v2,,
high_school_geography/test/129,Global-MMLU,Nhu,CA,TRA,2026-05-19T15:20:45.436Z,2,v2,,
high_school_geography/test/130,Global-MMLU,Khang,CS-E,TRA,2026-05-18T14:32:57.162Z,2,v2,,
high_school_geography/test/130,Global-MMLU,Ngoc,CS-E,TRA,2026-05-18T17:31:47.363Z,2,v2,,
high_school_geography/test/130,Global-MMLU,Nhu,CS-E,TRA,2026-05-19T15:20:45.436Z,2,v2,,
high_school_geography/test/131,Global-MMLU,Khang,CS-E,TRA,2026-05-18T14:32:57.162Z,2,v2,,
high_school_geography/test/131,Global-MMLU,Ngoc,CS-E,TRA,2026-05-18T17:31:47.363Z,2,v2,,
high_school_geography/test/131,Global-MMLU,Nhu,CS-E,TRA,2026-05-19T15:20:45.436Z,2,v2,,
high_school_geography/test/132,Global-MMLU,Khang,CA,TRA,2026-05-18T14:32:57.162Z,2,v2,,
high_school_geography/test/132,Global-MMLU,Ngoc,CA,TRA,2026-05-18T17:31:47.363Z,2,v2,,
high_school_geography/test/132,Global-MMLU,Nhu,CA,TRA,2026-05-19T15:20:45.436Z,2,v2,,
high_school_geography/test/133,Global-MMLU,Khang,CA,TRA,2026-05-18T14:32:57.162Z,2,v2,,
high_school_geography/test/133,Global-MMLU,Ngoc,CA,TRA,2026-05-18T17:31:47.363Z,2,v2,,
high_school_geography/test/133,Global-MMLU,Nhu,CA,TRA,2026-05-19T15:20:45.436Z,2,v2,,
high_school_geography/test/134,Global-MMLU,Khang,CS-E,TRA,2026-05-18T14:32:57.162Z,2,v2,,
high_school_geography/test/134,Global-MMLU,Ngoc,CS-H,TRA,2026-05-18T17:31:47.363Z,2,v2,,
high_school_geography/test/134,Global-MMLU,Nhu,CS-E,TRA,2026-05-19T15:20:45.436Z,2,v2,,
high_school_geography/test/135,Global-MMLU,Khang,CS-H,TRA,2026-05-18T14:32:57.162Z,2,v2,,
high_school_geography/test/135,Global-MMLU,Ngoc,CS-H,TRA,2026-05-18T17:31:47.363Z,2,v2,,
high_school_geography/test/135,Global-MMLU,Nhu,CS-H,TRA,2026-05-19T15:20:45.436Z,2,v2,,
high_school_geography/test/136,Global-MMLU,Khang,CA,TRA,2026-05-18T14:32:57.162Z,2,v2,,
high_school_geography/test/136,Global-MMLU,Ngoc,CA,TRA,2026-05-18T17:31:47.363Z,2,v2,,
high_school_geography/test/136,Global-MMLU,Nhu,CA,TRA,2026-05-19T15:20:45.436Z,2,v2,,
high_school_geography/test/137,Global-MMLU,Khang,CA,TRA,2026-05-18T14:32:57.162Z,2,v2,,
high_school_geography/test/137,Global-MMLU,Ngoc,CA,TRA,2026-05-18T17:31:47.363Z,2,v2,,
high_school_geography/test/137,Global-MMLU,Nhu,CA,TRA,2026-05-19T15:20:45.436Z,2,v2,,
high_school_geography/test/138,Global-MMLU,Khang,CA,TRA,2026-05-18T14:32:57.162Z,2,v2,,
high_school_geography/test/138,Global-MMLU,Ngoc,CA,TRA,2026-05-18T17:31:47.363Z,2,v2,,
high_school_geography/test/138,Global-MMLU,Nhu,CA,TRA,2026-05-19T15:20:45.436Z,2,v2,,
high_school_geography/test/139,Global-MMLU,Khang,CA,TRA,2026-05-18T14:32:57.162Z,2,v2,,
high_school_geography/test/139,Global-MMLU,Ngoc,CA,TRA,2026-05-18T17:31:47.363Z,2,v2,,
high_school_geography/test/139,Global-MMLU,Nhu,CA,TRA,2026-05-19T15:20:45.436Z,2,v2,,
high_school_geography/test/140,Global-MMLU,Khang,CS-H,TRA,2026-05-18T14:32:57.162Z,2,v2,,
high_school_geography/test/140,Global-MMLU,Ngoc,CS-H,TRA,2026-05-18T17:31:47.363Z,2,v2,,
high_school_geography/test/140,Global-MMLU,Nhu,CS-H,TRA,2026-05-19T15:20:45.436Z,2,v2,,
high_school_geography/test/141,Global-MMLU,Khang,CA,TRA,2026-05-18T14:32:57.162Z,2,v2,,
high_school_geography/test/141,Global-MMLU,Ngoc,CA,TRA,2026-05-18T17:31:47.363Z,2,v2,,
high_school_geography/test/141,Global-MMLU,Nhu,CA,TRA,2026-05-19T15:20:45.436Z,2,v2,,
high_school_geography/test/142,Global-MMLU,Khang,CS-E,TRA,2026-05-18T14:32:57.162Z,2,v2,,
high_school_geography/test/142,Global-MMLU,Ngoc,CS-E,TRA,2026-05-18T17:31:47.363Z,2,v2,,
high_school_geography/test/142,Global-MMLU,Nhu,CS-E,TRA,2026-05-19T15:20:45.436Z,2,v2,,
high_school_geography/test/143,Global-MMLU,Khang,CA,TRA,2026-05-18T14:32:57.162Z,2,v2,,
high_school_geography/test/143,Global-MMLU,Ngoc,CA,TRA,2026-05-18T17:31:47.363Z,2,v2,,
high_school_geography/test/143,Global-MMLU,Nhu,CA,TRA,2026-05-19T15:20:45.436Z,2,v2,,
high_school_geography/test/144,Global-MMLU,Khang,CA,TRA,2026-05-18T14:32:57.162Z,2,v2,,
high_school_geography/test/144,Global-MMLU,Ngoc,CA,TRA,2026-05-18T17:31:47.363Z,2,v2,,
high_school_geography/test/144,Global-MMLU,Nhu,CA,TRA,2026-05-19T15:20:45.436Z,2,v2,,
high_school_geography/test/145,Global-MMLU,Khang,CA,TRA,2026-05-18T14:32:57.162Z,2,v2,,
high_school_geography/test/145,Global-MMLU,Ngoc,CA,TRA,2026-05-18T17:31:47.363Z,2,v2,,
high_school_geography/test/145,Global-MMLU,Nhu,CA,TRA,2026-05-19T15:20:45.436Z,2,v2,,
high_school_geography/test/146,Global-MMLU,Khang,CA,TRA,2026-05-18T14:32:57.162Z,2,v2,,
high_school_geography/test/146,Global-MMLU,Ngoc,CA,TRA,2026-05-18T17:31:47.363Z,2,v2,,
high_school_geography/test/146,Global-MMLU,Nhu,CA,TRA,2026-05-19T15:20:45.436Z,2,v2,,
high_school_geography/test/147,Global-MMLU,Khang,CA,TRA,2026-05-18T14:32:57.162Z,2,v2,,
high_school_geography/test/147,Global-MMLU,Ngoc,CA,TRA,2026-05-18T17:31:47.363Z,2,v2,,
high_school_geography/test/147,Global-MMLU,Nhu,CA,TRA,2026-05-19T15:20:45.436Z,2,v2,,
high_school_geography/test/148,Global-MMLU,Khang,CS-H,TRA,2026-05-18T14:32:57.162Z,2,v2,,
high_school_geography/test/148,Global-MMLU,Ngoc,CS-H,TRA,2026-05-18T17:31:47.363Z,2,v2,,
high_school_geography/test/148,Global-MMLU,Nhu,CS-H,TRA,2026-05-19T15:20:45.436Z,2,v2,,
high_school_geography/test/149,Global-MMLU,Khang,CA,TRA,2026-05-18T14:32:57.162Z,2,v2,,
high_school_geography/test/149,Global-MMLU,Ngoc,CA,TRA,2026-05-18T17:31:47.363Z,2,v2,,
high_school_geography/test/149,Global-MMLU,Nhu,CA,TRA,2026-05-19T15:20:45.436Z,2,v2,,
high_school_geography/test/150,Global-MMLU,Khang,CS-E,TRA,2026-05-18T14:32:57.162Z,2,v2,,
high_school_geography/test/150,Global-MMLU,Ngoc,CS-E,TRA,2026-05-18T17:31:47.363Z,2,v2,,
high_school_geography/test/150,Global-MMLU,Nhu,CS-E,TRA,2026-05-19T15:20:45.436Z,2,v2,,
high_school_geography/test/151,Global-MMLU,Khang,CS-L,TRA,2026-05-18T14:32:57.162Z,2,v2,,
high_school_geography/test/151,Global-MMLU,Ngoc,CS-H,TRA,2026-05-18T17:31:47.363Z,2,v2,,
high_school_geography/test/151,Global-MMLU,Nhu,CS-L,TRA,2026-05-19T15:20:45.436Z,2,v2,,
high_school_geography/test/152,Global-MMLU,Khang,CS-E,TRA,2026-05-18T14:32:57.162Z,2,v2,,
high_school_geography/test/152,Global-MMLU,Ngoc,CS-H,TRA,2026-05-18T17:31:47.363Z,2,v2,,
high_school_geography/test/152,Global-MMLU,Nhu,CS-H,TRA,2026-05-19T15:20:45.436Z,2,v2,,
high_school_geography/test/153,Global-MMLU,Khang,CS-E,TRA,2026-05-18T14:32:57.162Z,2,v2,,
high_school_geography/test/153,Global-MMLU,Ngoc,CS-E,TRA,2026-05-18T17:31:47.363Z,2,v2,,
high_school_geography/test/153,Global-MMLU,Nhu,CS-E,TRA,2026-05-19T15:20:45.436Z,2,v2,,
high_school_geography/test/154,Global-MMLU,Khang,CA,TRA,2026-05-18T14:32:57.162Z,2,v2,,
high_school_geography/test/154,Global-MMLU,Ngoc,CA,TRA,2026-05-18T17:31:47.363Z,2,v2,,
high_school_geography/test/154,Global-MMLU,Nhu,CA,TRA,2026-05-19T15:20:45.436Z,2,v2,,
high_school_geography/test/155,Global-MMLU,Khang,CS-E,TRA,2026-05-18T14:32:57.162Z,2,v2,,
high_school_geography/test/155,Global-MMLU,Ngoc,CS-H,TRA,2026-05-18T17:31:47.363Z,2,v2,,
high_school_geography/test/155,Global-MMLU,Nhu,CS-E,TRA,2026-05-19T15:20:45.436Z,2,v2,,
high_school_geography/test/156,Global-MMLU,Khang,CA,TRA,2026-05-18T14:32:57.162Z,2,v2,,
high_school_geography/test/156,Global-MMLU,Ngoc,CA,TRA,2026-05-18T17:31:47.363Z,2,v2,,
high_school_geography/test/156,Global-MMLU,Nhu,CA,TRA,2026-05-19T15:20:45.436Z,2,v2,,
high_school_geography/test/157,Global-MMLU,Khang,CS-E,TRA,2026-05-18T14:32:57.162Z,2,v2,,
high_school_geography/test/157,Global-MMLU,Ngoc,CS-E,TRA,2026-05-18T17:31:47.363Z,2,v2,,
high_school_geography/test/157,Global-MMLU,Nhu,CS-E,TRA,2026-05-19T15:20:45.436Z,2,v2,,
high_school_geography/test/158,Global-MMLU,Khang,CA,TRA,2026-05-18T14:32:57.162Z,2,v2,,
high_school_geography/test/158,Global-MMLU,Ngoc,CA,TRA,2026-05-18T17:31:47.363Z,2,v2,,
high_school_geography/test/158,Global-MMLU,Nhu,CA,TRA,2026-05-19T15:20:45.436Z,2,v2,,
high_school_geography/test/159,Global-MMLU,Khang,CS-H,TRA,2026-05-18T14:32:57.162Z,2,v2,,
high_school_geography/test/159,Global-MMLU,Ngoc,CS-H,TRA,2026-05-18T17:31:47.363Z,2,v2,,
high_school_geography/test/159,Global-MMLU,Nhu,CS-H,TRA,2026-05-19T15:20:45.436Z,2,v2,,
high_school_geography/test/160,Global-MMLU,Khang,CA,TRA,2026-05-18T14:32:57.162Z,2,v2,,
high_school_geography/test/160,Global-MMLU,Ngoc,CA,TRA,2026-05-18T17:31:47.363Z,2,v2,,
high_school_geography/test/160,Global-MMLU,Nhu,CA,TRA,2026-05-19T15:20:45.436Z,2,v2,,
high_school_geography/test/161,Global-MMLU,Khang,CS-E,TRA,2026-05-18T14:32:57.162Z,2,v2,,
high_school_geography/test/161,Global-MMLU,Ngoc,CS-E,TRA,2026-05-18T17:31:47.363Z,2,v2,,
high_school_geography/test/161,Global-MMLU,Nhu,CS-E,TRA,2026-05-19T15:20:45.436Z,2,v2,,
high_school_geography/test/162,Global-MMLU,Khang,CA,TRA,2026-05-18T14:32:57.162Z,2,v2,,
high_school_geography/test/162,Global-MMLU,Ngoc,CA,TRA,2026-05-18T17:31:47.363Z,2,v2,,
high_school_geography/test/162,Global-MMLU,Nhu,CA,TRA,2026-05-19T15:20:45.436Z,2,v2,,
high_school_geography/test/163,Global-MMLU,Khang,CS-H,TRA,2026-05-18T14:32:57.162Z,2,v2,,
high_school_geography/test/163,Global-MMLU,Ngoc,CS-H,TRA,2026-05-18T17:31:47.363Z,2,v2,,
high_school_geography/test/163,Global-MMLU,Nhu,CS-H,TRA,2026-05-19T15:20:45.436Z,2,v2,,
high_school_geography/test/164,Global-MMLU,Khang,CA,TRA,2026-05-18T14:32:57.162Z,2,v2,,
high_school_geography/test/164,Global-MMLU,Ngoc,CA,TRA,2026-05-18T17:31:47.363Z,2,v2,,
high_school_geography/test/164,Global-MMLU,Nhu,CA,TRA,2026-05-19T15:20:45.436Z,2,v2,,
high_school_geography/test/165,Global-MMLU,Khang,CA,TRA,2026-05-18T14:32:57.162Z,2,v2,,
high_school_geography/test/165,Global-MMLU,Ngoc,CA,TRA,2026-05-18T17:31:47.363Z,2,v2,,
high_school_geography/test/165,Global-MMLU,Nhu,CA,TRA,2026-05-19T15:20:45.436Z,2,v2,,
high_school_geography/test/166,Global-MMLU,Khang,UNK,TRA,2026-05-18T14:32:57.162Z,2,v2,,
high_school_geography/test/166,Global-MMLU,Ngoc,CA,TRA,2026-05-18T17:31:47.363Z,2,v2,,
high_school_geography/test/166,Global-MMLU,Nhu,CA,TRA,2026-05-19T15:20:45.436Z,2,v2,,
high_school_geography/test/167,Global-MMLU,Khang,CS-H,TRA,2026-05-18T14:32:57.162Z,2,v2,,
high_school_geography/test/167,Global-MMLU,Ngoc,CA,TRA,2026-05-18T17:31:47.363Z,2,v2,,
high_school_geography/test/167,Global-MMLU,Nhu,CS-H,TRA,2026-05-19T15:20:45.436Z,2,v2,,
high_school_geography/test/168,Global-MMLU,Khang,CA,TRA,2026-05-18T14:32:57.162Z,2,v2,,
high_school_geography/test/168,Global-MMLU,Ngoc,CA,TRA,2026-05-18T17:31:47.363Z,2,v2,,
high_school_geography/test/168,Global-MMLU,Nhu,CA,TRA,2026-05-19T15:20:45.436Z,2,v2,,
high_school_geography/test/169,Global-MMLU,Khang,CA,TRA,2026-05-18T14:32:57.162Z,2,v2,,
high_school_geography/test/169,Global-MMLU,Ngoc,CA,TRA,2026-05-18T17:31:47.363Z,2,v2,,
high_school_geography/test/169,Global-MMLU,Nhu,CA,TRA,2026-05-19T15:20:45.436Z,2,v2,,
high_school_geography/test/170,Global-MMLU,Khang,CA,TRA,2026-05-18T14:32:57.162Z,2,v2,,
high_school_geography/test/170,Global-MMLU,Ngoc,CA,TRA,2026-05-18T17:31:47.363Z,2,v2,,
high_school_geography/test/170,Global-MMLU,Nhu,CA,TRA,2026-05-19T15:20:45.436Z,2,v2,,
high_school_geography/test/171,Global-MMLU,Khang,CS-H,TRA,2026-05-18T14:32:57.162Z,2,v2,,
high_school_geography/test/171,Global-MMLU,Ngoc,CS-H,TRA,2026-05-18T17:31:47.363Z,2,v2,,
high_school_geography/test/171,Global-MMLU,Nhu,CS-H,TRA,2026-05-19T15:20:45.436Z,2,v2,,
high_school_geography/test/172,Global-MMLU,Khang,CS-E,TRA,2026-05-18T14:32:57.162Z,2,v2,,
high_school_geography/test/172,Global-MMLU,Ngoc,CS-E,TRA,2026-05-18T17:31:47.363Z,2,v2,,
high_school_geography/test/172,Global-MMLU,Nhu,CS-E,TRA,2026-05-19T15:20:45.436Z,2,v2,,
high_school_geography/test/173,Global-MMLU,Khang,CS-E,TRA,2026-05-18T14:32:57.162Z,2,v2,,
high_school_geography/test/173,Global-MMLU,Ngoc,CS-H,TRA,2026-05-18T17:31:47.363Z,2,v2,,
high_school_geography/test/173,Global-MMLU,Nhu,CS-E,TRA,2026-05-19T15:20:45.436Z,2,v2,,
high_school_geography/test/174,Global-MMLU,Khang,CA,TRA,2026-05-18T14:32:57.162Z,2,v2,,
high_school_geography/test/174,Global-MMLU,Ngoc,CA,TRA,2026-05-18T17:31:47.363Z,2,v2,,
high_school_geography/test/174,Global-MMLU,Nhu,CA,TRA,2026-05-19T15:20:45.436Z,2,v2,,
high_school_geography/test/175,Global-MMLU,Khang,CA,TRA,2026-05-18T14:32:57.162Z,2,v2,,
high_school_geography/test/175,Global-MMLU,Ngoc,CA,TRA,2026-05-18T17:31:47.363Z,2,v2,,
high_school_geography/test/175,Global-MMLU,Nhu,CA,TRA,2026-05-19T15:20:45.436Z,2,v2,,
high_school_geography/test/176,Global-MMLU,Khang,CS-H,TRA,2026-05-18T14:32:57.162Z,2,v2,,
high_school_geography/test/176,Global-MMLU,Ngoc,CS-H,TRA,2026-05-18T17:31:47.363Z,2,v2,,
high_school_geography/test/176,Global-MMLU,Nhu,CS-H,TRA,2026-05-19T15:20:45.436Z,2,v2,,
high_school_geography/test/177,Global-MMLU,Khang,CS-H,TRA,2026-05-18T14:32:57.162Z,2,v2,,
high_school_geography/test/177,Global-MMLU,Ngoc,CS-H,TRA,2026-05-18T17:31:47.363Z,2,v2,,
high_school_geography/test/177,Global-MMLU,Nhu,CS-H,TRA,2026-05-19T15:20:45.436Z,2,v2,,
high_school_geography/test/178,Global-MMLU,Khang,CA,TRA,2026-05-18T14:32:57.162Z,2,v2,,
high_school_geography/test/178,Global-MMLU,Ngoc,CA,TRA,2026-05-18T17:31:47.363Z,2,v2,,
high_school_geography/test/178,Global-MMLU,Nhu,CA,TRA,2026-05-19T15:20:45.436Z,2,v2,,
high_school_geography/test/179,Global-MMLU,Khang,CS-E,TRA,2026-05-18T14:32:57.162Z,2,v2,,
high_school_geography/test/179,Global-MMLU,Ngoc,CS-H,TRA,2026-05-18T17:31:47.363Z,2,v2,,
high_school_geography/test/179,Global-MMLU,Nhu,CS-E,TRA,2026-05-19T15:20:45.436Z,2,v2,,
high_school_geography/test/180,Global-MMLU,Khang,CA,TRA,2026-05-18T14:32:57.162Z,2,v2,,
high_school_geography/test/180,Global-MMLU,Ngoc,CA,TRA,2026-05-18T17:31:47.363Z,2,v2,,
high_school_geography/test/180,Global-MMLU,Nhu,CA,TRA,2026-05-19T15:20:45.436Z,2,v2,,
high_school_geography/test/181,Global-MMLU,Khang,CS-H,TRA,2026-05-18T14:32:57.162Z,2,v2,,
high_school_geography/test/181,Global-MMLU,Ngoc,CS-H,TRA,2026-05-18T17:31:47.363Z,2,v2,,
high_school_geography/test/181,Global-MMLU,Nhu,CS-H,TRA,2026-05-19T15:20:45.436Z,2,v2,,
high_school_geography/test/182,Global-MMLU,Khang,CA,TRA,2026-05-18T14:32:57.162Z,2,v2,,
high_school_geography/test/182,Global-MMLU,Ngoc,CA,TRA,2026-05-18T17:31:47.363Z,2,v2,,
high_school_geography/test/182,Global-MMLU,Nhu,CA,TRA,2026-05-19T15:20:45.436Z,2,v2,,
high_school_geography/test/183,Global-MMLU,Khang,CA,TRA,2026-05-18T14:32:57.162Z,2,v2,,
high_school_geography/test/183,Global-MMLU,Ngoc,CA,TRA,2026-05-18T17:31:47.363Z,2,v2,,
high_school_geography/test/183,Global-MMLU,Nhu,CA,TRA,2026-05-19T15:20:45.436Z,2,v2,,
high_school_geography/test/184,Global-MMLU,Khang,CS-E,TRA,2026-05-18T14:32:57.162Z,2,v2,,
high_school_geography/test/184,Global-MMLU,Ngoc,CS-E,TRA,2026-05-18T17:31:47.363Z,2,v2,,
high_school_geography/test/184,Global-MMLU,Nhu,CS-E,TRA,2026-05-19T15:20:45.436Z,2,v2,,
high_school_geography/test/185,Global-MMLU,Khang,CS-E,TRA,2026-05-18T14:32:57.162Z,2,v2,,
high_school_geography/test/185,Global-MMLU,Ngoc,CS-E,TRA,2026-05-18T17:31:47.363Z,2,v2,,
high_school_geography/test/185,Global-MMLU,Nhu,CS-E,TRA,2026-05-19T15:20:45.436Z,2,v2,,
high_school_geography/test/186,Global-MMLU,Khang,CA,TRA,2026-05-18T14:32:57.162Z,2,v2,,
high_school_geography/test/186,Global-MMLU,Ngoc,CA,TRA,2026-05-18T17:31:47.363Z,2,v2,,
high_school_geography/test/186,Global-MMLU,Nhu,CA,TRA,2026-05-19T15:20:45.436Z,2,v2,,
high_school_geography/test/187,Global-MMLU,Khang,CS-H,TRA,2026-05-18T14:32:57.162Z,2,v2,,
high_school_geography/test/187,Global-MMLU,Ngoc,CS-H,TRA,2026-05-18T17:31:47.363Z,2,v2,,
high_school_geography/test/187,Global-MMLU,Nhu,CS-H,TRA,2026-05-19T15:20:45.436Z,2,v2,,
high_school_geography/test/188,Global-MMLU,Khang,CA,TRA,2026-05-18T14:32:57.162Z,2,v2,,
high_school_geography/test/188,Global-MMLU,Ngoc,CA,TRA,2026-05-18T17:31:47.363Z,2,v2,,
high_school_geography/test/188,Global-MMLU,Nhu,CA,TRA,2026-05-19T15:20:45.436Z,2,v2,,
high_school_geography/test/189,Global-MMLU,Khang,CS-E,TRA,2026-05-18T14:32:57.162Z,2,v2,,
high_school_geography/test/189,Global-MMLU,Ngoc,CS-E,TRA,2026-05-18T17:31:47.363Z,2,v2,,
high_school_geography/test/189,Global-MMLU,Nhu,CS-E,TRA,2026-05-19T15:20:45.436Z,2,v2,,
high_school_geography/test/190,Global-MMLU,Khang,CS-E,TRA,2026-05-18T14:32:57.162Z,2,v2,,
high_school_geography/test/190,Global-MMLU,Ngoc,CS-H,TRA,2026-05-18T17:31:47.363Z,2,v2,,
high_school_geography/test/190,Global-MMLU,Nhu,CS-E,TRA,2026-05-19T15:20:45.436Z,2,v2,,
high_school_geography/test/191,Global-MMLU,Khang,CS-E,TRA,2026-05-18T14:32:57.162Z,2,v2,,
high_school_geography/test/191,Global-MMLU,Ngoc,CA,TRA,2026-05-18T17:31:47.363Z,2,v2,,
high_school_geography/test/191,Global-MMLU,Nhu,CA,TRA,2026-05-19T15:20:45.436Z,2,v2,,
high_school_geography/test/192,Global-MMLU,Khang,CS-E,TRA,2026-05-18T14:32:57.162Z,2,v2,,
high_school_geography/test/192,Global-MMLU,Ngoc,CS-H,TRA,2026-05-18T17:31:47.363Z,2,v2,,
high_school_geography/test/192,Global-MMLU,Nhu,CS-E,TRA,2026-05-19T15:20:45.436Z,2,v2,,
high_school_geography/test/193,Global-MMLU,Khang,CS-H,TRA,2026-05-18T14:32:57.162Z,2,v2,,
high_school_geography/test/193,Global-MMLU,Ngoc,CS-H,TRA,2026-05-18T17:31:47.363Z,2,v2,,
high_school_geography/test/193,Global-MMLU,Nhu,CS-H,TRA,2026-05-19T15:20:45.436Z,2,v2,,
high_school_geography/test/194,Global-MMLU,Khang,CA,TRA,2026-05-18T14:32:57.162Z,2,v2,,
high_school_geography/test/194,Global-MMLU,Ngoc,CS-E,TRA,2026-05-18T17:31:47.363Z,2,v2,,
high_school_geography/test/194,Global-MMLU,Nhu,CS-E,TRA,2026-05-19T15:20:45.436Z,2,v2,,
high_school_geography/test/195,Global-MMLU,Khang,CA,TRA,2026-05-30T16:03:38.393Z,3,v3,,
high_school_geography/test/195,Global-MMLU,Ngoc,CA,TRA,2026-05-31T10:30:45.719Z,3,v3,,
high_school_geography/test/195,Global-MMLU,Nhu,CA,TRA,2026-05-31T23:15:31.793Z,3,v3,,
high_school_geography/test/196,Global-MMLU,Khang,CS-P,TRA,2026-05-30T16:03:38.393Z,3,v3,,
high_school_geography/test/196,Global-MMLU,Ngoc,CS-P,TRA,2026-05-31T10:30:45.719Z,3,v3,,
high_school_geography/test/196,Global-MMLU,Nhu,CS-P,TRA,2026-05-31T23:15:31.793Z,3,v3,,
high_school_geography/test/197,Global-MMLU,Khang,CS-E,TRA,2026-05-30T16:03:38.393Z,3,v3,,
high_school_geography/test/197,Global-MMLU,Ngoc,CS-E,TRA,2026-05-31T10:30:45.719Z,3,v3,,
high_school_geography/test/197,Global-MMLU,Nhu,CS-E,TRA,2026-05-31T23:15:31.793Z,3,v3,,
high_school_government_and_politics/test/0,Global-MMLU,Khang,CS-E,TRA,2026-05-30T16:03:38.393Z,3,v3,,
high_school_government_and_politics/test/0,Global-MMLU,Ngoc,CS-E,TRA,2026-05-31T10:30:45.719Z,3,v3,,
high_school_government_and_politics/test/0,Global-MMLU,Nhu,CS-E,TRA,2026-05-31T23:15:31.793Z,3,v3,,
high_school_government_and_politics/test/1,Global-MMLU,Khang,CS-E,TRA,2026-05-30T16:03:38.393Z,3,v3,,
high_school_government_and_politics/test/1,Global-MMLU,Ngoc,CS-E,TRA,2026-05-31T10:30:45.719Z,3,v3,,
high_school_government_and_politics/test/1,Global-MMLU,Nhu,CS-E,TRA,2026-05-31T23:15:31.793Z,3,v3,,
high_school_government_and_politics/test/2,Global-MMLU,Khang,CA,TRA,2026-05-30T16:03:38.393Z,3,v3,,
high_school_government_and_politics/test/2,Global-MMLU,Ngoc,CA,TRA,2026-05-31T10:30:45.719Z,3,v3,,
high_school_government_and_politics/test/2,Global-MMLU,Nhu,CA,TRA,2026-05-31T23:15:31.793Z,3,v3,,
high_school_government_and_politics/test/3,Global-MMLU,Khang,CS-E,TRA,2026-05-30T16:03:38.393Z,3,v3,,
high_school_government_and_politics/test/3,Global-MMLU,Ngoc,CS-E,TRA,2026-05-31T10:30:45.719Z,3,v3,,
high_school_government_and_politics/test/3,Global-MMLU,Nhu,CS-E,TRA,2026-05-31T23:15:31.793Z,3,v3,,
high_school_government_and_politics/test/4,Global-MMLU,Khang,CS-E,TRA,2026-05-30T16:03:38.393Z,3,v3,,
high_school_government_and_politics/test/4,Global-MMLU,Ngoc,CS-E,TRA,2026-05-31T10:30:45.719Z,3,v3,,
high_school_government_and_politics/test/4,Global-MMLU,Nhu,CS-E,TRA,2026-05-31T23:15:31.793Z,3,v3,,
high_school_government_and_politics/test/5,Global-MMLU,Khang,CS-E,TRA,2026-05-30T16:03:38.393Z,3,v3,,
high_school_government_and_politics/test/5,Global-MMLU,Ngoc,CS-E,TRA,2026-05-31T10:30:45.719Z,3,v3,,
high_school_government_and_politics/test/5,Global-MMLU,Nhu,CS-E,TRA,2026-05-31T23:15:31.793Z,3,v3,,
high_school_government_and_politics/test/6,Global-MMLU,Khang,CS-E,TRA,2026-05-30T16:03:38.393Z,3,v3,,
high_school_government_and_politics/test/6,Global-MMLU,Ngoc,CS-E,TRA,2026-05-31T10:30:45.719Z,3,v3,,
high_school_government_and_politics/test/6,Global-MMLU,Nhu,CS-E,TRA,2026-05-31T23:15:31.793Z,3,v3,,
high_school_government_and_politics/test/7,Global-MMLU,Khang,CA,TRA,2026-05-30T16:03:38.393Z,3,v3,,
high_school_government_and_politics/test/7,Global-MMLU,Ngoc,CA,TRA,2026-05-31T10:30:45.719Z,3,v3,,
high_school_government_and_politics/test/7,Global-MMLU,Nhu,CA,TRA,2026-05-31T23:15:31.793Z,3,v3,,
high_school_government_and_politics/test/8,Global-MMLU,Khang,CA,TRA,2026-05-30T16:03:38.393Z,3,v3,,
high_school_government_and_politics/test/8,Global-MMLU,Ngoc,CA,TRA,2026-05-31T10:30:45.719Z,3,v3,,
high_school_government_and_politics/test/8,Global-MMLU,Nhu,CA,TRA,2026-05-31T23:15:31.793Z,3,v3,,
high_school_government_and_politics/test/9,Global-MMLU,Khang,CS-H,TRA,2026-05-30T16:03:38.393Z,3,v3,,
high_school_government_and_politics/test/9,Global-MMLU,Ngoc,CS-H,TRA,2026-05-31T10:30:45.719Z,3,v3,,
high_school_government_and_politics/test/9,Global-MMLU,Nhu,CS-H,TRA,2026-05-31T23:15:31.793Z,3,v3,,
high_school_government_and_politics/test/10,Global-MMLU,Khang,CS-E,TRA,2026-05-30T16:03:38.393Z,3,v3,,
high_school_government_and_politics/test/10,Global-MMLU,Ngoc,CS-E,TRA,2026-05-31T10:30:45.719Z,3,v3,,
high_school_government_and_politics/test/10,Global-MMLU,Nhu,CS-E,TRA,2026-05-31T23:15:31.793Z,3,v3,,
high_school_government_and_politics/test/11,Global-MMLU,Khang,CS-E,TRA,2026-05-30T16:03:38.393Z,3,v3,,
high_school_government_and_politics/test/11,Global-MMLU,Ngoc,CS-E,TRA,2026-05-31T10:30:45.719Z,3,v3,,
high_school_government_and_politics/test/11,Global-MMLU,Nhu,CS-E,TRA,2026-05-31T23:15:31.793Z,3,v3,,
high_school_government_and_politics/test/12,Global-MMLU,Khang,CS-E,TRA,2026-05-30T16:03:38.393Z,3,v3,,
high_school_government_and_politics/test/12,Global-MMLU,Ngoc,CS-E,TRA,2026-05-31T10:30:45.719Z,3,v3,,
high_school_government_and_politics/test/12,Global-MMLU,Nhu,CS-E,TRA,2026-05-31T23:15:31.793Z,3,v3,,
high_school_government_and_politics/test/13,Global-MMLU,Khang,CS-H,TRA,2026-05-30T16:03:38.393Z,3,v3,,
high_school_government_and_politics/test/13,Global-MMLU,Ngoc,CS-H,TRA,2026-05-31T10:30:45.719Z,3,v3,,
high_school_government_and_politics/test/13,Global-MMLU,Nhu,CS-H,TRA,2026-05-31T23:15:31.793Z,3,v3,,
high_school_government_and_politics/test/14,Global-MMLU,Khang,CS-E,TRA,2026-05-30T16:03:38.393Z,3,v3,,
high_school_government_and_politics/test/14,Global-MMLU,Ngoc,CS-E,TRA,2026-05-31T10:30:45.719Z,3,v3,,
high_school_government_and_politics/test/14,Global-MMLU,Nhu,CS-E,TRA,2026-05-31T23:15:31.793Z,3,v3,,
high_school_government_and_politics/test/15,Global-MMLU,Khang,CS-H,TRA,2026-05-30T16:03:38.393Z,3,v3,,
high_school_government_and_politics/test/15,Global-MMLU,Ngoc,CA,TRA,2026-05-31T10:30:45.719Z,3,v3,,
high_school_government_and_politics/test/15,Global-MMLU,Nhu,CS-H,TRA,2026-05-31T23:15:31.793Z,3,v3,,
high_school_government_and_politics/test/16,Global-MMLU,Khang,CS-H,TRA,2026-05-30T16:03:38.393Z,3,v3,,
high_school_government_and_politics/test/16,Global-MMLU,Ngoc,CS-H,TRA,2026-05-31T10:30:45.719Z,3,v3,,
high_school_government_and_politics/test/16,Global-MMLU,Nhu,CS-H,TRA,2026-05-31T23:15:31.793Z,3,v3,,
high_school_government_and_politics/test/17,Global-MMLU,Khang,CS-H,TRA,2026-05-30T16:03:38.393Z,3,v3,,
high_school_government_and_politics/test/17,Global-MMLU,Ngoc,CS-H,TRA,2026-05-31T10:30:45.719Z,3,v3,,
high_school_government_and_politics/test/17,Global-MMLU,Nhu,CS-H,TRA,2026-05-31T23:15:31.793Z,3,v3,,
high_school_government_and_politics/test/18,Global-MMLU,Khang,CS-E,TRA,2026-05-30T16:03:38.393Z,3,v3,,
high_school_government_and_politics/test/18,Global-MMLU,Ngoc,CS-E,TRA,2026-05-31T10:30:45.719Z,3,v3,,
high_school_government_and_politics/test/18,Global-MMLU,Nhu,CS-E,TRA,2026-05-31T23:15:31.793Z,3,v3,,
high_school_government_and_politics/test/19,Global-MMLU,Khang,CS-E,TRA,2026-05-30T16:03:38.393Z,3,v3,,
high_school_government_and_politics/test/19,Global-MMLU,Ngoc,CS-E,TRA,2026-05-31T10:30:45.719Z,3,v3,,
high_school_government_and_politics/test/19,Global-MMLU,Nhu,CS-E,TRA,2026-05-31T23:15:31.793Z,3,v3,,
high_school_government_and_politics/test/20,Global-MMLU,Khang,CS-E,TRA,2026-05-30T16:03:38.393Z,3,v3,,
high_school_government_and_politics/test/20,Global-MMLU,Ngoc,CS-E,TRA,2026-05-31T10:30:45.719Z,3,v3,,
high_school_government_and_politics/test/20,Global-MMLU,Nhu,CS-E,TRA,2026-05-31T23:15:31.793Z,3,v3,,
high_school_government_and_politics/test/21,Global-MMLU,Khang,CS-E,TRA,2026-05-30T16:03:38.393Z,3,v3,,
high_school_government_and_politics/test/21,Global-MMLU,Ngoc,CS-E,TRA,2026-05-31T10:30:45.719Z,3,v3,,
high_school_government_and_politics/test/21,Global-MMLU,Nhu,CS-E,TRA,2026-05-31T23:15:31.793Z,3,v3,,
high_school_government_and_politics/test/22,Global-MMLU,Khang,CS-H,TRA,2026-05-30T16:03:38.393Z,3,v3,,
high_school_government_and_politics/test/22,Global-MMLU,Ngoc,CS-H,TRA,2026-05-31T10:30:45.719Z,3,v3,,
high_school_government_and_politics/test/22,Global-MMLU,Nhu,CS-H,TRA,2026-05-31T23:15:31.793Z,3,v3,,
high_school_government_and_politics/test/23,Global-MMLU,Khang,CS-H,TRA,2026-05-30T16:03:38.393Z,3,v3,,
high_school_government_and_politics/test/23,Global-MMLU,Ngoc,CS-H,TRA,2026-05-31T10:30:45.719Z,3,v3,,
high_school_government_and_politics/test/23,Global-MMLU,Nhu,CS-H,TRA,2026-05-31T23:15:31.793Z,3,v3,,
high_school_government_and_politics/test/24,Global-MMLU,Khang,CS-H,TRA,2026-05-30T16:03:38.393Z,3,v3,,
high_school_government_and_politics/test/24,Global-MMLU,Ngoc,CS-E,TRA,2026-05-31T10:30:45.719Z,3,v3,,
high_school_government_and_politics/test/24,Global-MMLU,Nhu,CS-H,TRA,2026-05-31T23:15:31.793Z,3,v3,,
high_school_government_and_politics/test/25,Global-MMLU,Khang,CS-E,TRA,2026-05-30T16:03:38.393Z,3,v3,,
high_school_government_and_politics/test/25,Global-MMLU,Ngoc,CS-E,TRA,2026-05-31T10:30:45.719Z,3,v3,,
high_school_government_and_politics/test/25,Global-MMLU,Nhu,CS-E,TRA,2026-05-31T23:15:31.793Z,3,v3,,
high_school_government_and_politics/test/26,Global-MMLU,Khang,CS-E,TRA,2026-05-30T16:03:38.393Z,3,v3,,
high_school_government_and_politics/test/26,Global-MMLU,Ngoc,CS-E,TRA,2026-05-31T10:30:45.719Z,3,v3,,
high_school_government_and_politics/test/26,Global-MMLU,Nhu,CS-E,TRA,2026-05-31T23:15:31.793Z,3,v3,,
high_school_government_and_politics/test/27,Global-MMLU,Khang,CS-H,TRA,2026-05-30T16:03:38.393Z,3,v3,,
high_school_government_and_politics/test/27,Global-MMLU,Ngoc,CS-H,TRA,2026-05-31T10:30:45.719Z,3,v3,,
high_school_government_and_politics/test/27,Global-MMLU,Nhu,CS-H,TRA,2026-05-31T23:15:31.793Z,3,v3,,
high_school_government_and_politics/test/28,Global-MMLU,Khang,CS-E,TRA,2026-05-30T16:03:38.393Z,3,v3,,
high_school_government_and_politics/test/28,Global-MMLU,Ngoc,CS-E,TRA,2026-05-31T10:30:45.719Z,3,v3,,
high_school_government_and_politics/test/28,Global-MMLU,Nhu,CS-E,TRA,2026-05-31T23:15:31.793Z,3,v3,,
high_school_government_and_politics/test/29,Global-MMLU,Khang,CS-E,TRA,2026-05-30T16:03:38.393Z,3,v3,,
high_school_government_and_politics/test/29,Global-MMLU,Ngoc,CS-E,TRA,2026-05-31T10:30:45.719Z,3,v3,,
high_school_government_and_politics/test/29,Global-MMLU,Nhu,CS-E,TRA,2026-05-31T23:15:31.793Z,3,v3,,
high_school_government_and_politics/test/30,Global-MMLU,Khang,CS-E,TRA,2026-05-30T16:03:38.393Z,3,v3,,
high_school_government_and_politics/test/30,Global-MMLU,Ngoc,CS-E,TRA,2026-05-31T10:30:45.719Z,3,v3,,
high_school_government_and_politics/test/30,Global-MMLU,Nhu,CS-E,TRA,2026-05-31T23:15:31.793Z,3,v3,,
high_school_government_and_politics/test/31,Global-MMLU,Khang,CS-E,TRA,2026-05-30T16:03:38.393Z,3,v3,,
high_school_government_and_politics/test/31,Global-MMLU,Ngoc,CS-E,TRA,2026-05-31T10:30:45.719Z,3,v3,,
high_school_government_and_politics/test/31,Global-MMLU,Nhu,CS-E,TRA,2026-05-31T23:15:31.793Z,3,v3,,
high_school_government_and_politics/test/32,Global-MMLU,Khang,CS-H,TRA,2026-05-30T16:03:38.393Z,3,v3,,
high_school_government_and_politics/test/32,Global-MMLU,Ngoc,CS-H,TRA,2026-05-31T10:30:45.719Z,3,v3,,
high_school_government_and_politics/test/32,Global-MMLU,Nhu,CS-H,TRA,2026-05-31T23:15:31.793Z,3,v3,,
high_school_government_and_politics/test/33,Global-MMLU,Khang,CS-E,TRA,2026-05-30T16:03:38.393Z,3,v3,,
high_school_government_and_politics/test/33,Global-MMLU,Ngoc,CS-E,TRA,2026-05-31T10:30:45.719Z,3,v3,,
high_school_government_and_politics/test/33,Global-MMLU,Nhu,CS-E,TRA,2026-05-31T23:15:31.793Z,3,v3,,
high_school_government_and_politics/test/34,Global-MMLU,Khang,CS-E,TRA,2026-05-30T16:03:38.393Z,3,v3,,
high_school_government_and_politics/test/34,Global-MMLU,Ngoc,CS-E,TRA,2026-05-31T10:30:45.719Z,3,v3,,
high_school_government_and_politics/test/34,Global-MMLU,Nhu,CS-E,TRA,2026-05-31T23:15:31.793Z,3,v3,,
high_school_government_and_politics/test/35,Global-MMLU,Khang,CS-E,TRA,2026-05-30T16:03:38.393Z,3,v3,,
high_school_government_and_politics/test/35,Global-MMLU,Ngoc,CS-H,TRA,2026-05-31T10:30:45.719Z,3,v3,,
high_school_government_and_politics/test/35,Global-MMLU,Nhu,CS-E,TRA,2026-05-31T23:15:31.793Z,3,v3,,
high_school_government_and_politics/test/36,Global-MMLU,Khang,CS-H,TRA,2026-05-30T16:03:38.393Z,3,v3,,
high_school_government_and_politics/test/36,Global-MMLU,Ngoc,CS-H,TRA,2026-05-31T10:30:45.719Z,3,v3,,
high_school_government_and_politics/test/36,Global-MMLU,Nhu,CS-H,TRA,2026-05-31T23:15:31.793Z,3,v3,,
high_school_government_and_politics/test/37,Global-MMLU,Khang,CS-H,TRA,2026-05-30T16:03:38.393Z,3,v3,,
high_school_government_and_politics/test/37,Global-MMLU,Ngoc,CS-H,TRA,2026-05-31T10:30:45.719Z,3,v3,,
high_school_government_and_politics/test/37,Global-MMLU,Nhu,CS-H,TRA,2026-05-31T23:15:31.793Z,3,v3,,
high_school_government_and_politics/test/38,Global-MMLU,Khang,CS-E,TRA,2026-05-30T16:03:38.393Z,3,v3,,
high_school_government_and_politics/test/38,Global-MMLU,Ngoc,CS-E,TRA,2026-05-31T10:30:45.719Z,3,v3,,
high_school_government_and_politics/test/38,Global-MMLU,Nhu,CS-E,TRA,2026-05-31T23:15:31.793Z,3,v3,,
high_school_government_and_politics/test/39,Global-MMLU,Khang,CS-E,TRA,2026-05-30T16:03:38.393Z,3,v3,,
high_school_government_and_politics/test/39,Global-MMLU,Ngoc,CS-E,TRA,2026-05-31T10:30:45.719Z,3,v3,,
high_school_government_and_politics/test/39,Global-MMLU,Nhu,CS-E,TRA,2026-05-31T23:15:31.793Z,3,v3,,
high_school_government_and_politics/test/40,Global-MMLU,Khang,CS-E,TRA,2026-05-30T16:03:38.393Z,3,v3,,
high_school_government_and_politics/test/40,Global-MMLU,Ngoc,CS-H,TRA,2026-05-31T10:30:45.719Z,3,v3,,
high_school_government_and_politics/test/40,Global-MMLU,Nhu,CS-E,TRA,2026-05-31T23:15:31.793Z,3,v3,,
high_school_government_and_politics/test/41,Global-MMLU,Khang,CS-E,TRA,2026-05-30T16:03:38.393Z,3,v3,,
high_school_government_and_politics/test/41,Global-MMLU,Ngoc,CS-E,TRA,2026-05-31T10:30:45.719Z,3,v3,,
high_school_government_and_politics/test/41,Global-MMLU,Nhu,CS-E,TRA,2026-05-31T23:15:31.793Z,3,v3,,
high_school_government_and_politics/test/42,Global-MMLU,Khang,CS-E,TRA,2026-05-30T16:03:38.393Z,3,v3,,
high_school_government_and_politics/test/42,Global-MMLU,Ngoc,CS-E,TRA,2026-05-31T10:30:45.719Z,3,v3,,
high_school_government_and_politics/test/42,Global-MMLU,Nhu,CS-E,TRA,2026-05-31T23:15:31.793Z,3,v3,,
high_school_government_and_politics/test/43,Global-MMLU,Khang,CS-E,TRA,2026-05-30T16:03:38.393Z,3,v3,,
high_school_government_and_politics/test/43,Global-MMLU,Ngoc,CS-E,TRA,2026-05-31T10:30:45.719Z,3,v3,,
high_school_government_and_politics/test/43,Global-MMLU,Nhu,CS-E,TRA,2026-05-31T23:15:31.793Z,3,v3,,
high_school_government_and_politics/test/44,Global-MMLU,Khang,CS-H,TRA,2026-05-30T16:03:38.393Z,3,v3,,
high_school_government_and_politics/test/44,Global-MMLU,Ngoc,CS-H,TRA,2026-05-31T10:30:45.719Z,3,v3,,
high_school_government_and_politics/test/44,Global-MMLU,Nhu,CS-H,TRA,2026-05-31T23:15:31.793Z,3,v3,,
high_school_government_and_politics/test/45,Global-MMLU,Khang,CS-E,TRA,2026-05-30T16:03:38.393Z,3,v3,,
high_school_government_and_politics/test/45,Global-MMLU,Ngoc,CS-E,TRA,2026-05-31T10:30:45.719Z,3,v3,,
high_school_government_and_politics/test/45,Global-MMLU,Nhu,CS-E,TRA,2026-05-31T23:15:31.793Z,3,v3,,
high_school_government_and_politics/test/46,Global-MMLU,Khang,CS-E,TRA,2026-05-30T16:03:38.393Z,3,v3,,
high_school_government_and_politics/test/46,Global-MMLU,Ngoc,CS-E,TRA,2026-05-31T10:30:45.719Z,3,v3,,
high_school_government_and_politics/test/46,Global-MMLU,Nhu,CS-E,TRA,2026-05-31T23:15:31.793Z,3,v3,,
high_school_government_and_politics/test/47,Global-MMLU,Khang,CS-H,TRA,2026-05-30T16:03:38.393Z,3,v3,,
high_school_government_and_politics/test/47,Global-MMLU,Ngoc,CS-H,TRA,2026-05-31T10:30:45.719Z,3,v3,,
high_school_government_and_politics/test/47,Global-MMLU,Nhu,CS-H,TRA,2026-05-31T23:15:31.793Z,3,v3,,
high_school_government_and_politics/test/48,Global-MMLU,Khang,CS-E,TRA,2026-05-30T16:03:38.393Z,3,v3,,
high_school_government_and_politics/test/48,Global-MMLU,Ngoc,CS-E,TRA,2026-05-31T10:30:45.719Z,3,v3,,
high_school_government_and_politics/test/48,Global-MMLU,Nhu,CS-E,TRA,2026-05-31T23:15:31.793Z,3,v3,,
high_school_government_and_politics/test/49,Global-MMLU,Khang,CS-E,TRA,2026-05-30T16:03:38.393Z,3,v3,,
high_school_government_and_politics/test/49,Global-MMLU,Ngoc,CS-E,TRA,2026-05-31T10:30:45.719Z,3,v3,,
high_school_government_and_politics/test/49,Global-MMLU,Nhu,CS-E,TRA,2026-05-31T23:15:31.793Z,3,v3,,
high_school_government_and_politics/test/50,Global-MMLU,Khang,CS-E,TRA,2026-05-30T16:03:38.393Z,3,v3,,
high_school_government_and_politics/test/50,Global-MMLU,Ngoc,CS-E,TRA,2026-05-31T10:30:45.719Z,3,v3,,
high_school_government_and_politics/test/50,Global-MMLU,Nhu,CS-E,TRA,2026-05-31T23:15:31.793Z,3,v3,,
high_school_government_and_politics/test/51,Global-MMLU,Khang,CS-E,TRA,2026-05-30T16:03:38.393Z,3,v3,,
high_school_government_and_politics/test/51,Global-MMLU,Ngoc,CS-E,TRA,2026-05-31T10:30:45.719Z,3,v3,,
high_school_government_and_politics/test/51,Global-MMLU,Nhu,CS-E,TRA,2026-05-31T23:15:31.793Z,3,v3,,
high_school_government_and_politics/test/52,Global-MMLU,Khang,CS-E,TRA,2026-05-30T16:03:38.393Z,3,v3,,
high_school_government_and_politics/test/52,Global-MMLU,Ngoc,CS-E,TRA,2026-05-31T10:30:45.719Z,3,v3,,
high_school_government_and_politics/test/52,Global-MMLU,Nhu,CS-E,TRA,2026-05-31T23:15:31.793Z,3,v3,,
high_school_government_and_politics/test/53,Global-MMLU,Khang,CS-E,TRA,2026-05-30T16:03:38.393Z,3,v3,,
high_school_government_and_politics/test/53,Global-MMLU,Ngoc,CS-E,TRA,2026-05-31T10:30:45.719Z,3,v3,,
high_school_government_and_politics/test/53,Global-MMLU,Nhu,CS-E,TRA,2026-05-31T23:15:31.793Z,3,v3,,
high_school_government_and_politics/test/54,Global-MMLU,Khang,CS-E,TRA,2026-05-30T16:03:38.393Z,3,v3,,
high_school_government_and_politics/test/54,Global-MMLU,Ngoc,CS-E,TRA,2026-05-31T10:30:45.719Z,3,v3,,
high_school_government_and_politics/test/54,Global-MMLU,Nhu,CS-E,TRA,2026-05-31T23:15:31.793Z,3,v3,,
high_school_government_and_politics/test/55,Global-MMLU,Khang,CA,TRA,2026-05-30T16:03:38.393Z,3,v3,,
high_school_government_and_politics/test/55,Global-MMLU,Ngoc,CA,TRA,2026-05-31T10:30:45.719Z,3,v3,,
high_school_government_and_politics/test/55,Global-MMLU,Nhu,CA,TRA,2026-05-31T23:15:31.793Z,3,v3,,
high_school_government_and_politics/test/56,Global-MMLU,Khang,CS-E,TRA,2026-05-30T16:03:38.393Z,3,v3,,
high_school_government_and_politics/test/56,Global-MMLU,Ngoc,CS-E,TRA,2026-05-31T10:30:45.719Z,3,v3,,
high_school_government_and_politics/test/56,Global-MMLU,Nhu,CS-E,TRA,2026-05-31T23:15:31.793Z,3,v3,,
high_school_government_and_politics/test/57,Global-MMLU,Khang,CS-E,TRA,2026-05-30T16:03:38.393Z,3,v3,,
high_school_government_and_politics/test/57,Global-MMLU,Ngoc,CS-E,TRA,2026-05-31T10:30:45.719Z,3,v3,,
high_school_government_and_politics/test/57,Global-MMLU,Nhu,CS-E,TRA,2026-05-31T23:15:31.793Z,3,v3,,
high_school_government_and_politics/test/58,Global-MMLU,Khang,CS-E,TRA,2026-05-30T16:03:38.393Z,3,v3,,
high_school_government_and_politics/test/58,Global-MMLU,Ngoc,CS-E,TRA,2026-05-31T10:30:45.719Z,3,v3,,
high_school_government_and_politics/test/58,Global-MMLU,Nhu,CS-E,TRA,2026-05-31T23:15:31.793Z,3,v3,,
high_school_government_and_politics/test/59,Global-MMLU,Khang,CS-H,TRA,2026-05-30T16:03:38.393Z,3,v3,,
high_school_government_and_politics/test/59,Global-MMLU,Ngoc,CS-H,TRA,2026-05-31T10:30:45.719Z,3,v3,,
high_school_government_and_politics/test/59,Global-MMLU,Nhu,CS-H,TRA,2026-05-31T23:15:31.793Z,3,v3,,
high_school_government_and_politics/test/60,Global-MMLU,Khang,CS-E,TRA,2026-05-30T16:03:38.393Z,3,v3,,
high_school_government_and_politics/test/60,Global-MMLU,Ngoc,CS-E,TRA,2026-05-31T10:30:45.719Z,3,v3,,
high_school_government_and_politics/test/60,Global-MMLU,Nhu,CS-E,TRA,2026-05-31T23:15:31.793Z,3,v3,,
high_school_government_and_politics/test/61,Global-MMLU,Khang,CS-E,TRA,2026-05-30T16:03:38.393Z,3,v3,,
high_school_government_and_politics/test/61,Global-MMLU,Ngoc,CS-E,TRA,2026-05-31T10:30:45.719Z,3,v3,,
high_school_government_and_politics/test/61,Global-MMLU,Nhu,CS-E,TRA,2026-05-31T23:15:31.793Z,3,v3,,
high_school_government_and_politics/test/62,Global-MMLU,Khang,CS-E,TRA,2026-05-30T16:03:38.393Z,3,v3,,
high_school_government_and_politics/test/62,Global-MMLU,Ngoc,CS-E,TRA,2026-05-31T10:30:45.719Z,3,v3,,
high_school_government_and_politics/test/62,Global-MMLU,Nhu,CS-E,TRA,2026-05-31T23:15:31.793Z,3,v3,,
high_school_government_and_politics/test/63,Global-MMLU,Khang,CS-E,TRA,2026-05-30T16:03:38.393Z,3,v3,,
high_school_government_and_politics/test/63,Global-MMLU,Ngoc,CS-E,TRA,2026-05-31T10:30:45.719Z,3,v3,,
high_school_government_and_politics/test/63,Global-MMLU,Nhu,CS-E,TRA,2026-05-31T23:15:31.793Z,3,v3,,
high_school_government_and_politics/test/64,Global-MMLU,Khang,CS-H,TRA,2026-05-30T16:03:38.393Z,3,v3,,
high_school_government_and_politics/test/64,Global-MMLU,Ngoc,CS-H,TRA,2026-05-31T10:30:45.719Z,3,v3,,
high_school_government_and_politics/test/64,Global-MMLU,Nhu,CS-H,TRA,2026-05-31T23:15:31.793Z,3,v3,,
high_school_government_and_politics/test/65,Global-MMLU,Khang,CS-H,TRA,2026-05-30T16:03:38.393Z,3,v3,,
high_school_government_and_politics/test/65,Global-MMLU,Ngoc,CS-H,TRA,2026-05-31T10:30:45.719Z,3,v3,,
high_school_government_and_politics/test/65,Global-MMLU,Nhu,CS-H,TRA,2026-05-31T23:15:31.793Z,3,v3,,
high_school_government_and_politics/test/66,Global-MMLU,Khang,CS-E,TRA,2026-05-30T16:03:38.393Z,3,v3,,
high_school_government_and_politics/test/66,Global-MMLU,Ngoc,CS-E,TRA,2026-05-31T10:30:45.719Z,3,v3,,
high_school_government_and_politics/test/66,Global-MMLU,Nhu,CS-E,TRA,2026-05-31T23:15:31.793Z,3,v3,,
high_school_government_and_politics/test/67,Global-MMLU,Khang,CS-E,TRA,2026-05-30T16:03:38.393Z,3,v3,,
high_school_government_and_politics/test/67,Global-MMLU,Ngoc,CS-E,TRA,2026-05-31T10:30:45.719Z,3,v3,,
high_school_government_and_politics/test/67,Global-MMLU,Nhu,CS-E,TRA,2026-05-31T23:15:31.793Z,3,v3,,
high_school_government_and_politics/test/68,Global-MMLU,Khang,CS-E,TRA,2026-05-30T16:03:38.393Z,3,v3,,
high_school_government_and_politics/test/68,Global-MMLU,Ngoc,CS-E,TRA,2026-05-31T10:30:45.719Z,3,v3,,
high_school_government_and_politics/test/68,Global-MMLU,Nhu,CS-E,TRA,2026-05-31T23:15:31.793Z,3,v3,,
high_school_government_and_politics/test/69,Global-MMLU,Khang,CS-E,TRA,2026-05-30T16:03:38.393Z,3,v3,,
high_school_government_and_politics/test/69,Global-MMLU,Ngoc,CS-E,TRA,2026-05-31T10:30:45.719Z,3,v3,,
high_school_government_and_politics/test/69,Global-MMLU,Nhu,CS-E,TRA,2026-05-31T23:15:31.793Z,3,v3,,
high_school_government_and_politics/test/70,Global-MMLU,Khang,CS-H,TRA,2026-05-30T16:03:38.393Z,3,v3,,
high_school_government_and_politics/test/70,Global-MMLU,Ngoc,CS-H,TRA,2026-05-31T10:30:45.719Z,3,v3,,
high_school_government_and_politics/test/70,Global-MMLU,Nhu,CS-H,TRA,2026-05-31T23:15:31.793Z,3,v3,,
high_school_government_and_politics/test/71,Global-MMLU,Khang,CS-E,TRA,2026-05-30T16:03:38.393Z,3,v3,,
high_school_government_and_politics/test/71,Global-MMLU,Ngoc,CS-H,TRA,2026-05-31T10:30:45.719Z,3,v3,,
high_school_government_and_politics/test/71,Global-MMLU,Nhu,CS-E,TRA,2026-05-31T23:15:31.793Z,3,v3,,
high_school_government_and_politics/test/72,Global-MMLU,Khang,CS-E,TRA,2026-05-30T16:03:38.393Z,3,v3,,
high_school_government_and_politics/test/72,Global-MMLU,Ngoc,CS-E,TRA,2026-05-31T10:30:45.719Z,3,v3,,
high_school_government_and_politics/test/72,Global-MMLU,Nhu,CS-E,TRA,2026-05-31T23:15:31.793Z,3,v3,,
high_school_government_and_politics/test/73,Global-MMLU,Khang,CS-E,TRA,2026-05-30T16:03:38.393Z,3,v3,,
high_school_government_and_politics/test/73,Global-MMLU,Ngoc,CS-E,TRA,2026-05-31T10:30:45.719Z,3,v3,,
high_school_government_and_politics/test/73,Global-MMLU,Nhu,CS-E,TRA,2026-05-31T23:15:31.793Z,3,v3,,
high_school_government_and_politics/test/74,Global-MMLU,Khang,CS-E,TRA,2026-05-30T16:03:38.393Z,3,v3,,
high_school_government_and_politics/test/74,Global-MMLU,Ngoc,CS-E,TRA,2026-05-31T10:30:45.719Z,3,v3,,
high_school_government_and_politics/test/74,Global-MMLU,Nhu,CS-E,TRA,2026-05-31T23:15:31.793Z,3,v3,,
high_school_government_and_politics/test/75,Global-MMLU,Khang,CS-E,TRA,2026-05-30T16:03:38.393Z,3,v3,,
high_school_government_and_politics/test/75,Global-MMLU,Ngoc,CS-E,TRA,2026-05-31T10:30:45.719Z,3,v3,,
high_school_government_and_politics/test/75,Global-MMLU,Nhu,CS-E,TRA,2026-05-31T23:15:31.793Z,3,v3,,
high_school_government_and_politics/test/76,Global-MMLU,Khang,CS-H,TRA,2026-05-30T16:03:38.393Z,3,v3,,
high_school_government_and_politics/test/76,Global-MMLU,Ngoc,CS-H,TRA,2026-05-31T10:30:45.719Z,3,v3,,
high_school_government_and_politics/test/76,Global-MMLU,Nhu,CS-H,TRA,2026-05-31T23:15:31.793Z,3,v3,,
high_school_government_and_politics/test/77,Global-MMLU,Khang,CS-H,TRA,2026-05-30T16:03:38.393Z,3,v3,,
high_school_government_and_politics/test/77,Global-MMLU,Ngoc,CS-H,TRA,2026-05-31T10:30:45.719Z,3,v3,,
high_school_government_and_politics/test/77,Global-MMLU,Nhu,CS-H,TRA,2026-05-31T23:15:31.793Z,3,v3,,
high_school_government_and_politics/test/78,Global-MMLU,Khang,CS-E,TRA,2026-05-30T16:03:38.393Z,3,v3,,
high_school_government_and_politics/test/78,Global-MMLU,Ngoc,CS-E,TRA,2026-05-31T10:30:45.719Z,3,v3,,
high_school_government_and_politics/test/78,Global-MMLU,Nhu,CS-E,TRA,2026-05-31T23:15:31.793Z,3,v3,,
high_school_government_and_politics/test/79,Global-MMLU,Khang,CS-E,TRA,2026-05-30T16:03:38.393Z,3,v3,,
high_school_government_and_politics/test/79,Global-MMLU,Ngoc,CS-E,TRA,2026-05-31T10:30:45.719Z,3,v3,,
high_school_government_and_politics/test/79,Global-MMLU,Nhu,CS-E,TRA,2026-05-31T23:15:31.793Z,3,v3,,
high_school_government_and_politics/test/80,Global-MMLU,Khang,CS-E,TRA,2026-05-30T16:03:38.393Z,3,v3,,
high_school_government_and_politics/test/80,Global-MMLU,Ngoc,CS-E,TRA,2026-05-31T10:30:45.719Z,3,v3,,
high_school_government_and_politics/test/80,Global-MMLU,Nhu,CS-E,TRA,2026-05-31T23:15:31.793Z,3,v3,,
high_school_government_and_politics/test/81,Global-MMLU,Khang,CS-H,TRA,2026-05-30T16:03:38.393Z,3,v3,,
high_school_government_and_politics/test/81,Global-MMLU,Ngoc,CS-H,TRA,2026-05-31T10:30:45.719Z,3,v3,,
high_school_government_and_politics/test/81,Global-MMLU,Nhu,CS-H,TRA,2026-05-31T23:15:31.793Z,3,v3,,
high_school_government_and_politics/test/82,Global-MMLU,Khang,CS-H,TRA,2026-05-30T16:03:38.393Z,3,v3,,
high_school_government_and_politics/test/82,Global-MMLU,Ngoc,CS-H,TRA,2026-05-31T10:30:45.719Z,3,v3,,
high_school_government_and_politics/test/82,Global-MMLU,Nhu,CS-H,TRA,2026-05-31T23:15:31.793Z,3,v3,,
high_school_government_and_politics/test/83,Global-MMLU,Khang,CS-E,TRA,2026-05-30T16:03:38.393Z,3,v3,,
high_school_government_and_politics/test/83,Global-MMLU,Ngoc,CS-E,TRA,2026-05-31T10:30:45.719Z,3,v3,,
high_school_government_and_politics/test/83,Global-MMLU,Nhu,CS-E,TRA,2026-05-31T23:15:31.793Z,3,v3,,
high_school_government_and_politics/test/84,Global-MMLU,Khang,CS-H,TRA,2026-05-30T16:03:38.393Z,3,v3,,
high_school_government_and_politics/test/84,Global-MMLU,Ngoc,CS-E,TRA,2026-05-31T10:30:45.719Z,3,v3,,
high_school_government_and_politics/test/84,Global-MMLU,Nhu,CS-H,TRA,2026-05-31T23:15:31.793Z,3,v3,,
high_school_government_and_politics/test/85,Global-MMLU,Khang,CS-E,TRA,2026-05-30T16:03:38.393Z,3,v3,,
high_school_government_and_politics/test/85,Global-MMLU,Ngoc,CS-H,TRA,2026-05-31T10:30:45.719Z,3,v3,,
high_school_government_and_politics/test/85,Global-MMLU,Nhu,CS-E,TRA,2026-05-31T23:15:31.793Z,3,v3,,
high_school_government_and_politics/test/86,Global-MMLU,Khang,CS-H,TRA,2026-05-30T16:03:38.393Z,3,v3,,
high_school_government_and_politics/test/86,Global-MMLU,Ngoc,CS-H,TRA,2026-05-31T10:30:45.719Z,3,v3,,
high_school_government_and_politics/test/86,Global-MMLU,Nhu,CS-H,TRA,2026-05-31T23:15:31.793Z,3,v3,,
high_school_government_and_politics/test/87,Global-MMLU,Khang,CS-E,TRA,2026-05-30T16:03:38.393Z,3,v3,,
high_school_government_and_politics/test/87,Global-MMLU,Ngoc,CS-E,TRA,2026-05-31T10:30:45.719Z,3,v3,,
high_school_government_and_politics/test/87,Global-MMLU,Nhu,CS-E,TRA,2026-05-31T23:15:31.793Z,3,v3,,
high_school_government_and_politics/test/88,Global-MMLU,Khang,CS-E,TRA,2026-05-30T16:03:38.393Z,3,v3,,
high_school_government_and_politics/test/88,Global-MMLU,Ngoc,CS-E,TRA,2026-05-31T10:30:45.719Z,3,v3,,
high_school_government_and_politics/test/88,Global-MMLU,Nhu,CS-E,TRA,2026-05-31T23:15:31.793Z,3,v3,,
high_school_government_and_politics/test/89,Global-MMLU,Khang,CS-E,TRA,2026-05-30T16:03:38.393Z,3,v3,,
high_school_government_and_politics/test/89,Global-MMLU,Ngoc,CS-E,TRA,2026-05-31T10:30:45.719Z,3,v3,,
high_school_government_and_politics/test/89,Global-MMLU,Nhu,CS-E,TRA,2026-05-31T23:15:31.793Z,3,v3,,
high_school_government_and_politics/test/90,Global-MMLU,Khang,CS-E,TRA,2026-05-30T16:03:38.393Z,3,v3,,
high_school_government_and_politics/test/90,Global-MMLU,Ngoc,CS-E,TRA,2026-05-31T10:30:45.719Z,3,v3,,
high_school_government_and_politics/test/90,Global-MMLU,Nhu,CS-E,TRA,2026-05-31T23:15:31.793Z,3,v3,,
high_school_government_and_politics/test/91,Global-MMLU,Khang,CS-E,TRA,2026-05-30T16:03:38.393Z,3,v3,,
high_school_government_and_politics/test/91,Global-MMLU,Ngoc,CS-E,TRA,2026-05-31T10:30:45.719Z,3,v3,,
high_school_government_and_politics/test/91,Global-MMLU,Nhu,CS-E,TRA,2026-05-31T23:15:31.793Z,3,v3,,
high_school_government_and_politics/test/92,Global-MMLU,Khang,CS-E,TRA,2026-05-30T16:03:38.393Z,3,v3,,
high_school_government_and_politics/test/92,Global-MMLU,Ngoc,CS-E,TRA,2026-05-31T10:30:45.719Z,3,v3,,
high_school_government_and_politics/test/92,Global-MMLU,Nhu,CS-E,TRA,2026-05-31T23:15:31.793Z,3,v3,,
high_school_government_and_politics/test/93,Global-MMLU,Khang,CS-E,TRA,2026-05-30T16:03:38.393Z,3,v3,,
high_school_government_and_politics/test/93,Global-MMLU,Ngoc,CS-E,TRA,2026-05-31T10:30:45.719Z,3,v3,,
high_school_government_and_politics/test/93,Global-MMLU,Nhu,CS-E,TRA,2026-05-31T23:15:31.793Z,3,v3,,
high_school_government_and_politics/test/94,Global-MMLU,Khang,CS-E,TRA,2026-05-30T16:03:38.393Z,3,v3,,
high_school_government_and_politics/test/94,Global-MMLU,Ngoc,CS-E,TRA,2026-05-31T10:30:45.719Z,3,v3,,
high_school_government_and_politics/test/94,Global-MMLU,Nhu,CS-E,TRA,2026-05-31T23:15:31.793Z,3,v3,,
high_school_government_and_politics/test/95,Global-MMLU,Khang,CS-E,TRA,2026-05-30T16:03:38.393Z,3,v3,,
high_school_government_and_politics/test/95,Global-MMLU,Ngoc,CS-E,TRA,2026-05-31T10:30:45.719Z,3,v3,,
high_school_government_and_politics/test/95,Global-MMLU,Nhu,CS-E,TRA,2026-05-31T23:15:31.793Z,3,v3,,
high_school_government_and_politics/test/96,Global-MMLU,Khang,CS-H,TRA,2026-05-30T16:03:38.393Z,3,v3,,
high_school_government_and_politics/test/96,Global-MMLU,Ngoc,CS-H,TRA,2026-05-31T10:30:45.719Z,3,v3,,
high_school_government_and_politics/test/96,Global-MMLU,Nhu,CS-H,TRA,2026-05-31T23:15:31.793Z,3,v3,,
high_school_government_and_politics/test/97,Global-MMLU,Khang,CS-E,TRA,2026-05-30T16:03:38.393Z,3,v3,,
high_school_government_and_politics/test/97,Global-MMLU,Ngoc,CS-E,TRA,2026-05-31T10:30:45.719Z,3,v3,,
high_school_government_and_politics/test/97,Global-MMLU,Nhu,CS-E,TRA,2026-05-31T23:15:31.793Z,3,v3,,
high_school_government_and_politics/test/98,Global-MMLU,Khang,CS-E,TRA,2026-05-30T16:03:38.393Z,3,v3,,
high_school_government_and_politics/test/98,Global-MMLU,Ngoc,CS-E,TRA,2026-05-31T10:30:45.719Z,3,v3,,
high_school_government_and_politics/test/98,Global-MMLU,Nhu,CS-E,TRA,2026-05-31T23:15:31.793Z,3,v3,,
high_school_government_and_politics/test/99,Global-MMLU,Khang,CS-H,TRA,2026-05-30T16:03:38.393Z,3,v3,,
high_school_government_and_politics/test/99,Global-MMLU,Ngoc,CS-H,TRA,2026-05-31T10:30:45.719Z,3,v3,,
high_school_government_and_politics/test/99,Global-MMLU,Nhu,CS-H,TRA,2026-05-31T23:15:31.793Z,3,v3,,
high_school_government_and_politics/test/100,Global-MMLU,Khang,UNK,TRA,2026-05-30T16:03:38.393Z,3,v3,,
high_school_government_and_politics/test/100,Global-MMLU,Ngoc,CS-L,TRA,2026-05-31T10:30:45.719Z,3,v3,,
high_school_government_and_politics/test/100,Global-MMLU,Nhu,CS-L,TRA,2026-05-31T23:15:31.793Z,3,v3,,
high_school_government_and_politics/test/101,Global-MMLU,Khang,CS-E,TRA,2026-05-30T16:03:38.393Z,3,v3,,
high_school_government_and_politics/test/101,Global-MMLU,Ngoc,CS-E,TRA,2026-05-31T10:30:45.719Z,3,v3,,
high_school_government_and_politics/test/101,Global-MMLU,Nhu,CS-E,TRA,2026-05-31T23:15:31.793Z,3,v3,,
high_school_government_and_politics/test/102,Global-MMLU,Khang,CS-H,TRA,2026-05-30T16:03:38.393Z,3,v3,,
high_school_government_and_politics/test/102,Global-MMLU,Ngoc,CS-H,TRA,2026-05-31T10:30:45.719Z,3,v3,,
high_school_government_and_politics/test/102,Global-MMLU,Nhu,CS-H,TRA,2026-05-31T23:15:31.793Z,3,v3,,
high_school_government_and_politics/test/103,Global-MMLU,Khang,CS-E,TRA,2026-05-30T16:03:38.393Z,3,v3,,
high_school_government_and_politics/test/103,Global-MMLU,Ngoc,CS-E,TRA,2026-05-31T10:30:45.719Z,3,v3,,
high_school_government_and_politics/test/103,Global-MMLU,Nhu,CS-E,TRA,2026-05-31T23:15:31.793Z,3,v3,,
high_school_government_and_politics/test/104,Global-MMLU,Khang,CS-E,TRA,2026-05-30T16:03:38.393Z,3,v3,,
high_school_government_and_politics/test/104,Global-MMLU,Ngoc,CS-E,TRA,2026-05-31T10:30:45.719Z,3,v3,,
high_school_government_and_politics/test/104,Global-MMLU,Nhu,CS-E,TRA,2026-05-31T23:15:31.793Z,3,v3,,
high_school_government_and_politics/test/105,Global-MMLU,Khang,CS-E,TRA,2026-05-30T16:03:38.393Z,3,v3,,
high_school_government_and_politics/test/105,Global-MMLU,Ngoc,CS-E,TRA,2026-05-31T10:30:45.719Z,3,v3,,
high_school_government_and_politics/test/105,Global-MMLU,Nhu,CS-E,TRA,2026-05-31T23:15:31.793Z,3,v3,,
high_school_government_and_politics/test/106,Global-MMLU,Khang,CS-E,TRA,2026-05-30T16:03:38.393Z,3,v3,,
high_school_government_and_politics/test/106,Global-MMLU,Ngoc,CS-E,TRA,2026-05-31T10:30:45.719Z,3,v3,,
high_school_government_and_politics/test/106,Global-MMLU,Nhu,CS-E,TRA,2026-05-31T23:15:31.793Z,3,v3,,
high_school_government_and_politics/test/107,Global-MMLU,Khang,CS-E,TRA,2026-05-30T16:03:38.393Z,3,v3,,
high_school_government_and_politics/test/107,Global-MMLU,Ngoc,CS-E,TRA,2026-05-31T10:30:45.719Z,3,v3,,
high_school_government_and_politics/test/107,Global-MMLU,Nhu,CS-E,TRA,2026-05-31T23:15:31.793Z,3,v3,,
high_school_government_and_politics/test/108,Global-MMLU,Khang,CS-H,TRA,2026-05-30T16:03:38.393Z,3,v3,,
high_school_government_and_politics/test/108,Global-MMLU,Ngoc,CS-H,TRA,2026-05-31T10:30:45.719Z,3,v3,,
high_school_government_and_politics/test/108,Global-MMLU,Nhu,CS-H,TRA,2026-05-31T23:15:31.793Z,3,v3,,
high_school_government_and_politics/test/109,Global-MMLU,Khang,CS-E,TRA,2026-05-30T16:03:38.393Z,3,v3,,
high_school_government_and_politics/test/109,Global-MMLU,Ngoc,CS-E,TRA,2026-05-31T10:30:45.719Z,3,v3,,
high_school_government_and_politics/test/109,Global-MMLU,Nhu,CS-E,TRA,2026-05-31T23:15:31.793Z,3,v3,,
high_school_government_and_politics/test/110,Global-MMLU,Khang,CS-E,TRA,2026-05-30T16:03:38.393Z,3,v3,,
high_school_government_and_politics/test/110,Global-MMLU,Ngoc,CS-E,TRA,2026-05-31T10:30:45.719Z,3,v3,,
high_school_government_and_politics/test/110,Global-MMLU,Nhu,CS-E,TRA,2026-05-31T23:15:31.793Z,3,v3,,
high_school_government_and_politics/test/111,Global-MMLU,Khang,CS-E,TRA,2026-05-30T16:03:38.393Z,3,v3,,
high_school_government_and_politics/test/111,Global-MMLU,Ngoc,CS-E,TRA,2026-05-31T10:30:45.719Z,3,v3,,
high_school_government_and_politics/test/111,Global-MMLU,Nhu,CS-E,TRA,2026-05-31T23:15:31.793Z,3,v3,,
high_school_government_and_politics/test/112,Global-MMLU,Khang,CS-E,TRA,2026-05-30T16:03:38.393Z,3,v3,,
high_school_government_and_politics/test/112,Global-MMLU,Ngoc,CS-E,TRA,2026-05-31T10:30:45.719Z,3,v3,,
high_school_government_and_politics/test/112,Global-MMLU,Nhu,CS-E,TRA,2026-05-31T23:15:31.793Z,3,v3,,
high_school_government_and_politics/test/113,Global-MMLU,Khang,CS-H,TRA,2026-05-30T16:03:38.393Z,3,v3,,
high_school_government_and_politics/test/113,Global-MMLU,Ngoc,CS-H,TRA,2026-05-31T10:30:45.719Z,3,v3,,
high_school_government_and_politics/test/113,Global-MMLU,Nhu,CS-H,TRA,2026-05-31T23:15:31.793Z,3,v3,,
high_school_government_and_politics/test/114,Global-MMLU,Khang,UNK,TRA,2026-05-30T16:03:38.393Z,3,v3,,
high_school_government_and_politics/test/114,Global-MMLU,Ngoc,CS-L,TRA,2026-05-31T10:30:45.719Z,3,v3,,
high_school_government_and_politics/test/114,Global-MMLU,Nhu,CS-L,TRA,2026-05-31T23:15:31.793Z,3,v3,,
high_school_government_and_politics/test/115,Global-MMLU,Khang,CS-E,TRA,2026-05-30T16:03:38.393Z,3,v3,,
high_school_government_and_politics/test/115,Global-MMLU,Ngoc,CS-E,TRA,2026-05-31T10:30:45.719Z,3,v3,,
high_school_government_and_politics/test/115,Global-MMLU,Nhu,CS-E,TRA,2026-05-31T23:15:31.793Z,3,v3,,
high_school_government_and_politics/test/116,Global-MMLU,Khang,CS-E,TRA,2026-05-30T16:03:38.393Z,3,v3,,
high_school_government_and_politics/test/116,Global-MMLU,Ngoc,CS-E,TRA,2026-05-31T10:30:45.719Z,3,v3,,
high_school_government_and_politics/test/116,Global-MMLU,Nhu,CS-E,TRA,2026-05-31T23:15:31.793Z,3,v3,,
high_school_government_and_politics/test/117,Global-MMLU,Khang,CS-E,TRA,2026-05-30T16:03:38.393Z,3,v3,,
high_school_government_and_politics/test/117,Global-MMLU,Ngoc,CS-E,TRA,2026-05-31T10:30:45.719Z,3,v3,,
high_school_government_and_politics/test/117,Global-MMLU,Nhu,CS-E,TRA,2026-05-31T23:15:31.793Z,3,v3,,
high_school_government_and_politics/test/118,Global-MMLU,Khang,CS-E,TRA,2026-05-30T16:03:38.393Z,3,v3,,
high_school_government_and_politics/test/118,Global-MMLU,Ngoc,CS-E,TRA,2026-05-31T10:30:45.719Z,3,v3,,
high_school_government_and_politics/test/118,Global-MMLU,Nhu,CS-E,TRA,2026-05-31T23:15:31.793Z,3,v3,,
high_school_government_and_politics/test/119,Global-MMLU,Khang,CS-E,TRA,2026-05-30T16:03:38.393Z,3,v3,,
high_school_government_and_politics/test/119,Global-MMLU,Ngoc,CS-E,TRA,2026-05-31T10:30:45.719Z,3,v3,,
high_school_government_and_politics/test/119,Global-MMLU,Nhu,CS-E,TRA,2026-05-31T23:15:31.793Z,3,v3,,
high_school_government_and_politics/test/120,Global-MMLU,Khang,CS-E,TRA,2026-05-30T16:03:38.393Z,3,v3,,
high_school_government_and_politics/test/120,Global-MMLU,Ngoc,CS-E,TRA,2026-05-31T10:30:45.719Z,3,v3,,
high_school_government_and_politics/test/120,Global-MMLU,Nhu,CS-E,TRA,2026-05-31T23:15:31.793Z,3,v3,,
high_school_government_and_politics/test/121,Global-MMLU,Khang,CS-E,TRA,2026-05-30T16:03:38.393Z,3,v3,,
high_school_government_and_politics/test/121,Global-MMLU,Ngoc,CS-E,TRA,2026-05-31T10:30:45.719Z,3,v3,,
high_school_government_and_politics/test/121,Global-MMLU,Nhu,CS-E,TRA,2026-05-31T23:15:31.793Z,3,v3,,
high_school_government_and_politics/test/122,Global-MMLU,Khang,CS-E,TRA,2026-05-30T16:03:38.393Z,3,v3,,
high_school_government_and_politics/test/122,Global-MMLU,Ngoc,CS-E,TRA,2026-05-31T10:30:45.719Z,3,v3,,
high_school_government_and_politics/test/122,Global-MMLU,Nhu,CS-E,TRA,2026-05-31T23:15:31.793Z,3,v3,,
high_school_government_and_politics/test/123,Global-MMLU,Khang,CS-E,TRA,2026-05-30T16:03:38.393Z,3,v3,,
high_school_government_and_politics/test/123,Global-MMLU,Ngoc,CS-E,TRA,2026-05-31T10:30:45.719Z,3,v3,,
high_school_government_and_politics/test/123,Global-MMLU,Nhu,CS-E,TRA,2026-05-31T23:15:31.793Z,3,v3,,
high_school_government_and_politics/test/124,Global-MMLU,Khang,CS-E,TRA,2026-05-30T16:03:38.393Z,3,v3,,
high_school_government_and_politics/test/124,Global-MMLU,Ngoc,CS-E,TRA,2026-05-31T10:30:45.719Z,3,v3,,
high_school_government_and_politics/test/124,Global-MMLU,Nhu,CS-E,TRA,2026-05-31T23:15:31.793Z,3,v3,,
high_school_government_and_politics/test/125,Global-MMLU,Khang,CS-E,TRA,2026-05-30T16:03:38.393Z,3,v3,,
high_school_government_and_politics/test/125,Global-MMLU,Ngoc,CS-E,TRA,2026-05-31T10:30:45.719Z,3,v3,,
high_school_government_and_politics/test/125,Global-MMLU,Nhu,CS-E,TRA,2026-05-31T23:15:31.793Z,3,v3,,
high_school_government_and_politics/test/126,Global-MMLU,Khang,CS-E,TRA,2026-05-30T16:03:38.393Z,3,v3,,
high_school_government_and_politics/test/126,Global-MMLU,Ngoc,CS-E,TRA,2026-05-31T10:30:45.719Z,3,v3,,
high_school_government_and_politics/test/126,Global-MMLU,Nhu,CS-E,TRA,2026-05-31T23:15:31.793Z,3,v3,,
high_school_government_and_politics/test/127,Global-MMLU,Khang,CS-E,TRA,2026-05-30T16:03:38.393Z,3,v3,,
high_school_government_and_politics/test/127,Global-MMLU,Ngoc,CS-E,TRA,2026-05-31T10:30:45.719Z,3,v3,,
high_school_government_and_politics/test/127,Global-MMLU,Nhu,CS-E,TRA,2026-05-31T23:15:31.793Z,3,v3,,
high_school_government_and_politics/test/128,Global-MMLU,Khang,CS-H,TRA,2026-05-30T16:03:38.393Z,3,v3,,
high_school_government_and_politics/test/128,Global-MMLU,Ngoc,CS-H,TRA,2026-05-31T10:30:45.719Z,3,v3,,
high_school_government_and_politics/test/128,Global-MMLU,Nhu,CS-H,TRA,2026-05-31T23:15:31.793Z,3,v3,,
high_school_government_and_politics/test/129,Global-MMLU,Khang,UNK,TRA,2026-05-30T16:03:38.393Z,3,v3,,
high_school_government_and_politics/test/129,Global-MMLU,Ngoc,CS-E,TRA,2026-05-31T10:30:45.719Z,3,v3,,
high_school_government_and_politics/test/129,Global-MMLU,Nhu,CS-L,TRA,2026-05-31T23:15:31.793Z,3,v3,,
high_school_government_and_politics/test/130,Global-MMLU,Khang,CS-E,TRA,2026-05-30T16:03:38.393Z,3,v3,,
high_school_government_and_politics/test/130,Global-MMLU,Ngoc,CS-E,TRA,2026-05-31T10:30:45.719Z,3,v3,,
high_school_government_and_politics/test/130,Global-MMLU,Nhu,CS-E,TRA,2026-05-31T23:15:31.793Z,3,v3,,
high_school_government_and_politics/test/131,Global-MMLU,Khang,CS-E,TRA,2026-05-30T16:03:38.393Z,3,v3,,
high_school_government_and_politics/test/131,Global-MMLU,Ngoc,CS-E,TRA,2026-05-31T10:30:45.719Z,3,v3,,
high_school_government_and_politics/test/131,Global-MMLU,Nhu,CS-E,TRA,2026-05-31T23:15:31.793Z,3,v3,,
high_school_government_and_politics/test/132,Global-MMLU,Khang,CS-E,TRA,2026-05-30T16:03:38.393Z,3,v3,,
high_school_government_and_politics/test/132,Global-MMLU,Ngoc,CS-E,TRA,2026-05-31T10:30:45.719Z,3,v3,,
high_school_government_and_politics/test/132,Global-MMLU,Nhu,CS-E,TRA,2026-05-31T23:15:31.793Z,3,v3,,
high_school_government_and_politics/test/133,Global-MMLU,Khang,CS-E,TRA,2026-05-30T16:03:38.393Z,3,v3,,
high_school_government_and_politics/test/133,Global-MMLU,Ngoc,CS-E,TRA,2026-05-31T10:30:45.719Z,3,v3,,
high_school_government_and_politics/test/133,Global-MMLU,Nhu,CS-E,TRA,2026-05-31T23:15:31.793Z,3,v3,,
high_school_government_and_politics/test/134,Global-MMLU,Khang,CS-E,TRA,2026-05-30T16:03:38.393Z,3,v3,,
high_school_government_and_politics/test/134,Global-MMLU,Ngoc,CS-E,TRA,2026-05-31T10:30:45.719Z,3,v3,,
high_school_government_and_politics/test/134,Global-MMLU,Nhu,CS-E,TRA,2026-05-31T23:15:31.793Z,3,v3,,
high_school_government_and_politics/test/135,Global-MMLU,Khang,CS-E,TRA,2026-05-30T16:03:38.393Z,3,v3,,
high_school_government_and_politics/test/135,Global-MMLU,Ngoc,CS-E,TRA,2026-05-31T10:30:45.719Z,3,v3,,
high_school_government_and_politics/test/135,Global-MMLU,Nhu,CS-E,TRA,2026-05-31T23:15:31.793Z,3,v3,,
high_school_government_and_politics/test/136,Global-MMLU,Khang,CS-E,TRA,2026-05-30T16:03:38.393Z,3,v3,,
high_school_government_and_politics/test/136,Global-MMLU,Ngoc,CS-E,TRA,2026-05-31T10:30:45.719Z,3,v3,,
high_school_government_and_politics/test/136,Global-MMLU,Nhu,CS-E,TRA,2026-05-31T23:15:31.793Z,3,v3,,
high_school_government_and_politics/test/137,Global-MMLU,Khang,CS-E,TRA,2026-05-30T16:03:38.393Z,3,v3,,
high_school_government_and_politics/test/137,Global-MMLU,Ngoc,CS-E,TRA,2026-05-31T10:30:45.719Z,3,v3,,
high_school_government_and_politics/test/137,Global-MMLU,Nhu,CS-E,TRA,2026-05-31T23:15:31.793Z,3,v3,,
high_school_government_and_politics/test/138,Global-MMLU,Khang,CS-E,TRA,2026-05-30T16:03:38.393Z,3,v3,,
high_school_government_and_politics/test/138,Global-MMLU,Ngoc,CS-E,TRA,2026-05-31T10:30:45.719Z,3,v3,,
high_school_government_and_politics/test/138,Global-MMLU,Nhu,CS-E,TRA,2026-05-31T23:15:31.793Z,3,v3,,
high_school_government_and_politics/test/139,Global-MMLU,Khang,CS-E,TRA,2026-05-30T16:03:38.393Z,3,v3,,
high_school_government_and_politics/test/139,Global-MMLU,Ngoc,CS-E,TRA,2026-05-31T10:30:45.719Z,3,v3,,
high_school_government_and_politics/test/139,Global-MMLU,Nhu,CS-E,TRA,2026-05-31T23:15:31.793Z,3,v3,,
high_school_government_and_politics/test/140,Global-MMLU,Khang,CS-E,TRA,2026-05-30T16:03:38.393Z,3,v3,,
high_school_government_and_politics/test/140,Global-MMLU,Ngoc,CS-E,TRA,2026-05-31T10:30:45.719Z,3,v3,,
high_school_government_and_politics/test/140,Global-MMLU,Nhu,CS-E,TRA,2026-05-31T23:15:31.793Z,3,v3,,
high_school_government_and_politics/test/141,Global-MMLU,Khang,CS-E,TRA,2026-05-30T16:03:38.393Z,3,v3,,
high_school_government_and_politics/test/141,Global-MMLU,Ngoc,CS-E,TRA,2026-05-31T10:30:45.719Z,3,v3,,
high_school_government_and_politics/test/141,Global-MMLU,Nhu,CS-E,TRA,2026-05-31T23:15:31.793Z,3,v3,,
high_school_government_and_politics/test/142,Global-MMLU,Khang,CS-E,TRA,2026-05-30T16:03:38.393Z,3,v3,,
high_school_government_and_politics/test/142,Global-MMLU,Ngoc,CS-E,TRA,2026-05-31T10:30:45.719Z,3,v3,,
high_school_government_and_politics/test/142,Global-MMLU,Nhu,CS-E,TRA,2026-05-31T23:15:31.793Z,3,v3,,
high_school_government_and_politics/test/143,Global-MMLU,Khang,CS-H,TRA,2026-05-30T16:03:38.393Z,3,v3,,
high_school_government_and_politics/test/143,Global-MMLU,Ngoc,CS-H,TRA,2026-05-31T10:30:45.719Z,3,v3,,
high_school_government_and_politics/test/143,Global-MMLU,Nhu,CS-H,TRA,2026-05-31T23:15:31.793Z,3,v3,,
high_school_government_and_politics/test/144,Global-MMLU,Khang,CS-E,TRA,2026-05-30T16:03:38.393Z,3,v3,,
high_school_government_and_politics/test/144,Global-MMLU,Ngoc,CS-E,TRA,2026-05-31T10:30:45.719Z,3,v3,,
high_school_government_and_politics/test/144,Global-MMLU,Nhu,CS-E,TRA,2026-05-31T23:15:31.793Z,3,v3,,
high_school_government_and_politics/test/145,Global-MMLU,Khang,CS-H,TRA,2026-05-30T16:03:38.393Z,3,v3,,
high_school_government_and_politics/test/145,Global-MMLU,Ngoc,CS-H,TRA,2026-05-31T10:30:45.719Z,3,v3,,
high_school_government_and_politics/test/145,Global-MMLU,Nhu,CS-H,TRA,2026-05-31T23:15:31.793Z,3,v3,,
high_school_government_and_politics/test/146,Global-MMLU,Khang,CS-E,TRA,2026-05-30T16:03:38.393Z,3,v3,,
high_school_government_and_politics/test/146,Global-MMLU,Ngoc,CS-E,TRA,2026-05-31T10:30:45.719Z,3,v3,,
high_school_government_and_politics/test/146,Global-MMLU,Nhu,CS-E,TRA,2026-05-31T23:15:31.793Z,3,v3,,
high_school_government_and_politics/test/147,Global-MMLU,Khang,CS-E,TRA,2026-05-30T16:03:38.393Z,3,v3,,
high_school_government_and_politics/test/147,Global-MMLU,Ngoc,CS-E,TRA,2026-05-31T10:30:45.719Z,3,v3,,
high_school_government_and_politics/test/147,Global-MMLU,Nhu,CS-E,TRA,2026-05-31T23:15:31.793Z,3,v3,,
high_school_government_and_politics/test/148,Global-MMLU,Khang,CS-E,TRA,2026-05-30T16:03:38.393Z,3,v3,,
high_school_government_and_politics/test/148,Global-MMLU,Ngoc,CS-E,TRA,2026-05-31T10:30:45.719Z,3,v3,,
high_school_government_and_politics/test/148,Global-MMLU,Nhu,CS-E,TRA,2026-05-31T23:15:31.793Z,3,v3,,
high_school_government_and_politics/test/149,Global-MMLU,Khang,CS-H,TRA,2026-05-30T16:03:38.393Z,3,v3,,
high_school_government_and_politics/test/149,Global-MMLU,Ngoc,CS-H,TRA,2026-05-31T10:30:45.719Z,3,v3,,
high_school_government_and_politics/test/149,Global-MMLU,Nhu,CS-H,TRA,2026-05-31T23:15:31.793Z,3,v3,,
high_school_government_and_politics/test/150,Global-MMLU,Khang,CS-E,TRA,2026-05-30T16:03:38.393Z,3,v3,,
high_school_government_and_politics/test/150,Global-MMLU,Ngoc,CS-E,TRA,2026-05-31T10:30:45.719Z,3,v3,,
high_school_government_and_politics/test/150,Global-MMLU,Nhu,CS-E,TRA,2026-05-31T23:15:31.793Z,3,v3,,
high_school_government_and_politics/test/151,Global-MMLU,Khang,CS-E,TRA,2026-05-30T16:03:38.393Z,3,v3,,
high_school_government_and_politics/test/151,Global-MMLU,Ngoc,CS-E,TRA,2026-05-31T10:30:45.719Z,3,v3,,
high_school_government_and_politics/test/151,Global-MMLU,Nhu,CS-E,TRA,2026-05-31T23:15:31.793Z,3,v3,,
high_school_government_and_politics/test/152,Global-MMLU,Khang,CS-H,TRA,2026-05-30T16:03:38.393Z,3,v3,,
high_school_government_and_politics/test/152,Global-MMLU,Ngoc,CS-H,TRA,2026-05-31T10:30:45.719Z,3,v3,,
high_school_government_and_politics/test/152,Global-MMLU,Nhu,CS-H,TRA,2026-05-31T23:15:31.793Z,3,v3,,
high_school_government_and_politics/test/153,Global-MMLU,Khang,CS-E,TRA,2026-05-30T16:03:38.393Z,3,v3,,
high_school_government_and_politics/test/153,Global-MMLU,Ngoc,CS-E,TRA,2026-05-31T10:30:45.719Z,3,v3,,
high_school_government_and_politics/test/153,Global-MMLU,Nhu,CS-E,TRA,2026-05-31T23:15:31.793Z,3,v3,,
high_school_government_and_politics/test/154,Global-MMLU,Khang,CS-H,TRA,2026-05-30T16:03:38.393Z,3,v3,,
high_school_government_and_politics/test/154,Global-MMLU,Ngoc,CS-H,TRA,2026-05-31T10:30:45.719Z,3,v3,,
high_school_government_and_politics/test/154,Global-MMLU,Nhu,CS-H,TRA,2026-05-31T23:15:31.793Z,3,v3,,
high_school_government_and_politics/test/155,Global-MMLU,Khang,CS-E,TRA,2026-05-30T16:03:38.393Z,3,v3,,
high_school_government_and_politics/test/155,Global-MMLU,Ngoc,CS-E,TRA,2026-05-31T10:30:45.719Z,3,v3,,
high_school_government_and_politics/test/155,Global-MMLU,Nhu,CS-E,TRA,2026-05-31T23:15:31.793Z,3,v3,,
high_school_government_and_politics/test/156,Global-MMLU,Khang,CS-E,TRA,2026-05-30T16:03:38.393Z,3,v3,,
high_school_government_and_politics/test/156,Global-MMLU,Ngoc,CS-E,TRA,2026-05-31T10:30:45.719Z,3,v3,,
high_school_government_and_politics/test/156,Global-MMLU,Nhu,CS-E,TRA,2026-05-31T23:15:31.793Z,3,v3,,
high_school_government_and_politics/test/157,Global-MMLU,Khang,CS-E,TRA,2026-05-30T16:03:38.393Z,3,v3,,
high_school_government_and_politics/test/157,Global-MMLU,Ngoc,CS-E,TRA,2026-05-31T10:30:45.719Z,3,v3,,
high_school_government_and_politics/test/157,Global-MMLU,Nhu,CS-E,TRA,2026-05-31T23:15:31.793Z,3,v3,,
high_school_government_and_politics/test/158,Global-MMLU,Khang,CS-H,TRA,2026-05-30T16:03:38.393Z,3,v3,,
high_school_government_and_politics/test/158,Global-MMLU,Ngoc,CS-H,TRA,2026-05-31T10:30:45.719Z,3,v3,,
high_school_government_and_politics/test/158,Global-MMLU,Nhu,CS-H,TRA,2026-05-31T23:15:31.793Z,3,v3,,
high_school_government_and_politics/test/159,Global-MMLU,Khang,CS-E,TRA,2026-05-30T16:03:38.393Z,3,v3,,
high_school_government_and_politics/test/159,Global-MMLU,Ngoc,CS-E,TRA,2026-05-31T10:30:45.719Z,3,v3,,
high_school_government_and_politics/test/159,Global-MMLU,Nhu,CS-E,TRA,2026-05-31T23:15:31.793Z,3,v3,,
high_school_government_and_politics/test/160,Global-MMLU,Khang,CS-E,TRA,2026-05-30T16:03:38.393Z,3,v3,,
high_school_government_and_politics/test/160,Global-MMLU,Ngoc,CS-E,TRA,2026-05-31T10:30:45.719Z,3,v3,,
high_school_government_and_politics/test/160,Global-MMLU,Nhu,CS-E,TRA,2026-05-31T23:15:31.793Z,3,v3,,
high_school_government_and_politics/test/161,Global-MMLU,Khang,CS-H,TRA,2026-05-30T16:03:38.393Z,3,v3,,
high_school_government_and_politics/test/161,Global-MMLU,Ngoc,CS-H,TRA,2026-05-31T10:30:45.719Z,3,v3,,
high_school_government_and_politics/test/161,Global-MMLU,Nhu,CS-H,TRA,2026-05-31T23:15:31.793Z,3,v3,,
high_school_government_and_politics/test/162,Global-MMLU,Khang,CS-E,TRA,2026-05-30T16:03:38.393Z,3,v3,,
high_school_government_and_politics/test/162,Global-MMLU,Ngoc,CS-E,TRA,2026-05-31T10:30:45.719Z,3,v3,,
high_school_government_and_politics/test/162,Global-MMLU,Nhu,CS-E,TRA,2026-05-31T23:15:31.793Z,3,v3,,
high_school_government_and_politics/test/163,Global-MMLU,Khang,CS-E,TRA,2026-05-30T16:03:38.393Z,3,v3,,
high_school_government_and_politics/test/163,Global-MMLU,Ngoc,CS-E,TRA,2026-05-31T10:30:45.719Z,3,v3,,
high_school_government_and_politics/test/163,Global-MMLU,Nhu,CS-E,TRA,2026-05-31T23:15:31.793Z,3,v3,,
high_school_government_and_politics/test/164,Global-MMLU,Khang,CS-E,TRA,2026-05-30T16:03:38.393Z,3,v3,,
high_school_government_and_politics/test/164,Global-MMLU,Ngoc,CS-E,TRA,2026-05-31T10:30:45.719Z,3,v3,,
high_school_government_and_politics/test/164,Global-MMLU,Nhu,CS-E,TRA,2026-05-31T23:15:31.793Z,3,v3,,
high_school_government_and_politics/test/165,Global-MMLU,Khang,CS-E,TRA,2026-05-30T16:03:38.393Z,3,v3,,
high_school_government_and_politics/test/165,Global-MMLU,Ngoc,CS-E,TRA,2026-05-31T10:30:45.719Z,3,v3,,
high_school_government_and_politics/test/165,Global-MMLU,Nhu,CS-E,TRA,2026-05-31T23:15:31.793Z,3,v3,,
high_school_government_and_politics/test/166,Global-MMLU,Khang,CS-H,TRA,2026-05-30T16:03:38.393Z,3,v3,,
high_school_government_and_politics/test/166,Global-MMLU,Ngoc,CS-H,TRA,2026-05-31T10:30:45.719Z,3,v3,,
high_school_government_and_politics/test/166,Global-MMLU,Nhu,CS-H,TRA,2026-05-31T23:15:31.793Z,3,v3,,
high_school_government_and_politics/test/167,Global-MMLU,Khang,CS-E,TRA,2026-05-30T16:03:38.393Z,3,v3,,
high_school_government_and_politics/test/167,Global-MMLU,Ngoc,CS-E,TRA,2026-05-31T10:30:45.719Z,3,v3,,
high_school_government_and_politics/test/167,Global-MMLU,Nhu,CS-E,TRA,2026-05-31T23:15:31.793Z,3,v3,,
high_school_government_and_politics/test/168,Global-MMLU,Khang,CS-E,TRA,2026-05-30T16:03:38.393Z,3,v3,,
high_school_government_and_politics/test/168,Global-MMLU,Ngoc,CS-E,TRA,2026-05-31T10:30:45.719Z,3,v3,,
high_school_government_and_politics/test/168,Global-MMLU,Nhu,CS-E,TRA,2026-05-31T23:15:31.793Z,3,v3,,
high_school_government_and_politics/test/169,Global-MMLU,Khang,CS-E,TRA,2026-05-30T16:03:38.393Z,3,v3,,
high_school_government_and_politics/test/169,Global-MMLU,Ngoc,CS-E,TRA,2026-05-31T10:30:45.719Z,3,v3,,
high_school_government_and_politics/test/169,Global-MMLU,Nhu,CS-E,TRA,2026-05-31T23:15:31.793Z,3,v3,,
high_school_government_and_politics/test/170,Global-MMLU,Khang,CS-E,TRA,2026-05-30T16:03:38.393Z,3,v3,,
high_school_government_and_politics/test/170,Global-MMLU,Ngoc,CS-E,TRA,2026-05-31T10:30:45.719Z,3,v3,,
high_school_government_and_politics/test/170,Global-MMLU,Nhu,CS-E,TRA,2026-05-31T23:15:31.793Z,3,v3,,
high_school_government_and_politics/test/171,Global-MMLU,Khang,CS-E,TRA,2026-05-30T16:03:38.393Z,3,v3,,
high_school_government_and_politics/test/171,Global-MMLU,Ngoc,CS-E,TRA,2026-05-31T10:30:45.719Z,3,v3,,
high_school_government_and_politics/test/171,Global-MMLU,Nhu,CS-E,TRA,2026-05-31T23:15:31.793Z,3,v3,,
high_school_government_and_politics/test/172,Global-MMLU,Khang,CS-E,TRA,2026-05-30T16:03:38.393Z,3,v3,,
high_school_government_and_politics/test/172,Global-MMLU,Ngoc,CS-E,TRA,2026-05-31T10:30:45.719Z,3,v3,,
high_school_government_and_politics/test/172,Global-MMLU,Nhu,CS-E,TRA,2026-05-31T23:15:31.793Z,3,v3,,
high_school_government_and_politics/test/173,Global-MMLU,Khang,CS-E,TRA,2026-05-30T16:03:38.393Z,3,v3,,
high_school_government_and_politics/test/173,Global-MMLU,Ngoc,CS-E,TRA,2026-05-31T10:30:45.719Z,3,v3,,
high_school_government_and_politics/test/173,Global-MMLU,Nhu,CS-E,TRA,2026-05-31T23:15:31.793Z,3,v3,,
high_school_government_and_politics/test/174,Global-MMLU,Khang,CS-E,TRA,2026-05-30T16:03:38.393Z,3,v3,,
high_school_government_and_politics/test/174,Global-MMLU,Ngoc,CS-E,TRA,2026-05-31T10:30:45.719Z,3,v3,,
high_school_government_and_politics/test/174,Global-MMLU,Nhu,CS-E,TRA,2026-05-31T23:15:31.793Z,3,v3,,
high_school_government_and_politics/test/175,Global-MMLU,Khang,CS-E,TRA,2026-05-30T16:03:38.393Z,3,v3,,
high_school_government_and_politics/test/175,Global-MMLU,Ngoc,CS-E,TRA,2026-05-31T10:30:45.719Z,3,v3,,
high_school_government_and_politics/test/175,Global-MMLU,Nhu,CS-E,TRA,2026-05-31T23:15:31.793Z,3,v3,,
high_school_government_and_politics/test/176,Global-MMLU,Khang,CS-E,TRA,2026-05-30T16:03:38.393Z,3,v3,,
high_school_government_and_politics/test/176,Global-MMLU,Ngoc,CS-E,TRA,2026-05-31T10:30:45.719Z,3,v3,,
high_school_government_and_politics/test/176,Global-MMLU,Nhu,CS-E,TRA,2026-05-31T23:15:31.793Z,3,v3,,
high_school_government_and_politics/test/177,Global-MMLU,Khang,CS-E,TRA,2026-05-30T16:03:38.393Z,3,v3,,
high_school_government_and_politics/test/177,Global-MMLU,Ngoc,CS-E,TRA,2026-05-31T10:30:45.719Z,3,v3,,
high_school_government_and_politics/test/177,Global-MMLU,Nhu,CS-E,TRA,2026-05-31T23:15:31.793Z,3,v3,,
high_school_government_and_politics/test/178,Global-MMLU,Khang,CS-E,TRA,2026-05-30T16:03:38.393Z,3,v3,,
high_school_government_and_politics/test/178,Global-MMLU,Ngoc,CS-E,TRA,2026-05-31T10:30:45.719Z,3,v3,,
high_school_government_and_politics/test/178,Global-MMLU,Nhu,CS-E,TRA,2026-05-31T23:15:31.793Z,3,v3,,
high_school_government_and_politics/test/179,Global-MMLU,Khang,CS-E,TRA,2026-05-30T16:03:38.393Z,3,v3,,
high_school_government_and_politics/test/179,Global-MMLU,Ngoc,CS-E,TRA,2026-05-31T10:30:45.719Z,3,v3,,
high_school_government_and_politics/test/179,Global-MMLU,Nhu,CS-E,TRA,2026-05-31T23:15:31.793Z,3,v3,,
high_school_government_and_politics/test/180,Global-MMLU,Khang,CS-E,TRA,2026-05-30T16:03:38.393Z,3,v3,,
high_school_government_and_politics/test/180,Global-MMLU,Ngoc,CS-E,TRA,2026-05-31T10:30:45.719Z,3,v3,,
high_school_government_and_politics/test/180,Global-MMLU,Nhu,CS-E,TRA,2026-05-31T23:15:31.793Z,3,v3,,
high_school_government_and_politics/test/181,Global-MMLU,Khang,CS-E,TRA,2026-05-30T16:03:38.393Z,3,v3,,
high_school_government_and_politics/test/181,Global-MMLU,Ngoc,CS-E,TRA,2026-05-31T10:30:45.719Z,3,v3,,
high_school_government_and_politics/test/181,Global-MMLU,Nhu,CS-E,TRA,2026-05-31T23:15:31.793Z,3,v3,,
high_school_government_and_politics/test/182,Global-MMLU,Khang,CS-H,TRA,2026-05-30T16:03:38.393Z,3,v3,,
high_school_government_and_politics/test/182,Global-MMLU,Ngoc,CS-H,TRA,2026-05-31T10:30:45.719Z,3,v3,,
high_school_government_and_politics/test/182,Global-MMLU,Nhu,CS-H,TRA,2026-05-31T23:15:31.793Z,3,v3,,
high_school_government_and_politics/test/183,Global-MMLU,Khang,CS-E,TRA,2026-05-30T16:03:38.393Z,3,v3,,
high_school_government_and_politics/test/183,Global-MMLU,Ngoc,CS-E,TRA,2026-05-31T10:30:45.719Z,3,v3,,
high_school_government_and_politics/test/183,Global-MMLU,Nhu,CS-E,TRA,2026-05-31T23:15:31.793Z,3,v3,,
high_school_government_and_politics/test/184,Global-MMLU,Khang,CS-E,TRA,2026-05-30T16:03:38.393Z,3,v3,,
high_school_government_and_politics/test/184,Global-MMLU,Ngoc,CS-E,TRA,2026-05-31T10:30:45.719Z,3,v3,,
high_school_government_and_politics/test/184,Global-MMLU,Nhu,CS-E,TRA,2026-05-31T23:15:31.793Z,3,v3,,
high_school_government_and_politics/test/185,Global-MMLU,Khang,CS-E,TRA,2026-05-30T16:03:38.393Z,3,v3,,
high_school_government_and_politics/test/185,Global-MMLU,Ngoc,CS-E,TRA,2026-05-31T10:30:45.719Z,3,v3,,
high_school_government_and_politics/test/185,Global-MMLU,Nhu,CS-E,TRA,2026-05-31T23:15:31.793Z,3,v3,,
high_school_government_and_politics/test/186,Global-MMLU,Khang,CS-E,TRA,2026-05-30T16:03:38.393Z,3,v3,,
high_school_government_and_politics/test/186,Global-MMLU,Ngoc,CS-E,TRA,2026-05-31T10:30:45.719Z,3,v3,,
high_school_government_and_politics/test/186,Global-MMLU,Nhu,CS-E,TRA,2026-05-31T23:15:31.793Z,3,v3,,
high_school_government_and_politics/test/187,Global-MMLU,Khang,CS-E,TRA,2026-05-30T16:03:38.393Z,3,v3,,
high_school_government_and_politics/test/187,Global-MMLU,Ngoc,CS-E,TRA,2026-05-31T10:30:45.719Z,3,v3,,
high_school_government_and_politics/test/187,Global-MMLU,Nhu,CS-E,TRA,2026-05-31T23:15:31.793Z,3,v3,,
high_school_government_and_politics/test/188,Global-MMLU,Khang,CS-H,TRA,2026-05-30T16:03:38.393Z,3,v3,,
high_school_government_and_politics/test/188,Global-MMLU,Ngoc,CS-H,TRA,2026-05-31T10:30:45.719Z,3,v3,,
high_school_government_and_politics/test/188,Global-MMLU,Nhu,CS-H,TRA,2026-05-31T23:15:31.793Z,3,v3,,
high_school_government_and_politics/test/189,Global-MMLU,Khang,CS-H,TRA,2026-05-30T16:03:38.393Z,3,v3,,
high_school_government_and_politics/test/189,Global-MMLU,Ngoc,CS-H,TRA,2026-05-31T10:30:45.719Z,3,v3,,
high_school_government_and_politics/test/189,Global-MMLU,Nhu,CS-H,TRA,2026-05-31T23:15:31.793Z,3,v3,,
high_school_government_and_politics/test/190,Global-MMLU,Khang,UNK,TRA,2026-05-30T16:03:38.393Z,3,v3,,
high_school_government_and_politics/test/190,Global-MMLU,Ngoc,CS-L,TRA,2026-05-31T10:30:45.719Z,3,v3,,
high_school_government_and_politics/test/190,Global-MMLU,Nhu,CS-L,TRA,2026-05-31T23:15:31.793Z,3,v3,,
high_school_government_and_politics/test/191,Global-MMLU,Khang,CS-E,TRA,2026-05-30T16:03:38.393Z,3,v3,,
high_school_government_and_politics/test/191,Global-MMLU,Ngoc,CS-E,TRA,2026-05-31T10:30:45.719Z,3,v3,,
high_school_government_and_politics/test/191,Global-MMLU,Nhu,CS-E,TRA,2026-05-31T23:15:31.793Z,3,v3,,
high_school_government_and_politics/test/192,Global-MMLU,Khang,CS-H,TRA,2026-05-30T16:03:38.393Z,3,v3,,
high_school_government_and_politics/test/192,Global-MMLU,Ngoc,CS-H,TRA,2026-05-31T10:30:45.719Z,3,v3,,
high_school_government_and_politics/test/192,Global-MMLU,Nhu,CS-H,TRA,2026-05-31T23:15:31.793Z,3,v3,,
high_school_macroeconomics/test/0,Global-MMLU,Khang,CS-E,TRA,2026-05-30T16:03:38.393Z,3,v3,,
high_school_macroeconomics/test/0,Global-MMLU,Ngoc,CS-E,TRA,2026-05-31T10:30:45.719Z,3,v3,,
high_school_macroeconomics/test/0,Global-MMLU,Nhu,CS-E,TRA,2026-05-31T23:15:31.793Z,3,v3,,
high_school_macroeconomics/test/1,Global-MMLU,Khang,CS-H,TRA,2026-05-30T16:03:38.393Z,3,v3,,
high_school_macroeconomics/test/1,Global-MMLU,Ngoc,CS-H,TRA,2026-05-31T10:30:45.719Z,3,v3,,
high_school_macroeconomics/test/1,Global-MMLU,Nhu,CS-H,TRA,2026-05-31T23:15:31.793Z,3,v3,,
high_school_macroeconomics/test/2,Global-MMLU,Khang,CA,TRA,2026-05-30T16:03:38.393Z,3,v3,,
high_school_macroeconomics/test/2,Global-MMLU,Ngoc,CA,TRA,2026-05-31T10:30:45.719Z,3,v3,,
high_school_macroeconomics/test/2,Global-MMLU,Nhu,CA,TRA,2026-05-31T23:15:31.793Z,3,v3,,
high_school_macroeconomics/test/3,Global-MMLU,Khang,CA,TRA,2026-05-30T16:03:38.393Z,3,v3,,
high_school_macroeconomics/test/3,Global-MMLU,Ngoc,CA,TRA,2026-05-31T10:30:45.719Z,3,v3,,
high_school_macroeconomics/test/3,Global-MMLU,Nhu,CA,TRA,2026-05-31T23:15:31.793Z,3,v3,,
high_school_macroeconomics/test/4,Global-MMLU,Khang,CA,TRA,2026-05-30T16:03:38.393Z,3,v3,,
high_school_macroeconomics/test/4,Global-MMLU,Ngoc,CA,TRA,2026-05-31T10:30:45.719Z,3,v3,,
high_school_macroeconomics/test/4,Global-MMLU,Nhu,CA,TRA,2026-05-31T23:15:31.793Z,3,v3,,
high_school_macroeconomics/test/5,Global-MMLU,Khang,CA,TRA,2026-05-30T16:03:38.393Z,3,v3,,
high_school_macroeconomics/test/5,Global-MMLU,Ngoc,CA,TRA,2026-05-31T10:30:45.719Z,3,v3,,
high_school_macroeconomics/test/5,Global-MMLU,Nhu,CA,TRA,2026-05-31T23:15:31.793Z,3,v3,,
high_school_macroeconomics/test/6,Global-MMLU,Khang,CA,TRA,2026-05-30T16:03:38.393Z,3,v3,,
high_school_macroeconomics/test/6,Global-MMLU,Ngoc,CA,TRA,2026-05-31T10:30:45.719Z,3,v3,,
high_school_macroeconomics/test/6,Global-MMLU,Nhu,CA,TRA,2026-05-31T23:15:31.793Z,3,v3,,
high_school_macroeconomics/test/7,Global-MMLU,Khang,CA,TRA,2026-05-30T16:03:38.393Z,3,v3,,
high_school_macroeconomics/test/7,Global-MMLU,Ngoc,CA,TRA,2026-05-31T10:30:45.719Z,3,v3,,
high_school_macroeconomics/test/7,Global-MMLU,Nhu,CA,TRA,2026-05-31T23:15:31.793Z,3,v3,,
high_school_macroeconomics/test/8,Global-MMLU,Khang,CA,TRA,2026-05-30T16:03:38.393Z,3,v3,,
high_school_macroeconomics/test/8,Global-MMLU,Ngoc,CA,TRA,2026-05-31T10:30:45.719Z,3,v3,,
high_school_macroeconomics/test/8,Global-MMLU,Nhu,CA,TRA,2026-05-31T23:15:31.793Z,3,v3,,
high_school_macroeconomics/test/9,Global-MMLU,Khang,CA,TRA,2026-05-30T16:03:38.393Z,3,v3,,
high_school_macroeconomics/test/9,Global-MMLU,Ngoc,CA,TRA,2026-05-31T10:30:45.719Z,3,v3,,
high_school_macroeconomics/test/9,Global-MMLU,Nhu,CA,TRA,2026-05-31T23:15:31.793Z,3,v3,,
high_school_macroeconomics/test/10,Global-MMLU,Khang,CA,TRA,2026-05-30T16:03:38.393Z,3,v3,,
high_school_macroeconomics/test/10,Global-MMLU,Ngoc,CA,TRA,2026-05-31T10:30:45.719Z,3,v3,,
high_school_macroeconomics/test/10,Global-MMLU,Nhu,CA,TRA,2026-05-31T23:15:31.793Z,3,v3,,
high_school_macroeconomics/test/11,Global-MMLU,Khang,CA,TRA,2026-05-30T16:03:38.393Z,3,v3,,
high_school_macroeconomics/test/11,Global-MMLU,Ngoc,CA,TRA,2026-05-31T10:30:45.719Z,3,v3,,
high_school_macroeconomics/test/11,Global-MMLU,Nhu,CA,TRA,2026-05-31T23:15:31.793Z,3,v3,,
high_school_macroeconomics/test/12,Global-MMLU,Khang,CA,TRA,2026-05-30T16:03:38.393Z,3,v3,,
high_school_macroeconomics/test/12,Global-MMLU,Ngoc,CA,TRA,2026-05-31T10:30:45.719Z,3,v3,,
high_school_macroeconomics/test/12,Global-MMLU,Nhu,CA,TRA,2026-05-31T23:15:31.793Z,3,v3,,
high_school_macroeconomics/test/13,Global-MMLU,Khang,CA,TRA,2026-05-30T16:03:38.393Z,3,v3,,
high_school_macroeconomics/test/13,Global-MMLU,Ngoc,CA,TRA,2026-05-31T10:30:45.719Z,3,v3,,
high_school_macroeconomics/test/13,Global-MMLU,Nhu,CA,TRA,2026-05-31T23:15:31.793Z,3,v3,,
high_school_macroeconomics/test/14,Global-MMLU,Khang,CA,TRA,2026-05-30T16:03:38.393Z,3,v3,,
high_school_macroeconomics/test/14,Global-MMLU,Ngoc,CA,TRA,2026-05-31T10:30:45.719Z,3,v3,,
high_school_macroeconomics/test/14,Global-MMLU,Nhu,CA,TRA,2026-05-31T23:15:31.793Z,3,v3,,
high_school_macroeconomics/test/15,Global-MMLU,Khang,CA,TRA,2026-05-30T16:03:38.393Z,3,v3,,
high_school_macroeconomics/test/15,Global-MMLU,Ngoc,CA,TRA,2026-05-31T10:30:45.719Z,3,v3,,
high_school_macroeconomics/test/15,Global-MMLU,Nhu,CA,TRA,2026-05-31T23:15:31.793Z,3,v3,,
high_school_macroeconomics/test/16,Global-MMLU,Khang,CA,TRA,2026-05-30T16:03:38.393Z,3,v3,,
high_school_macroeconomics/test/16,Global-MMLU,Ngoc,CA,TRA,2026-05-31T10:30:45.719Z,3,v3,,
high_school_macroeconomics/test/16,Global-MMLU,Nhu,CA,TRA,2026-05-31T23:15:31.793Z,3,v3,,
high_school_macroeconomics/test/17,Global-MMLU,Khang,CA,TRA,2026-05-30T16:03:38.393Z,3,v3,,
high_school_macroeconomics/test/17,Global-MMLU,Ngoc,CA,TRA,2026-05-31T10:30:45.719Z,3,v3,,
high_school_macroeconomics/test/17,Global-MMLU,Nhu,CA,TRA,2026-05-31T23:15:31.793Z,3,v3,,
high_school_macroeconomics/test/18,Global-MMLU,Khang,CA,TRA,2026-05-30T16:03:38.393Z,3,v3,,
high_school_macroeconomics/test/18,Global-MMLU,Ngoc,CA,TRA,2026-05-31T10:30:45.719Z,3,v3,,
high_school_macroeconomics/test/18,Global-MMLU,Nhu,CA,TRA,2026-05-31T23:15:31.793Z,3,v3,,
high_school_macroeconomics/test/19,Global-MMLU,Khang,CA,TRA,2026-05-30T16:03:38.393Z,3,v3,,
high_school_macroeconomics/test/19,Global-MMLU,Ngoc,CA,TRA,2026-05-31T10:30:45.719Z,3,v3,,
high_school_macroeconomics/test/19,Global-MMLU,Nhu,CA,TRA,2026-05-31T23:15:31.793Z,3,v3,,
high_school_macroeconomics/test/20,Global-MMLU,Khang,CA,TRA,2026-05-30T16:03:38.393Z,3,v3,,
high_school_macroeconomics/test/20,Global-MMLU,Ngoc,CA,TRA,2026-05-31T10:30:45.719Z,3,v3,,
high_school_macroeconomics/test/20,Global-MMLU,Nhu,CA,TRA,2026-05-31T23:15:31.793Z,3,v3,,
high_school_macroeconomics/test/21,Global-MMLU,Khang,CA,TRA,2026-05-30T16:03:38.393Z,3,v3,,
high_school_macroeconomics/test/21,Global-MMLU,Ngoc,CA,TRA,2026-05-31T10:30:45.719Z,3,v3,,
high_school_macroeconomics/test/21,Global-MMLU,Nhu,CA,TRA,2026-05-31T23:15:31.793Z,3,v3,,
high_school_macroeconomics/test/22,Global-MMLU,Khang,CA,TRA,2026-05-30T16:03:38.393Z,3,v3,,
high_school_macroeconomics/test/22,Global-MMLU,Ngoc,CA,TRA,2026-05-31T10:30:45.719Z,3,v3,,
high_school_macroeconomics/test/22,Global-MMLU,Nhu,CA,TRA,2026-05-31T23:15:31.793Z,3,v3,,
high_school_macroeconomics/test/23,Global-MMLU,Khang,CA,TRA,2026-05-30T16:03:38.393Z,3,v3,,
high_school_macroeconomics/test/23,Global-MMLU,Ngoc,CA,TRA,2026-05-31T10:30:45.719Z,3,v3,,
high_school_macroeconomics/test/23,Global-MMLU,Nhu,CA,TRA,2026-05-31T23:15:31.793Z,3,v3,,
high_school_macroeconomics/test/24,Global-MMLU,Khang,CA,TRA,2026-05-30T16:03:38.393Z,3,v3,,
high_school_macroeconomics/test/24,Global-MMLU,Ngoc,CA,TRA,2026-05-31T10:30:45.719Z,3,v3,,
high_school_macroeconomics/test/24,Global-MMLU,Nhu,CA,TRA,2026-05-31T23:15:31.793Z,3,v3,,
high_school_macroeconomics/test/25,Global-MMLU,Khang,CA,TRA,2026-05-30T16:03:38.393Z,3,v3,,
high_school_macroeconomics/test/25,Global-MMLU,Ngoc,CA,TRA,2026-05-31T10:30:45.719Z,3,v3,,
high_school_macroeconomics/test/25,Global-MMLU,Nhu,CA,TRA,2026-05-31T23:15:31.793Z,3,v3,,
high_school_macroeconomics/test/26,Global-MMLU,Khang,CA,TRA,2026-05-30T16:03:38.393Z,3,v3,,
high_school_macroeconomics/test/26,Global-MMLU,Ngoc,CA,TRA,2026-05-31T10:30:45.719Z,3,v3,,
high_school_macroeconomics/test/26,Global-MMLU,Nhu,CA,TRA,2026-05-31T23:15:31.793Z,3,v3,,
high_school_macroeconomics/test/27,Global-MMLU,Khang,CA,TRA,2026-05-30T16:03:38.393Z,3,v3,,
high_school_macroeconomics/test/27,Global-MMLU,Ngoc,CA,TRA,2026-05-31T10:30:45.719Z,3,v3,,
high_school_macroeconomics/test/27,Global-MMLU,Nhu,CA,TRA,2026-05-31T23:15:31.793Z,3,v3,,
high_school_macroeconomics/test/28,Global-MMLU,Khang,CA,TRA,2026-05-30T16:03:38.393Z,3,v3,,
high_school_macroeconomics/test/28,Global-MMLU,Ngoc,CA,TRA,2026-05-31T10:30:45.719Z,3,v3,,
high_school_macroeconomics/test/28,Global-MMLU,Nhu,CA,TRA,2026-05-31T23:15:31.793Z,3,v3,,
high_school_macroeconomics/test/29,Global-MMLU,Khang,CA,TRA,2026-05-30T16:03:38.393Z,3,v3,,
high_school_macroeconomics/test/29,Global-MMLU,Ngoc,CA,TRA,2026-05-31T10:30:45.719Z,3,v3,,
high_school_macroeconomics/test/29,Global-MMLU,Nhu,CA,TRA,2026-05-31T23:15:31.793Z,3,v3,,
high_school_macroeconomics/test/30,Global-MMLU,Khang,CA,TRA,2026-05-30T16:03:38.393Z,3,v3,,
high_school_macroeconomics/test/30,Global-MMLU,Ngoc,CA,TRA,2026-05-31T10:30:45.719Z,3,v3,,
high_school_macroeconomics/test/30,Global-MMLU,Nhu,CA,TRA,2026-05-31T23:15:31.793Z,3,v3,,
high_school_macroeconomics/test/31,Global-MMLU,Khang,CA,TRA,2026-05-30T16:03:38.393Z,3,v3,,
high_school_macroeconomics/test/31,Global-MMLU,Ngoc,CA,TRA,2026-05-31T10:30:45.719Z,3,v3,,
high_school_macroeconomics/test/31,Global-MMLU,Nhu,CA,TRA,2026-05-31T23:15:31.793Z,3,v3,,
high_school_macroeconomics/test/32,Global-MMLU,Khang,CA,TRA,2026-05-30T16:03:38.393Z,3,v3,,
high_school_macroeconomics/test/32,Global-MMLU,Ngoc,CA,TRA,2026-05-31T10:30:45.719Z,3,v3,,
high_school_macroeconomics/test/32,Global-MMLU,Nhu,CA,TRA,2026-05-31T23:15:31.793Z,3,v3,,
high_school_macroeconomics/test/33,Global-MMLU,Khang,CA,TRA,2026-05-30T16:03:38.393Z,3,v3,,
high_school_macroeconomics/test/33,Global-MMLU,Ngoc,CA,TRA,2026-05-31T10:30:45.719Z,3,v3,,
high_school_macroeconomics/test/33,Global-MMLU,Nhu,CA,TRA,2026-05-31T23:15:31.793Z,3,v3,,
high_school_macroeconomics/test/34,Global-MMLU,Khang,CA,TRA,2026-05-30T16:03:38.393Z,3,v3,,
high_school_macroeconomics/test/34,Global-MMLU,Ngoc,CA,TRA,2026-05-31T10:30:45.719Z,3,v3,,
high_school_macroeconomics/test/34,Global-MMLU,Nhu,CA,TRA,2026-05-31T23:15:31.793Z,3,v3,,
high_school_macroeconomics/test/35,Global-MMLU,Khang,CS-E,TRA,2026-05-30T16:03:38.393Z,3,v3,,
high_school_macroeconomics/test/35,Global-MMLU,Ngoc,CS-E,TRA,2026-05-31T10:30:45.719Z,3,v3,,
high_school_macroeconomics/test/35,Global-MMLU,Nhu,CS-E,TRA,2026-05-31T23:15:31.793Z,3,v3,,
high_school_macroeconomics/test/36,Global-MMLU,Khang,CS-H,TRA,2026-05-30T16:03:38.393Z,3,v3,,
high_school_macroeconomics/test/36,Global-MMLU,Ngoc,CS-H,TRA,2026-05-31T10:30:45.719Z,3,v3,,
high_school_macroeconomics/test/36,Global-MMLU,Nhu,CS-H,TRA,2026-05-31T23:15:31.793Z,3,v3,,
high_school_macroeconomics/test/37,Global-MMLU,Khang,CA,TRA,2026-05-30T16:03:38.393Z,3,v3,,
high_school_macroeconomics/test/37,Global-MMLU,Ngoc,CA,TRA,2026-05-31T10:30:45.719Z,3,v3,,
high_school_macroeconomics/test/37,Global-MMLU,Nhu,CA,TRA,2026-05-31T23:15:31.793Z,3,v3,,
high_school_macroeconomics/test/38,Global-MMLU,Khang,CS-E,TRA,2026-05-30T16:03:38.393Z,3,v3,,
high_school_macroeconomics/test/38,Global-MMLU,Ngoc,CS-E,TRA,2026-05-31T10:30:45.719Z,3,v3,,
high_school_macroeconomics/test/38,Global-MMLU,Nhu,CS-E,TRA,2026-05-31T23:15:31.793Z,3,v3,,
high_school_macroeconomics/test/39,Global-MMLU,Khang,CA,TRA,2026-05-30T16:03:38.393Z,3,v3,,
high_school_macroeconomics/test/39,Global-MMLU,Ngoc,CA,TRA,2026-05-31T10:30:45.719Z,3,v3,,
high_school_macroeconomics/test/39,Global-MMLU,Nhu,CA,TRA,2026-05-31T23:15:31.793Z,3,v3,,
high_school_macroeconomics/test/40,Global-MMLU,Khang,CA,TRA,2026-05-30T16:03:38.393Z,3,v3,,
high_school_macroeconomics/test/40,Global-MMLU,Ngoc,CA,TRA,2026-05-31T10:30:45.719Z,3,v3,,
high_school_macroeconomics/test/40,Global-MMLU,Nhu,CA,TRA,2026-05-31T23:15:31.793Z,3,v3,,
high_school_macroeconomics/test/41,Global-MMLU,Khang,CA,TRA,2026-05-30T16:03:38.393Z,3,v3,,
high_school_macroeconomics/test/41,Global-MMLU,Ngoc,CA,TRA,2026-05-31T10:30:45.719Z,3,v3,,
high_school_macroeconomics/test/41,Global-MMLU,Nhu,CA,TRA,2026-05-31T23:15:31.793Z,3,v3,,
high_school_macroeconomics/test/42,Global-MMLU,Khang,CA,TRA,2026-05-30T16:03:38.393Z,3,v3,,
high_school_macroeconomics/test/42,Global-MMLU,Ngoc,CA,TRA,2026-05-31T10:30:45.719Z,3,v3,,
high_school_macroeconomics/test/42,Global-MMLU,Nhu,CA,TRA,2026-05-31T23:15:31.793Z,3,v3,,
high_school_macroeconomics/test/43,Global-MMLU,Khang,CA,TRA,2026-05-30T16:03:38.393Z,3,v3,,
high_school_macroeconomics/test/43,Global-MMLU,Ngoc,CA,TRA,2026-05-31T10:30:45.719Z,3,v3,,
high_school_macroeconomics/test/43,Global-MMLU,Nhu,CA,TRA,2026-05-31T23:15:31.793Z,3,v3,,
high_school_macroeconomics/test/44,Global-MMLU,Khang,CA,TRA,2026-05-30T16:03:38.393Z,3,v3,,
high_school_macroeconomics/test/44,Global-MMLU,Ngoc,CA,TRA,2026-05-31T10:30:45.719Z,3,v3,,
high_school_macroeconomics/test/44,Global-MMLU,Nhu,CA,TRA,2026-05-31T23:15:31.793Z,3,v3,,
high_school_macroeconomics/test/45,Global-MMLU,Khang,CA,TRA,2026-05-30T16:03:38.393Z,3,v3,,
high_school_macroeconomics/test/45,Global-MMLU,Ngoc,CA,TRA,2026-05-31T10:30:45.719Z,3,v3,,
high_school_macroeconomics/test/45,Global-MMLU,Nhu,CA,TRA,2026-05-31T23:15:31.793Z,3,v3,,
high_school_macroeconomics/test/46,Global-MMLU,Khang,CS-E,TRA,2026-05-30T16:03:38.393Z,3,v3,,
high_school_macroeconomics/test/46,Global-MMLU,Ngoc,CS-E,TRA,2026-05-31T10:30:45.719Z,3,v3,,
high_school_macroeconomics/test/46,Global-MMLU,Nhu,CS-E,TRA,2026-05-31T23:15:31.793Z,3,v3,,
high_school_macroeconomics/test/47,Global-MMLU,Khang,CS-E,TRA,2026-05-30T16:03:38.393Z,3,v3,,
high_school_macroeconomics/test/47,Global-MMLU,Ngoc,CS-E,TRA,2026-05-31T10:30:45.719Z,3,v3,,
high_school_macroeconomics/test/47,Global-MMLU,Nhu,CS-E,TRA,2026-05-31T23:15:31.793Z,3,v3,,
high_school_macroeconomics/test/48,Global-MMLU,Khang,CS-E,TRA,2026-05-30T16:03:38.393Z,3,v3,,
high_school_macroeconomics/test/48,Global-MMLU,Ngoc,CS-E,TRA,2026-05-31T10:30:45.719Z,3,v3,,
high_school_macroeconomics/test/48,Global-MMLU,Nhu,CS-E,TRA,2026-05-31T23:15:31.793Z,3,v3,,
high_school_macroeconomics/test/49,Global-MMLU,Khang,CS-E,TRA,2026-05-30T16:03:38.393Z,3,v3,,
high_school_macroeconomics/test/49,Global-MMLU,Ngoc,CS-E,TRA,2026-05-31T10:30:45.719Z,3,v3,,
high_school_macroeconomics/test/49,Global-MMLU,Nhu,CS-E,TRA,2026-05-31T23:15:31.793Z,3,v3,,
high_school_macroeconomics/test/50,Global-MMLU,Khang,CA,TRA,2026-05-30T16:03:38.393Z,3,v3,,
high_school_macroeconomics/test/50,Global-MMLU,Ngoc,CA,TRA,2026-05-31T10:30:45.719Z,3,v3,,
high_school_macroeconomics/test/50,Global-MMLU,Nhu,CA,TRA,2026-05-31T23:15:31.793Z,3,v3,,
high_school_macroeconomics/test/51,Global-MMLU,Khang,CA,TRA,2026-05-30T16:03:38.393Z,3,v3,,
high_school_macroeconomics/test/51,Global-MMLU,Ngoc,CA,TRA,2026-05-31T10:30:45.719Z,3,v3,,
high_school_macroeconomics/test/51,Global-MMLU,Nhu,CA,TRA,2026-05-31T23:15:31.793Z,3,v3,,
high_school_macroeconomics/test/52,Global-MMLU,Khang,CA,TRA,2026-05-30T16:03:38.393Z,3,v3,,
high_school_macroeconomics/test/52,Global-MMLU,Ngoc,CA,TRA,2026-05-31T10:30:45.719Z,3,v3,,
high_school_macroeconomics/test/52,Global-MMLU,Nhu,CA,TRA,2026-05-31T23:15:31.793Z,3,v3,,
high_school_macroeconomics/test/53,Global-MMLU,Khang,CA,TRA,2026-05-31T05:43:49.818Z,3,v3,,
high_school_macroeconomics/test/53,Global-MMLU,Ngoc,CA,TRA,2026-05-31T10:43:49.818Z,3,v3,,
high_school_macroeconomics/test/53,Global-MMLU,Nhu,CA,TRA,2026-05-31T23:15:31.794Z,3,v3,,
high_school_macroeconomics/test/54,Global-MMLU,Khang,CA,TRA,2026-05-31T05:43:49.819Z,3,v3,,
high_school_macroeconomics/test/54,Global-MMLU,Ngoc,CA,TRA,2026-05-31T10:43:49.819Z,3,v3,,
high_school_macroeconomics/test/54,Global-MMLU,Nhu,CA,TRA,2026-05-31T23:15:31.794Z,3,v3,,
high_school_macroeconomics/test/55,Global-MMLU,Khang,CA,TRA,2026-05-31T05:43:49.819Z,3,v3,,
high_school_macroeconomics/test/55,Global-MMLU,Ngoc,CA,TRA,2026-05-31T10:43:49.819Z,3,v3,,
high_school_macroeconomics/test/55,Global-MMLU,Nhu,CA,TRA,2026-05-31T23:15:31.794Z,3,v3,,
high_school_macroeconomics/test/56,Global-MMLU,Khang,CA,TRA,2026-05-31T05:43:49.819Z,3,v3,,
high_school_macroeconomics/test/56,Global-MMLU,Ngoc,CA,TRA,2026-05-31T10:43:49.819Z,3,v3,,
high_school_macroeconomics/test/56,Global-MMLU,Nhu,CA,TRA,2026-05-31T23:15:31.794Z,3,v3,,
high_school_macroeconomics/test/57,Global-MMLU,Khang,CA,TRA,2026-05-31T05:43:49.819Z,3,v3,,
high_school_macroeconomics/test/57,Global-MMLU,Ngoc,CA,TRA,2026-05-31T10:43:49.819Z,3,v3,,
high_school_macroeconomics/test/57,Global-MMLU,Nhu,CA,TRA,2026-05-31T23:15:31.794Z,3,v3,,
high_school_macroeconomics/test/58,Global-MMLU,Khang,CA,TRA,2026-05-31T05:43:49.819Z,3,v3,,
high_school_macroeconomics/test/58,Global-MMLU,Ngoc,CA,TRA,2026-05-31T10:43:49.819Z,3,v3,,
high_school_macroeconomics/test/58,Global-MMLU,Nhu,CA,TRA,2026-05-31T23:15:31.794Z,3,v3,,
high_school_macroeconomics/test/59,Global-MMLU,Khang,CA,TRA,2026-05-31T05:43:49.819Z,3,v3,,
high_school_macroeconomics/test/59,Global-MMLU,Ngoc,CA,TRA,2026-05-31T10:43:49.819Z,3,v3,,
high_school_macroeconomics/test/59,Global-MMLU,Nhu,CA,TRA,2026-05-31T23:15:31.794Z,3,v3,,
high_school_macroeconomics/test/60,Global-MMLU,Khang,CS-E,TRA,2026-05-31T05:43:49.819Z,3,v3,,
high_school_macroeconomics/test/60,Global-MMLU,Ngoc,CS-E,TRA,2026-05-31T10:43:49.819Z,3,v3,,
high_school_macroeconomics/test/60,Global-MMLU,Nhu,CS-E,TRA,2026-05-31T23:15:31.794Z,3,v3,,
high_school_macroeconomics/test/61,Global-MMLU,Khang,CA,TRA,2026-05-31T05:43:49.819Z,3,v3,,
high_school_macroeconomics/test/61,Global-MMLU,Ngoc,CA,TRA,2026-05-31T10:43:49.819Z,3,v3,,
high_school_macroeconomics/test/61,Global-MMLU,Nhu,CA,TRA,2026-05-31T23:15:31.794Z,3,v3,,
high_school_macroeconomics/test/62,Global-MMLU,Khang,CA,TRA,2026-05-31T05:43:49.819Z,3,v3,,
high_school_macroeconomics/test/62,Global-MMLU,Ngoc,CA,TRA,2026-05-31T10:43:49.819Z,3,v3,,
high_school_macroeconomics/test/62,Global-MMLU,Nhu,CA,TRA,2026-05-31T23:15:31.794Z,3,v3,,
high_school_macroeconomics/test/63,Global-MMLU,Khang,CA,TRA,2026-05-31T05:43:49.819Z,3,v3,,
high_school_macroeconomics/test/63,Global-MMLU,Ngoc,CA,TRA,2026-05-31T10:43:49.819Z,3,v3,,
high_school_macroeconomics/test/63,Global-MMLU,Nhu,CA,TRA,2026-05-31T23:15:31.794Z,3,v3,,
high_school_macroeconomics/test/64,Global-MMLU,Khang,CA,TRA,2026-05-31T05:43:49.819Z,3,v3,,
high_school_macroeconomics/test/64,Global-MMLU,Ngoc,CA,TRA,2026-05-31T10:43:49.819Z,3,v3,,
high_school_macroeconomics/test/64,Global-MMLU,Nhu,CA,TRA,2026-05-31T23:15:31.794Z,3,v3,,
high_school_macroeconomics/test/65,Global-MMLU,Khang,CA,TRA,2026-05-31T05:43:49.819Z,3,v3,,
high_school_macroeconomics/test/65,Global-MMLU,Ngoc,CA,TRA,2026-05-31T10:43:49.819Z,3,v3,,
high_school_macroeconomics/test/65,Global-MMLU,Nhu,CA,TRA,2026-05-31T23:15:31.794Z,3,v3,,
high_school_macroeconomics/test/66,Global-MMLU,Khang,CA,TRA,2026-05-31T05:43:49.819Z,3,v3,,
high_school_macroeconomics/test/66,Global-MMLU,Ngoc,CA,TRA,2026-05-31T10:43:49.819Z,3,v3,,
high_school_macroeconomics/test/66,Global-MMLU,Nhu,CA,TRA,2026-05-31T23:15:31.794Z,3,v3,,
high_school_macroeconomics/test/67,Global-MMLU,Khang,CA,TRA,2026-05-31T05:43:49.819Z,3,v3,,
high_school_macroeconomics/test/67,Global-MMLU,Ngoc,CA,TRA,2026-05-31T10:43:49.819Z,3,v3,,
high_school_macroeconomics/test/67,Global-MMLU,Nhu,CA,TRA,2026-05-31T23:15:31.794Z,3,v3,,
high_school_macroeconomics/test/68,Global-MMLU,Khang,CA,TRA,2026-05-31T05:43:49.819Z,3,v3,,
high_school_macroeconomics/test/68,Global-MMLU,Ngoc,CA,TRA,2026-05-31T10:43:49.819Z,3,v3,,
high_school_macroeconomics/test/68,Global-MMLU,Nhu,CA,TRA,2026-05-31T23:15:31.794Z,3,v3,,
high_school_macroeconomics/test/69,Global-MMLU,Khang,CA,TRA,2026-05-31T05:43:49.819Z,3,v3,,
high_school_macroeconomics/test/69,Global-MMLU,Ngoc,CA,TRA,2026-05-31T10:43:49.819Z,3,v3,,
high_school_macroeconomics/test/69,Global-MMLU,Nhu,CA,TRA,2026-05-31T23:15:31.794Z,3,v3,,
high_school_macroeconomics/test/70,Global-MMLU,Khang,CA,TRA,2026-05-31T05:43:49.819Z,3,v3,,
high_school_macroeconomics/test/70,Global-MMLU,Ngoc,CA,TRA,2026-05-31T10:43:49.819Z,3,v3,,
high_school_macroeconomics/test/70,Global-MMLU,Nhu,CA,TRA,2026-05-31T23:15:31.794Z,3,v3,,
high_school_macroeconomics/test/71,Global-MMLU,Khang,CA,TRA,2026-05-31T05:43:49.819Z,3,v3,,
high_school_macroeconomics/test/71,Global-MMLU,Ngoc,CA,TRA,2026-05-31T10:43:49.819Z,3,v3,,
high_school_macroeconomics/test/71,Global-MMLU,Nhu,CA,TRA,2026-05-31T23:15:31.794Z,3,v3,,
high_school_macroeconomics/test/72,Global-MMLU,Khang,CA,TRA,2026-05-31T05:43:49.819Z,3,v3,,
high_school_macroeconomics/test/72,Global-MMLU,Ngoc,CA,TRA,2026-05-31T10:43:49.819Z,3,v3,,
high_school_macroeconomics/test/72,Global-MMLU,Nhu,CA,TRA,2026-05-31T23:15:31.794Z,3,v3,,
high_school_macroeconomics/test/73,Global-MMLU,Khang,CA,TRA,2026-05-31T05:43:49.819Z,3,v3,,
high_school_macroeconomics/test/73,Global-MMLU,Ngoc,CA,TRA,2026-05-31T10:43:49.819Z,3,v3,,
high_school_macroeconomics/test/73,Global-MMLU,Nhu,CA,TRA,2026-05-31T23:15:31.794Z,3,v3,,
high_school_macroeconomics/test/74,Global-MMLU,Khang,CS-H,TRA,2026-05-31T05:43:49.819Z,3,v3,,
high_school_macroeconomics/test/74,Global-MMLU,Ngoc,CS-H,TRA,2026-05-31T10:43:49.819Z,3,v3,,
high_school_macroeconomics/test/74,Global-MMLU,Nhu,CS-H,TRA,2026-05-31T23:15:31.794Z,3,v3,,
high_school_macroeconomics/test/75,Global-MMLU,Khang,CA,TRA,2026-05-31T05:43:49.819Z,3,v3,,
high_school_macroeconomics/test/75,Global-MMLU,Ngoc,CA,TRA,2026-05-31T10:43:49.819Z,3,v3,,
high_school_macroeconomics/test/75,Global-MMLU,Nhu,CA,TRA,2026-05-31T23:15:31.794Z,3,v3,,
high_school_macroeconomics/test/76,Global-MMLU,Khang,CA,TRA,2026-05-31T05:43:49.819Z,3,v3,,
high_school_macroeconomics/test/76,Global-MMLU,Ngoc,CA,TRA,2026-05-31T10:43:49.819Z,3,v3,,
high_school_macroeconomics/test/76,Global-MMLU,Nhu,CA,TRA,2026-05-31T23:15:31.794Z,3,v3,,
high_school_macroeconomics/test/77,Global-MMLU,Khang,CA,TRA,2026-05-31T05:43:49.819Z,3,v3,,
high_school_macroeconomics/test/77,Global-MMLU,Ngoc,CA,TRA,2026-05-31T10:43:49.819Z,3,v3,,
high_school_macroeconomics/test/77,Global-MMLU,Nhu,CA,TRA,2026-05-31T23:15:31.794Z,3,v3,,
high_school_macroeconomics/test/78,Global-MMLU,Khang,CA,TRA,2026-05-31T05:43:49.819Z,3,v3,,
high_school_macroeconomics/test/78,Global-MMLU,Ngoc,CA,TRA,2026-05-31T10:43:49.819Z,3,v3,,
high_school_macroeconomics/test/78,Global-MMLU,Nhu,CA,TRA,2026-05-31T23:15:31.794Z,3,v3,,
high_school_macroeconomics/test/79,Global-MMLU,Khang,CS-E,TRA,2026-05-31T05:43:49.819Z,3,v3,,
high_school_macroeconomics/test/79,Global-MMLU,Ngoc,CS-E,TRA,2026-05-31T10:43:49.819Z,3,v3,,
high_school_macroeconomics/test/79,Global-MMLU,Nhu,CS-E,TRA,2026-05-31T23:15:31.794Z,3,v3,,
high_school_macroeconomics/test/80,Global-MMLU,Khang,CA,TRA,2026-05-31T05:43:49.819Z,3,v3,,
high_school_macroeconomics/test/80,Global-MMLU,Ngoc,CA,TRA,2026-05-31T10:43:49.819Z,3,v3,,
high_school_macroeconomics/test/80,Global-MMLU,Nhu,CA,TRA,2026-05-31T23:15:31.794Z,3,v3,,
high_school_macroeconomics/test/81,Global-MMLU,Khang,CA,TRA,2026-05-31T05:43:49.819Z,3,v3,,
high_school_macroeconomics/test/81,Global-MMLU,Ngoc,CA,TRA,2026-05-31T10:43:49.819Z,3,v3,,
high_school_macroeconomics/test/81,Global-MMLU,Nhu,CA,TRA,2026-05-31T23:15:31.794Z,3,v3,,
high_school_macroeconomics/test/82,Global-MMLU,Khang,CA,TRA,2026-05-31T05:43:49.819Z,3,v3,,
high_school_macroeconomics/test/82,Global-MMLU,Ngoc,CA,TRA,2026-05-31T10:43:49.819Z,3,v3,,
high_school_macroeconomics/test/82,Global-MMLU,Nhu,CA,TRA,2026-05-31T23:15:31.794Z,3,v3,,
high_school_macroeconomics/test/83,Global-MMLU,Khang,CA,TRA,2026-05-31T05:43:49.819Z,3,v3,,
high_school_macroeconomics/test/83,Global-MMLU,Ngoc,CA,TRA,2026-05-31T10:43:49.819Z,3,v3,,
high_school_macroeconomics/test/83,Global-MMLU,Nhu,CA,TRA,2026-05-31T23:15:31.794Z,3,v3,,
high_school_macroeconomics/test/84,Global-MMLU,Khang,CA,TRA,2026-05-31T05:43:49.819Z,3,v3,,
high_school_macroeconomics/test/84,Global-MMLU,Ngoc,CA,TRA,2026-05-31T10:43:49.819Z,3,v3,,
high_school_macroeconomics/test/84,Global-MMLU,Nhu,CA,TRA,2026-05-31T23:15:31.794Z,3,v3,,
high_school_macroeconomics/test/85,Global-MMLU,Khang,CA,TRA,2026-05-31T05:43:49.819Z,3,v3,,
high_school_macroeconomics/test/85,Global-MMLU,Ngoc,CA,TRA,2026-05-31T10:43:49.819Z,3,v3,,
high_school_macroeconomics/test/85,Global-MMLU,Nhu,CA,TRA,2026-05-31T23:15:31.794Z,3,v3,,
high_school_macroeconomics/test/86,Global-MMLU,Khang,CA,TRA,2026-05-31T05:43:49.819Z,3,v3,,
high_school_macroeconomics/test/86,Global-MMLU,Ngoc,CA,TRA,2026-05-31T10:43:49.819Z,3,v3,,
high_school_macroeconomics/test/86,Global-MMLU,Nhu,CA,TRA,2026-05-31T23:15:31.794Z,3,v3,,
high_school_macroeconomics/test/87,Global-MMLU,Khang,CA,TRA,2026-05-31T05:43:49.819Z,3,v3,,
high_school_macroeconomics/test/87,Global-MMLU,Ngoc,CA,TRA,2026-05-31T10:43:49.819Z,3,v3,,
high_school_macroeconomics/test/87,Global-MMLU,Nhu,CA,TRA,2026-05-31T23:15:31.794Z,3,v3,,
high_school_macroeconomics/test/88,Global-MMLU,Khang,CA,TRA,2026-05-31T05:43:49.819Z,3,v3,,
high_school_macroeconomics/test/88,Global-MMLU,Ngoc,CA,TRA,2026-05-31T10:43:49.819Z,3,v3,,
high_school_macroeconomics/test/88,Global-MMLU,Nhu,CA,TRA,2026-05-31T23:15:31.794Z,3,v3,,
high_school_macroeconomics/test/89,Global-MMLU,Khang,CA,TRA,2026-05-31T05:43:49.819Z,3,v3,,
high_school_macroeconomics/test/89,Global-MMLU,Ngoc,CA,TRA,2026-05-31T10:43:49.819Z,3,v3,,
high_school_macroeconomics/test/89,Global-MMLU,Nhu,CA,TRA,2026-05-31T23:15:31.794Z,3,v3,,
high_school_macroeconomics/test/90,Global-MMLU,Khang,UNK,TRA,2026-05-31T05:43:49.819Z,3,v3,,
high_school_macroeconomics/test/90,Global-MMLU,Ngoc,CS-H,TRA,2026-05-31T10:43:49.819Z,3,v3,,
high_school_macroeconomics/test/90,Global-MMLU,Nhu,CS-H,TRA,2026-05-31T23:15:31.794Z,3,v3,,
high_school_macroeconomics/test/91,Global-MMLU,Khang,CA,TRA,2026-05-31T05:43:49.819Z,3,v3,,
high_school_macroeconomics/test/91,Global-MMLU,Ngoc,CA,TRA,2026-05-31T10:43:49.819Z,3,v3,,
high_school_macroeconomics/test/91,Global-MMLU,Nhu,CA,TRA,2026-05-31T23:15:31.794Z,3,v3,,
high_school_macroeconomics/test/92,Global-MMLU,Khang,CA,TRA,2026-05-31T05:43:49.819Z,3,v3,,
high_school_macroeconomics/test/92,Global-MMLU,Ngoc,CA,TRA,2026-05-31T10:43:49.819Z,3,v3,,
high_school_macroeconomics/test/92,Global-MMLU,Nhu,CA,TRA,2026-05-31T23:15:31.794Z,3,v3,,
high_school_macroeconomics/test/93,Global-MMLU,Khang,CA,TRA,2026-05-31T05:43:49.819Z,3,v3,,
high_school_macroeconomics/test/93,Global-MMLU,Ngoc,CA,TRA,2026-05-31T10:43:49.819Z,3,v3,,
high_school_macroeconomics/test/93,Global-MMLU,Nhu,CA,TRA,2026-05-31T23:15:31.794Z,3,v3,,
high_school_macroeconomics/test/94,Global-MMLU,Khang,CS-E,TRA,2026-05-31T05:43:49.819Z,3,v3,,
high_school_macroeconomics/test/94,Global-MMLU,Ngoc,CS-E,TRA,2026-05-31T10:43:49.819Z,3,v3,,
high_school_macroeconomics/test/94,Global-MMLU,Nhu,CS-E,TRA,2026-05-31T23:15:31.794Z,3,v3,,
high_school_macroeconomics/test/95,Global-MMLU,Khang,CA,TRA,2026-05-31T05:43:49.819Z,3,v3,,
high_school_macroeconomics/test/95,Global-MMLU,Ngoc,CA,TRA,2026-05-31T10:43:49.819Z,3,v3,,
high_school_macroeconomics/test/95,Global-MMLU,Nhu,CA,TRA,2026-05-31T23:15:31.794Z,3,v3,,
high_school_macroeconomics/test/96,Global-MMLU,Khang,CA,TRA,2026-05-31T05:43:49.819Z,3,v3,,
high_school_macroeconomics/test/96,Global-MMLU,Ngoc,CA,TRA,2026-05-31T10:43:49.819Z,3,v3,,
high_school_macroeconomics/test/96,Global-MMLU,Nhu,CA,TRA,2026-05-31T23:15:31.794Z,3,v3,,
high_school_macroeconomics/test/97,Global-MMLU,Khang,CA,TRA,2026-05-31T05:43:49.819Z,3,v3,,
high_school_macroeconomics/test/97,Global-MMLU,Ngoc,CA,TRA,2026-05-31T10:43:49.819Z,3,v3,,
high_school_macroeconomics/test/97,Global-MMLU,Nhu,CA,TRA,2026-05-31T23:15:31.794Z,3,v3,,
high_school_macroeconomics/test/98,Global-MMLU,Khang,CA,TRA,2026-05-31T05:43:49.819Z,3,v3,,
high_school_macroeconomics/test/98,Global-MMLU,Ngoc,CA,TRA,2026-05-31T10:43:49.819Z,3,v3,,
high_school_macroeconomics/test/98,Global-MMLU,Nhu,CA,TRA,2026-05-31T23:15:31.794Z,3,v3,,
high_school_macroeconomics/test/99,Global-MMLU,Khang,CA,TRA,2026-05-31T05:43:49.819Z,3,v3,,
high_school_macroeconomics/test/99,Global-MMLU,Ngoc,CA,TRA,2026-05-31T10:43:49.819Z,3,v3,,
high_school_macroeconomics/test/99,Global-MMLU,Nhu,CA,TRA,2026-05-31T23:15:31.794Z,3,v3,,
high_school_macroeconomics/test/100,Global-MMLU,Khang,CA,TRA,2026-05-31T05:43:49.819Z,3,v3,,
high_school_macroeconomics/test/100,Global-MMLU,Ngoc,CA,TRA,2026-05-31T10:43:49.819Z,3,v3,,
high_school_macroeconomics/test/100,Global-MMLU,Nhu,CA,TRA,2026-05-31T23:15:31.794Z,3,v3,,
high_school_macroeconomics/test/101,Global-MMLU,Khang,CA,TRA,2026-05-31T05:43:49.819Z,3,v3,,
high_school_macroeconomics/test/101,Global-MMLU,Ngoc,CA,TRA,2026-05-31T10:43:49.819Z,3,v3,,
high_school_macroeconomics/test/101,Global-MMLU,Nhu,CA,TRA,2026-05-31T23:15:31.794Z,3,v3,,
high_school_macroeconomics/test/102,Global-MMLU,Khang,CA,TRA,2026-05-31T05:43:49.819Z,3,v3,,
high_school_macroeconomics/test/102,Global-MMLU,Ngoc,CA,TRA,2026-05-31T10:43:49.819Z,3,v3,,
high_school_macroeconomics/test/102,Global-MMLU,Nhu,CA,TRA,2026-05-31T23:15:31.794Z,3,v3,,
high_school_macroeconomics/test/103,Global-MMLU,Khang,CA,TRA,2026-05-31T05:43:49.819Z,3,v3,,
high_school_macroeconomics/test/103,Global-MMLU,Ngoc,CA,TRA,2026-05-31T10:43:49.819Z,3,v3,,
high_school_macroeconomics/test/103,Global-MMLU,Nhu,CA,TRA,2026-05-31T23:15:31.794Z,3,v3,,
high_school_macroeconomics/test/104,Global-MMLU,Khang,CA,TRA,2026-05-31T05:43:49.819Z,3,v3,,
high_school_macroeconomics/test/104,Global-MMLU,Ngoc,CA,TRA,2026-05-31T10:43:49.819Z,3,v3,,
high_school_macroeconomics/test/104,Global-MMLU,Nhu,CA,TRA,2026-05-31T23:15:31.794Z,3,v3,,
high_school_macroeconomics/test/105,Global-MMLU,Khang,CA,TRA,2026-05-31T05:43:49.819Z,3,v3,,
high_school_macroeconomics/test/105,Global-MMLU,Ngoc,CA,TRA,2026-05-31T10:43:49.819Z,3,v3,,
high_school_macroeconomics/test/105,Global-MMLU,Nhu,CA,TRA,2026-05-31T23:15:31.794Z,3,v3,,
high_school_macroeconomics/test/106,Global-MMLU,Khang,CA,TRA,2026-05-31T05:43:49.819Z,3,v3,,
high_school_macroeconomics/test/106,Global-MMLU,Ngoc,CA,TRA,2026-05-31T10:43:49.819Z,3,v3,,
high_school_macroeconomics/test/106,Global-MMLU,Nhu,CA,TRA,2026-05-31T23:15:31.794Z,3,v3,,
high_school_macroeconomics/test/107,Global-MMLU,Khang,CA,TRA,2026-05-31T05:43:49.819Z,3,v3,,
high_school_macroeconomics/test/107,Global-MMLU,Ngoc,CA,TRA,2026-05-31T10:43:49.819Z,3,v3,,
high_school_macroeconomics/test/107,Global-MMLU,Nhu,CA,TRA,2026-05-31T23:15:31.794Z,3,v3,,
high_school_macroeconomics/test/108,Global-MMLU,Khang,CA,TRA,2026-05-31T05:43:49.819Z,3,v3,,
high_school_macroeconomics/test/108,Global-MMLU,Ngoc,CA,TRA,2026-05-31T10:43:49.819Z,3,v3,,
high_school_macroeconomics/test/108,Global-MMLU,Nhu,CA,TRA,2026-05-31T23:15:31.794Z,3,v3,,
high_school_macroeconomics/test/109,Global-MMLU,Khang,CA,TRA,2026-05-31T05:43:49.819Z,3,v3,,
high_school_macroeconomics/test/109,Global-MMLU,Ngoc,CA,TRA,2026-05-31T10:43:49.819Z,3,v3,,
high_school_macroeconomics/test/109,Global-MMLU,Nhu,CA,TRA,2026-05-31T23:15:31.794Z,3,v3,,
high_school_macroeconomics/test/110,Global-MMLU,Khang,CA,TRA,2026-05-31T05:43:49.819Z,3,v3,,
high_school_macroeconomics/test/110,Global-MMLU,Ngoc,CA,TRA,2026-05-31T10:43:49.819Z,3,v3,,
high_school_macroeconomics/test/110,Global-MMLU,Nhu,CA,TRA,2026-05-31T23:15:31.794Z,3,v3,,
high_school_macroeconomics/test/111,Global-MMLU,Khang,CA,TRA,2026-05-31T05:43:49.819Z,3,v3,,
high_school_macroeconomics/test/111,Global-MMLU,Ngoc,CA,TRA,2026-05-31T10:43:49.819Z,3,v3,,
high_school_macroeconomics/test/111,Global-MMLU,Nhu,CA,TRA,2026-05-31T23:15:31.794Z,3,v3,,
high_school_macroeconomics/test/112,Global-MMLU,Khang,CA,TRA,2026-05-31T05:43:49.819Z,3,v3,,
high_school_macroeconomics/test/112,Global-MMLU,Ngoc,CA,TRA,2026-05-31T10:43:49.819Z,3,v3,,
high_school_macroeconomics/test/112,Global-MMLU,Nhu,CA,TRA,2026-05-31T23:15:31.794Z,3,v3,,
high_school_macroeconomics/test/113,Global-MMLU,Khang,CA,TRA,2026-05-31T05:43:49.819Z,3,v3,,
high_school_macroeconomics/test/113,Global-MMLU,Ngoc,CA,TRA,2026-05-31T10:43:49.819Z,3,v3,,
high_school_macroeconomics/test/113,Global-MMLU,Nhu,CA,TRA,2026-05-31T23:15:31.794Z,3,v3,,
high_school_macroeconomics/test/114,Global-MMLU,Khang,CA,TRA,2026-05-31T05:43:49.819Z,3,v3,,
high_school_macroeconomics/test/114,Global-MMLU,Ngoc,CA,TRA,2026-05-31T10:43:49.819Z,3,v3,,
high_school_macroeconomics/test/114,Global-MMLU,Nhu,CA,TRA,2026-05-31T23:15:31.794Z,3,v3,,
high_school_macroeconomics/test/115,Global-MMLU,Khang,CA,TRA,2026-05-31T05:43:49.819Z,3,v3,,
high_school_macroeconomics/test/115,Global-MMLU,Ngoc,CA,TRA,2026-05-31T10:43:49.819Z,3,v3,,
high_school_macroeconomics/test/115,Global-MMLU,Nhu,CA,TRA,2026-05-31T23:15:31.794Z,3,v3,,
high_school_macroeconomics/test/116,Global-MMLU,Khang,CA,TRA,2026-05-31T05:43:49.819Z,3,v3,,
high_school_macroeconomics/test/116,Global-MMLU,Ngoc,CA,TRA,2026-05-31T10:43:49.819Z,3,v3,,
high_school_macroeconomics/test/116,Global-MMLU,Nhu,CA,TRA,2026-05-31T23:15:31.794Z,3,v3,,
high_school_macroeconomics/test/117,Global-MMLU,Khang,CA,TRA,2026-05-31T05:43:49.819Z,3,v3,,
high_school_macroeconomics/test/117,Global-MMLU,Ngoc,CA,TRA,2026-05-31T10:43:49.819Z,3,v3,,
high_school_macroeconomics/test/117,Global-MMLU,Nhu,CA,TRA,2026-05-31T23:15:31.794Z,3,v3,,
high_school_macroeconomics/test/118,Global-MMLU,Khang,CA,TRA,2026-05-31T05:43:49.819Z,3,v3,,
high_school_macroeconomics/test/118,Global-MMLU,Ngoc,CA,TRA,2026-05-31T10:43:49.819Z,3,v3,,
high_school_macroeconomics/test/118,Global-MMLU,Nhu,CA,TRA,2026-05-31T23:15:31.794Z,3,v3,,
high_school_macroeconomics/test/119,Global-MMLU,Khang,CA,TRA,2026-05-31T05:43:49.819Z,3,v3,,
high_school_macroeconomics/test/119,Global-MMLU,Ngoc,CA,TRA,2026-05-31T10:43:49.819Z,3,v3,,
high_school_macroeconomics/test/119,Global-MMLU,Nhu,CA,TRA,2026-05-31T23:15:31.794Z,3,v3,,
high_school_macroeconomics/test/120,Global-MMLU,Khang,CA,TRA,2026-05-31T05:43:49.819Z,3,v3,,
high_school_macroeconomics/test/120,Global-MMLU,Ngoc,CA,TRA,2026-05-31T10:43:49.819Z,3,v3,,
high_school_macroeconomics/test/120,Global-MMLU,Nhu,CA,TRA,2026-05-31T23:15:31.794Z,3,v3,,
high_school_macroeconomics/test/121,Global-MMLU,Khang,CA,TRA,2026-05-31T05:43:49.819Z,3,v3,,
high_school_macroeconomics/test/121,Global-MMLU,Ngoc,CA,TRA,2026-05-31T10:43:49.819Z,3,v3,,
high_school_macroeconomics/test/121,Global-MMLU,Nhu,CA,TRA,2026-05-31T23:15:31.794Z,3,v3,,
high_school_macroeconomics/test/122,Global-MMLU,Khang,CA,TRA,2026-05-31T05:43:49.819Z,3,v3,,
high_school_macroeconomics/test/122,Global-MMLU,Ngoc,CA,TRA,2026-05-31T10:43:49.819Z,3,v3,,
high_school_macroeconomics/test/122,Global-MMLU,Nhu,CA,TRA,2026-05-31T23:15:31.794Z,3,v3,,
high_school_macroeconomics/test/123,Global-MMLU,Khang,CA,TRA,2026-05-31T05:43:49.819Z,3,v3,,
high_school_macroeconomics/test/123,Global-MMLU,Ngoc,CA,TRA,2026-05-31T10:43:49.819Z,3,v3,,
high_school_macroeconomics/test/123,Global-MMLU,Nhu,CA,TRA,2026-05-31T23:15:31.794Z,3,v3,,
high_school_macroeconomics/test/124,Global-MMLU,Khang,CA,TRA,2026-05-31T05:43:49.819Z,3,v3,,
high_school_macroeconomics/test/124,Global-MMLU,Ngoc,CA,TRA,2026-05-31T10:43:49.819Z,3,v3,,
high_school_macroeconomics/test/124,Global-MMLU,Nhu,CA,TRA,2026-05-31T23:15:31.794Z,3,v3,,
high_school_macroeconomics/test/125,Global-MMLU,Khang,CA,TRA,2026-05-31T05:43:49.819Z,3,v3,,
high_school_macroeconomics/test/125,Global-MMLU,Ngoc,CA,TRA,2026-05-31T10:43:49.819Z,3,v3,,
high_school_macroeconomics/test/125,Global-MMLU,Nhu,CA,TRA,2026-05-31T23:15:31.794Z,3,v3,,
high_school_macroeconomics/test/126,Global-MMLU,Khang,CA,TRA,2026-05-31T05:43:49.819Z,3,v3,,
high_school_macroeconomics/test/126,Global-MMLU,Ngoc,CA,TRA,2026-05-31T10:43:49.819Z,3,v3,,
high_school_macroeconomics/test/126,Global-MMLU,Nhu,CA,TRA,2026-05-31T23:15:31.794Z,3,v3,,
high_school_macroeconomics/test/127,Global-MMLU,Khang,CA,TRA,2026-05-31T05:43:49.819Z,3,v3,,
high_school_macroeconomics/test/127,Global-MMLU,Ngoc,CA,TRA,2026-05-31T10:43:49.819Z,3,v3,,
high_school_macroeconomics/test/127,Global-MMLU,Nhu,CA,TRA,2026-05-31T23:15:31.794Z,3,v3,,
high_school_macroeconomics/test/128,Global-MMLU,Khang,CA,TRA,2026-05-31T05:43:49.819Z,3,v3,,
high_school_macroeconomics/test/128,Global-MMLU,Ngoc,CA,TRA,2026-05-31T10:43:49.819Z,3,v3,,
high_school_macroeconomics/test/128,Global-MMLU,Nhu,CA,TRA,2026-05-31T23:15:31.794Z,3,v3,,
high_school_macroeconomics/test/129,Global-MMLU,Khang,CA,TRA,2026-05-31T05:43:49.819Z,3,v3,,
high_school_macroeconomics/test/129,Global-MMLU,Ngoc,CA,TRA,2026-05-31T10:43:49.819Z,3,v3,,
high_school_macroeconomics/test/129,Global-MMLU,Nhu,CA,TRA,2026-05-31T23:15:31.794Z,3,v3,,
high_school_macroeconomics/test/130,Global-MMLU,Khang,CA,TRA,2026-05-31T05:43:49.819Z,3,v3,,
high_school_macroeconomics/test/130,Global-MMLU,Ngoc,CA,TRA,2026-05-31T10:43:49.819Z,3,v3,,
high_school_macroeconomics/test/130,Global-MMLU,Nhu,CA,TRA,2026-05-31T23:15:31.794Z,3,v3,,
high_school_macroeconomics/test/131,Global-MMLU,Khang,CA,TRA,2026-05-31T05:43:49.819Z,3,v3,,
high_school_macroeconomics/test/131,Global-MMLU,Ngoc,CA,TRA,2026-05-31T10:43:49.819Z,3,v3,,
high_school_macroeconomics/test/131,Global-MMLU,Nhu,CA,TRA,2026-05-31T23:15:31.794Z,3,v3,,
high_school_macroeconomics/test/132,Global-MMLU,Khang,CS-E,TRA,2026-05-31T05:43:49.819Z,3,v3,,
high_school_macroeconomics/test/132,Global-MMLU,Ngoc,CS-E,TRA,2026-05-31T10:43:49.819Z,3,v3,,
high_school_macroeconomics/test/132,Global-MMLU,Nhu,CS-E,TRA,2026-05-31T23:15:31.794Z,3,v3,,
high_school_macroeconomics/test/133,Global-MMLU,Khang,CA,TRA,2026-05-31T05:43:49.819Z,3,v3,,
high_school_macroeconomics/test/133,Global-MMLU,Ngoc,CA,TRA,2026-05-31T10:43:49.819Z,3,v3,,
high_school_macroeconomics/test/133,Global-MMLU,Nhu,CA,TRA,2026-05-31T23:15:31.794Z,3,v3,,
high_school_macroeconomics/test/134,Global-MMLU,Khang,CA,TRA,2026-05-31T05:43:49.819Z,3,v3,,
high_school_macroeconomics/test/134,Global-MMLU,Ngoc,CA,TRA,2026-05-31T10:43:49.819Z,3,v3,,
high_school_macroeconomics/test/134,Global-MMLU,Nhu,CA,TRA,2026-05-31T23:15:31.794Z,3,v3,,
high_school_macroeconomics/test/135,Global-MMLU,Khang,CA,TRA,2026-05-31T05:43:49.819Z,3,v3,,
high_school_macroeconomics/test/135,Global-MMLU,Ngoc,CA,TRA,2026-05-31T10:43:49.819Z,3,v3,,
high_school_macroeconomics/test/135,Global-MMLU,Nhu,CA,TRA,2026-05-31T23:15:31.794Z,3,v3,,
high_school_macroeconomics/test/136,Global-MMLU,Khang,CA,TRA,2026-05-31T05:43:49.819Z,3,v3,,
high_school_macroeconomics/test/136,Global-MMLU,Ngoc,CA,TRA,2026-05-31T10:43:49.819Z,3,v3,,
high_school_macroeconomics/test/136,Global-MMLU,Nhu,CA,TRA,2026-05-31T23:15:31.794Z,3,v3,,
high_school_macroeconomics/test/137,Global-MMLU,Khang,CA,TRA,2026-05-31T05:43:49.819Z,3,v3,,
high_school_macroeconomics/test/137,Global-MMLU,Ngoc,CA,TRA,2026-05-31T10:43:49.819Z,3,v3,,
high_school_macroeconomics/test/137,Global-MMLU,Nhu,CA,TRA,2026-05-31T23:15:31.794Z,3,v3,,
high_school_macroeconomics/test/138,Global-MMLU,Khang,CA,TRA,2026-05-31T05:43:49.819Z,3,v3,,
high_school_macroeconomics/test/138,Global-MMLU,Ngoc,CA,TRA,2026-05-31T10:43:49.819Z,3,v3,,
high_school_macroeconomics/test/138,Global-MMLU,Nhu,CA,TRA,2026-05-31T23:15:31.794Z,3,v3,,
high_school_macroeconomics/test/139,Global-MMLU,Khang,CA,TRA,2026-05-31T05:43:49.819Z,3,v3,,
high_school_macroeconomics/test/139,Global-MMLU,Ngoc,CA,TRA,2026-05-31T10:43:49.819Z,3,v3,,
high_school_macroeconomics/test/139,Global-MMLU,Nhu,CA,TRA,2026-05-31T23:15:31.794Z,3,v3,,
high_school_macroeconomics/test/140,Global-MMLU,Khang,CA,TRA,2026-05-31T05:43:49.819Z,3,v3,,
high_school_macroeconomics/test/140,Global-MMLU,Ngoc,CA,TRA,2026-05-31T10:43:49.819Z,3,v3,,
high_school_macroeconomics/test/140,Global-MMLU,Nhu,CA,TRA,2026-05-31T23:15:31.794Z,3,v3,,
high_school_macroeconomics/test/141,Global-MMLU,Khang,CA,TRA,2026-05-31T05:43:49.819Z,3,v3,,
high_school_macroeconomics/test/141,Global-MMLU,Ngoc,CA,TRA,2026-05-31T10:43:49.819Z,3,v3,,
high_school_macroeconomics/test/141,Global-MMLU,Nhu,CA,TRA,2026-05-31T23:15:31.794Z,3,v3,,
high_school_macroeconomics/test/142,Global-MMLU,Khang,CA,TRA,2026-05-31T05:43:49.819Z,3,v3,,
high_school_macroeconomics/test/142,Global-MMLU,Ngoc,CA,TRA,2026-05-31T10:43:49.819Z,3,v3,,
high_school_macroeconomics/test/142,Global-MMLU,Nhu,CA,TRA,2026-05-31T23:15:31.794Z,3,v3,,
high_school_macroeconomics/test/143,Global-MMLU,Khang,CS-E,TRA,2026-05-31T05:43:49.819Z,3,v3,,
high_school_macroeconomics/test/143,Global-MMLU,Ngoc,CS-E,TRA,2026-05-31T10:43:49.819Z,3,v3,,
high_school_macroeconomics/test/143,Global-MMLU,Nhu,CS-E,TRA,2026-05-31T23:15:31.794Z,3,v3,,
high_school_macroeconomics/test/144,Global-MMLU,Khang,CA,TRA,2026-05-31T05:43:49.819Z,3,v3,,
high_school_macroeconomics/test/144,Global-MMLU,Ngoc,CA,TRA,2026-05-31T10:43:49.819Z,3,v3,,
high_school_macroeconomics/test/144,Global-MMLU,Nhu,CA,TRA,2026-05-31T23:15:31.794Z,3,v3,,
high_school_macroeconomics/test/145,Global-MMLU,Khang,CA,TRA,2026-05-31T05:43:49.819Z,3,v3,,
high_school_macroeconomics/test/145,Global-MMLU,Ngoc,CA,TRA,2026-05-31T10:43:49.819Z,3,v3,,
high_school_macroeconomics/test/145,Global-MMLU,Nhu,CA,TRA,2026-05-31T23:15:31.794Z,3,v3,,
high_school_macroeconomics/test/146,Global-MMLU,Khang,CA,TRA,2026-05-31T05:43:49.819Z,3,v3,,
high_school_macroeconomics/test/146,Global-MMLU,Ngoc,CA,TRA,2026-05-31T10:43:49.819Z,3,v3,,
high_school_macroeconomics/test/146,Global-MMLU,Nhu,CA,TRA,2026-05-31T23:15:31.794Z,3,v3,,
high_school_macroeconomics/test/147,Global-MMLU,Khang,CA,TRA,2026-05-31T05:43:49.819Z,3,v3,,
high_school_macroeconomics/test/147,Global-MMLU,Ngoc,CA,TRA,2026-05-31T10:43:49.819Z,3,v3,,
high_school_macroeconomics/test/147,Global-MMLU,Nhu,CA,TRA,2026-05-31T23:15:31.794Z,3,v3,,
high_school_macroeconomics/test/148,Global-MMLU,Khang,CA,TRA,2026-05-31T05:43:49.819Z,3,v3,,
high_school_macroeconomics/test/148,Global-MMLU,Ngoc,CA,TRA,2026-05-31T10:43:49.819Z,3,v3,,
high_school_macroeconomics/test/148,Global-MMLU,Nhu,CA,TRA,2026-05-31T23:15:31.794Z,3,v3,,
high_school_macroeconomics/test/149,Global-MMLU,Khang,CA,TRA,2026-05-31T05:43:49.819Z,3,v3,,
high_school_macroeconomics/test/149,Global-MMLU,Ngoc,CA,TRA,2026-05-31T10:43:49.819Z,3,v3,,
high_school_macroeconomics/test/149,Global-MMLU,Nhu,CA,TRA,2026-05-31T23:15:31.794Z,3,v3,,
high_school_macroeconomics/test/150,Global-MMLU,Khang,CA,TRA,2026-05-31T05:43:49.819Z,3,v3,,
high_school_macroeconomics/test/150,Global-MMLU,Ngoc,CA,TRA,2026-05-31T10:43:49.819Z,3,v3,,
high_school_macroeconomics/test/150,Global-MMLU,Nhu,CA,TRA,2026-05-31T23:15:31.794Z,3,v3,,
high_school_macroeconomics/test/151,Global-MMLU,Khang,CA,TRA,2026-05-31T05:43:49.819Z,3,v3,,
high_school_macroeconomics/test/151,Global-MMLU,Ngoc,CA,TRA,2026-05-31T10:43:49.819Z,3,v3,,
high_school_macroeconomics/test/151,Global-MMLU,Nhu,CA,TRA,2026-05-31T23:15:31.794Z,3,v3,,
high_school_macroeconomics/test/152,Global-MMLU,Khang,CA,TRA,2026-05-31T05:43:49.819Z,3,v3,,
high_school_macroeconomics/test/152,Global-MMLU,Ngoc,CA,TRA,2026-05-31T10:43:49.819Z,3,v3,,
high_school_macroeconomics/test/152,Global-MMLU,Nhu,CA,TRA,2026-05-31T23:15:31.794Z,3,v3,,
high_school_macroeconomics/test/153,Global-MMLU,Khang,CA,TRA,2026-05-31T05:43:49.819Z,3,v3,,
high_school_macroeconomics/test/153,Global-MMLU,Ngoc,CA,TRA,2026-05-31T10:43:49.819Z,3,v3,,
high_school_macroeconomics/test/153,Global-MMLU,Nhu,CA,TRA,2026-05-31T23:15:31.794Z,3,v3,,
high_school_macroeconomics/test/154,Global-MMLU,Khang,CA,TRA,2026-05-31T05:43:49.819Z,3,v3,,
high_school_macroeconomics/test/154,Global-MMLU,Ngoc,CA,TRA,2026-05-31T10:43:49.819Z,3,v3,,
high_school_macroeconomics/test/154,Global-MMLU,Nhu,CA,TRA,2026-05-31T23:15:31.794Z,3,v3,,
high_school_macroeconomics/test/155,Global-MMLU,Khang,CA,TRA,2026-05-31T05:43:49.819Z,3,v3,,
high_school_macroeconomics/test/155,Global-MMLU,Ngoc,CA,TRA,2026-05-31T10:43:49.819Z,3,v3,,
high_school_macroeconomics/test/155,Global-MMLU,Nhu,CA,TRA,2026-05-31T23:15:31.794Z,3,v3,,
high_school_macroeconomics/test/156,Global-MMLU,Khang,CA,TRA,2026-05-31T05:43:49.819Z,3,v3,,
high_school_macroeconomics/test/156,Global-MMLU,Ngoc,CA,TRA,2026-05-31T10:43:49.819Z,3,v3,,
high_school_macroeconomics/test/156,Global-MMLU,Nhu,CA,TRA,2026-05-31T23:15:31.794Z,3,v3,,
high_school_macroeconomics/test/157,Global-MMLU,Khang,CA,TRA,2026-05-31T05:43:49.819Z,3,v3,,
high_school_macroeconomics/test/157,Global-MMLU,Ngoc,CA,TRA,2026-05-31T10:43:49.819Z,3,v3,,
high_school_macroeconomics/test/157,Global-MMLU,Nhu,CA,TRA,2026-05-31T23:15:31.794Z,3,v3,,
high_school_macroeconomics/test/158,Global-MMLU,Khang,CA,TRA,2026-05-31T05:43:49.819Z,3,v3,,
high_school_macroeconomics/test/158,Global-MMLU,Ngoc,CA,TRA,2026-05-31T10:43:49.819Z,3,v3,,
high_school_macroeconomics/test/158,Global-MMLU,Nhu,CA,TRA,2026-05-31T23:15:31.794Z,3,v3,,
high_school_macroeconomics/test/159,Global-MMLU,Khang,CA,TRA,2026-05-31T05:43:49.819Z,3,v3,,
high_school_macroeconomics/test/159,Global-MMLU,Ngoc,CA,TRA,2026-05-31T10:43:49.819Z,3,v3,,
high_school_macroeconomics/test/159,Global-MMLU,Nhu,CA,TRA,2026-05-31T23:15:31.794Z,3,v3,,
high_school_macroeconomics/test/160,Global-MMLU,Khang,CA,TRA,2026-05-31T05:43:49.819Z,3,v3,,
high_school_macroeconomics/test/160,Global-MMLU,Ngoc,CA,TRA,2026-05-31T10:43:49.819Z,3,v3,,
high_school_macroeconomics/test/160,Global-MMLU,Nhu,CA,TRA,2026-05-31T23:15:31.794Z,3,v3,,
high_school_macroeconomics/test/161,Global-MMLU,Khang,CA,TRA,2026-05-31T05:43:49.819Z,3,v3,,
high_school_macroeconomics/test/161,Global-MMLU,Ngoc,CA,TRA,2026-05-31T10:43:49.819Z,3,v3,,
high_school_macroeconomics/test/161,Global-MMLU,Nhu,CA,TRA,2026-05-31T23:15:31.794Z,3,v3,,
high_school_macroeconomics/test/162,Global-MMLU,Khang,CA,TRA,2026-05-31T05:43:49.819Z,3,v3,,
high_school_macroeconomics/test/162,Global-MMLU,Ngoc,CA,TRA,2026-05-31T10:43:49.819Z,3,v3,,
high_school_macroeconomics/test/162,Global-MMLU,Nhu,CA,TRA,2026-05-31T23:15:31.794Z,3,v3,,
high_school_macroeconomics/test/163,Global-MMLU,Khang,CA,TRA,2026-05-31T05:43:49.819Z,3,v3,,
high_school_macroeconomics/test/163,Global-MMLU,Ngoc,CA,TRA,2026-05-31T10:43:49.819Z,3,v3,,
high_school_macroeconomics/test/163,Global-MMLU,Nhu,CA,TRA,2026-05-31T23:15:31.794Z,3,v3,,
high_school_macroeconomics/test/164,Global-MMLU,Khang,CA,TRA,2026-05-31T05:43:49.819Z,3,v3,,
high_school_macroeconomics/test/164,Global-MMLU,Ngoc,CA,TRA,2026-05-31T10:43:49.819Z,3,v3,,
high_school_macroeconomics/test/164,Global-MMLU,Nhu,CA,TRA,2026-05-31T23:15:31.794Z,3,v3,,
high_school_macroeconomics/test/165,Global-MMLU,Khang,CA,TRA,2026-05-31T05:43:49.819Z,3,v3,,
high_school_macroeconomics/test/165,Global-MMLU,Ngoc,CA,TRA,2026-05-31T10:43:49.819Z,3,v3,,
high_school_macroeconomics/test/165,Global-MMLU,Nhu,CA,TRA,2026-05-31T23:15:31.794Z,3,v3,,
high_school_macroeconomics/test/166,Global-MMLU,Khang,CA,TRA,2026-05-31T05:43:49.819Z,3,v3,,
high_school_macroeconomics/test/166,Global-MMLU,Ngoc,CA,TRA,2026-05-31T10:43:49.819Z,3,v3,,
high_school_macroeconomics/test/166,Global-MMLU,Nhu,CA,TRA,2026-05-31T23:15:31.794Z,3,v3,,
high_school_macroeconomics/test/167,Global-MMLU,Khang,CA,TRA,2026-05-31T05:43:49.819Z,3,v3,,
high_school_macroeconomics/test/167,Global-MMLU,Ngoc,CA,TRA,2026-05-31T10:43:49.819Z,3,v3,,
high_school_macroeconomics/test/167,Global-MMLU,Nhu,CA,TRA,2026-05-31T23:15:31.794Z,3,v3,,
high_school_macroeconomics/test/168,Global-MMLU,Khang,CA,TRA,2026-05-31T05:43:49.819Z,3,v3,,
high_school_macroeconomics/test/168,Global-MMLU,Ngoc,CA,TRA,2026-05-31T10:43:49.819Z,3,v3,,
high_school_macroeconomics/test/168,Global-MMLU,Nhu,CA,TRA,2026-05-31T23:15:31.794Z,3,v3,,
high_school_macroeconomics/test/169,Global-MMLU,Khang,CA,TRA,2026-05-31T05:43:49.819Z,3,v3,,
high_school_macroeconomics/test/169,Global-MMLU,Ngoc,CA,TRA,2026-05-31T10:43:49.819Z,3,v3,,
high_school_macroeconomics/test/169,Global-MMLU,Nhu,CA,TRA,2026-05-31T23:15:31.794Z,3,v3,,
high_school_macroeconomics/test/170,Global-MMLU,Khang,CA,TRA,2026-05-31T05:43:49.819Z,3,v3,,
high_school_macroeconomics/test/170,Global-MMLU,Ngoc,CA,TRA,2026-05-31T10:43:49.819Z,3,v3,,
high_school_macroeconomics/test/170,Global-MMLU,Nhu,CA,TRA,2026-05-31T23:15:31.794Z,3,v3,,
high_school_macroeconomics/test/171,Global-MMLU,Khang,CA,TRA,2026-05-31T05:43:49.819Z,3,v3,,
high_school_macroeconomics/test/171,Global-MMLU,Ngoc,CA,TRA,2026-05-31T10:43:49.819Z,3,v3,,
high_school_macroeconomics/test/171,Global-MMLU,Nhu,CA,TRA,2026-05-31T23:15:31.794Z,3,v3,,
high_school_macroeconomics/test/172,Global-MMLU,Khang,CA,TRA,2026-05-31T05:43:49.819Z,3,v3,,
high_school_macroeconomics/test/172,Global-MMLU,Ngoc,CA,TRA,2026-05-31T10:43:49.819Z,3,v3,,
high_school_macroeconomics/test/172,Global-MMLU,Nhu,CA,TRA,2026-05-31T23:15:31.794Z,3,v3,,
high_school_macroeconomics/test/173,Global-MMLU,Khang,CA,TRA,2026-05-31T05:43:49.819Z,3,v3,,
high_school_macroeconomics/test/173,Global-MMLU,Ngoc,CA,TRA,2026-05-31T10:43:49.819Z,3,v3,,
high_school_macroeconomics/test/173,Global-MMLU,Nhu,CA,TRA,2026-05-31T23:15:31.794Z,3,v3,,
high_school_macroeconomics/test/174,Global-MMLU,Khang,CA,TRA,2026-05-31T05:43:49.819Z,3,v3,,
high_school_macroeconomics/test/174,Global-MMLU,Ngoc,CA,TRA,2026-05-31T10:43:49.819Z,3,v3,,
high_school_macroeconomics/test/174,Global-MMLU,Nhu,CA,TRA,2026-05-31T23:15:31.794Z,3,v3,,
high_school_macroeconomics/test/175,Global-MMLU,Khang,CA,TRA,2026-05-31T05:43:49.819Z,3,v3,,
high_school_macroeconomics/test/175,Global-MMLU,Ngoc,CA,TRA,2026-05-31T10:43:49.819Z,3,v3,,
high_school_macroeconomics/test/175,Global-MMLU,Nhu,CA,TRA,2026-05-31T23:15:31.794Z,3,v3,,
high_school_macroeconomics/test/176,Global-MMLU,Khang,CA,TRA,2026-05-31T05:43:49.819Z,3,v3,,
high_school_macroeconomics/test/176,Global-MMLU,Ngoc,CA,TRA,2026-05-31T10:43:49.819Z,3,v3,,
high_school_macroeconomics/test/176,Global-MMLU,Nhu,CA,TRA,2026-05-31T23:15:31.794Z,3,v3,,
high_school_macroeconomics/test/177,Global-MMLU,Khang,CA,TRA,2026-05-31T05:43:49.819Z,3,v3,,
high_school_macroeconomics/test/177,Global-MMLU,Ngoc,CA,TRA,2026-05-31T10:43:49.819Z,3,v3,,
high_school_macroeconomics/test/177,Global-MMLU,Nhu,CA,TRA,2026-05-31T23:15:31.794Z,3,v3,,
high_school_macroeconomics/test/178,Global-MMLU,Khang,CA,TRA,2026-05-31T05:43:49.819Z,3,v3,,
high_school_macroeconomics/test/178,Global-MMLU,Ngoc,CA,TRA,2026-05-31T10:43:49.819Z,3,v3,,
high_school_macroeconomics/test/178,Global-MMLU,Nhu,CA,TRA,2026-05-31T23:15:31.794Z,3,v3,,
high_school_macroeconomics/test/179,Global-MMLU,Khang,CA,TRA,2026-05-31T05:43:49.819Z,3,v3,,
high_school_macroeconomics/test/179,Global-MMLU,Ngoc,CA,TRA,2026-05-31T10:43:49.819Z,3,v3,,
high_school_macroeconomics/test/179,Global-MMLU,Nhu,CA,TRA,2026-05-31T23:15:31.794Z,3,v3,,
high_school_macroeconomics/test/180,Global-MMLU,Khang,CA,TRA,2026-05-31T05:43:49.819Z,3,v3,,
high_school_macroeconomics/test/180,Global-MMLU,Ngoc,CA,TRA,2026-05-31T10:43:49.819Z,3,v3,,
high_school_macroeconomics/test/180,Global-MMLU,Nhu,CA,TRA,2026-05-31T23:15:31.794Z,3,v3,,
high_school_macroeconomics/test/181,Global-MMLU,Khang,CA,TRA,2026-05-31T05:43:49.819Z,3,v3,,
high_school_macroeconomics/test/181,Global-MMLU,Ngoc,CA,TRA,2026-05-31T10:43:49.819Z,3,v3,,
high_school_macroeconomics/test/181,Global-MMLU,Nhu,CA,TRA,2026-05-31T23:15:31.794Z,3,v3,,
high_school_macroeconomics/test/182,Global-MMLU,Khang,CA,TRA,2026-05-31T05:43:49.819Z,3,v3,,
high_school_macroeconomics/test/182,Global-MMLU,Ngoc,CA,TRA,2026-05-31T10:43:49.819Z,3,v3,,
high_school_macroeconomics/test/182,Global-MMLU,Nhu,CA,TRA,2026-05-31T23:15:31.794Z,3,v3,,
high_school_macroeconomics/test/183,Global-MMLU,Khang,CA,TRA,2026-05-31T05:43:49.819Z,3,v3,,
high_school_macroeconomics/test/183,Global-MMLU,Ngoc,CA,TRA,2026-05-31T10:43:49.819Z,3,v3,,
high_school_macroeconomics/test/183,Global-MMLU,Nhu,CA,TRA,2026-05-31T23:15:31.794Z,3,v3,,
high_school_macroeconomics/test/184,Global-MMLU,Khang,CA,TRA,2026-05-31T05:43:49.819Z,3,v3,,
high_school_macroeconomics/test/184,Global-MMLU,Ngoc,CA,TRA,2026-05-31T10:43:49.819Z,3,v3,,
high_school_macroeconomics/test/184,Global-MMLU,Nhu,CA,TRA,2026-05-31T23:15:31.794Z,3,v3,,
high_school_macroeconomics/test/185,Global-MMLU,Khang,CA,TRA,2026-05-31T05:43:49.819Z,3,v3,,
high_school_macroeconomics/test/185,Global-MMLU,Ngoc,CA,TRA,2026-05-31T10:43:49.819Z,3,v3,,
high_school_macroeconomics/test/185,Global-MMLU,Nhu,CA,TRA,2026-05-31T23:15:31.794Z,3,v3,,
high_school_macroeconomics/test/186,Global-MMLU,Khang,CA,TRA,2026-05-31T05:43:49.819Z,3,v3,,
high_school_macroeconomics/test/186,Global-MMLU,Ngoc,CA,TRA,2026-05-31T10:43:49.819Z,3,v3,,
high_school_macroeconomics/test/186,Global-MMLU,Nhu,CA,TRA,2026-05-31T23:15:31.794Z,3,v3,,
high_school_macroeconomics/test/187,Global-MMLU,Khang,CA,TRA,2026-05-31T05:43:49.819Z,3,v3,,
high_school_macroeconomics/test/187,Global-MMLU,Ngoc,CA,TRA,2026-05-31T10:43:49.819Z,3,v3,,
high_school_macroeconomics/test/187,Global-MMLU,Nhu,CA,TRA,2026-05-31T23:15:31.794Z,3,v3,,
high_school_macroeconomics/test/188,Global-MMLU,Khang,CA,TRA,2026-05-31T05:43:49.819Z,3,v3,,
high_school_macroeconomics/test/188,Global-MMLU,Ngoc,CA,TRA,2026-05-31T10:43:49.819Z,3,v3,,
high_school_macroeconomics/test/188,Global-MMLU,Nhu,CA,TRA,2026-05-31T23:15:31.794Z,3,v3,,
high_school_macroeconomics/test/189,Global-MMLU,Khang,CA,TRA,2026-05-31T05:43:49.819Z,3,v3,,
high_school_macroeconomics/test/189,Global-MMLU,Ngoc,CA,TRA,2026-05-31T10:43:49.819Z,3,v3,,
high_school_macroeconomics/test/189,Global-MMLU,Nhu,CA,TRA,2026-05-31T23:15:31.794Z,3,v3,,
high_school_macroeconomics/test/190,Global-MMLU,Khang,CA,TRA,2026-05-31T05:43:49.819Z,3,v3,,
high_school_macroeconomics/test/190,Global-MMLU,Ngoc,CA,TRA,2026-05-31T10:43:49.819Z,3,v3,,
high_school_macroeconomics/test/190,Global-MMLU,Nhu,CA,TRA,2026-05-31T23:15:31.794Z,3,v3,,
high_school_macroeconomics/test/191,Global-MMLU,Khang,CA,TRA,2026-05-31T05:43:49.819Z,3,v3,,
high_school_macroeconomics/test/191,Global-MMLU,Ngoc,CA,TRA,2026-05-31T10:43:49.819Z,3,v3,,
high_school_macroeconomics/test/191,Global-MMLU,Nhu,CA,TRA,2026-05-31T23:15:31.794Z,3,v3,,
high_school_macroeconomics/test/192,Global-MMLU,Khang,CA,TRA,2026-05-31T05:43:49.819Z,3,v3,,
high_school_macroeconomics/test/192,Global-MMLU,Ngoc,CA,TRA,2026-05-31T10:43:49.819Z,3,v3,,
high_school_macroeconomics/test/192,Global-MMLU,Nhu,CA,TRA,2026-05-31T23:15:31.794Z,3,v3,,
high_school_macroeconomics/test/193,Global-MMLU,Khang,CA,TRA,2026-05-31T05:43:49.819Z,3,v3,,
high_school_macroeconomics/test/193,Global-MMLU,Ngoc,CA,TRA,2026-05-31T10:43:49.819Z,3,v3,,
high_school_macroeconomics/test/193,Global-MMLU,Nhu,CA,TRA,2026-05-31T23:15:31.794Z,3,v3,,
high_school_macroeconomics/test/194,Global-MMLU,Khang,CS-E,TRA,2026-05-31T05:43:49.819Z,3,v3,,
high_school_macroeconomics/test/194,Global-MMLU,Ngoc,CS-E,TRA,2026-05-31T10:43:49.819Z,3,v3,,
high_school_macroeconomics/test/194,Global-MMLU,Nhu,CS-E,TRA,2026-05-31T23:15:31.794Z,3,v3,,
high_school_macroeconomics/test/195,Global-MMLU,Khang,CA,TRA,2026-05-31T05:43:49.819Z,3,v3,,
high_school_macroeconomics/test/195,Global-MMLU,Ngoc,CA,TRA,2026-05-31T10:43:49.819Z,3,v3,,
high_school_macroeconomics/test/195,Global-MMLU,Nhu,CA,TRA,2026-05-31T23:15:31.794Z,3,v3,,
high_school_macroeconomics/test/196,Global-MMLU,Khang,CA,TRA,2026-05-31T05:43:49.819Z,3,v3,,
high_school_macroeconomics/test/196,Global-MMLU,Ngoc,CA,TRA,2026-05-31T10:43:49.819Z,3,v3,,
high_school_macroeconomics/test/196,Global-MMLU,Nhu,CA,TRA,2026-05-31T23:15:31.794Z,3,v3,,
high_school_macroeconomics/test/197,Global-MMLU,Khang,CA,TRA,2026-05-31T05:43:49.819Z,3,v3,,
high_school_macroeconomics/test/197,Global-MMLU,Ngoc,CA,TRA,2026-05-31T10:43:49.819Z,3,v3,,
high_school_macroeconomics/test/197,Global-MMLU,Nhu,CA,TRA,2026-05-31T23:15:31.794Z,3,v3,,
high_school_macroeconomics/test/198,Global-MMLU,Khang,CA,TRA,2026-05-31T05:43:49.819Z,3,v3,,
high_school_macroeconomics/test/198,Global-MMLU,Ngoc,CA,TRA,2026-05-31T10:43:49.819Z,3,v3,,
high_school_macroeconomics/test/198,Global-MMLU,Nhu,CA,TRA,2026-05-31T23:15:31.794Z,3,v3,,
high_school_macroeconomics/test/199,Global-MMLU,Khang,CA,TRA,2026-05-31T05:43:49.819Z,3,v3,,
high_school_macroeconomics/test/199,Global-MMLU,Ngoc,CA,TRA,2026-05-31T10:43:49.819Z,3,v3,,
high_school_macroeconomics/test/199,Global-MMLU,Nhu,CA,TRA,2026-05-31T23:15:31.794Z,3,v3,,
high_school_macroeconomics/test/200,Global-MMLU,Khang,CA,TRA,2026-05-31T05:43:49.819Z,3,v3,,
high_school_macroeconomics/test/200,Global-MMLU,Ngoc,CA,TRA,2026-05-31T10:43:49.819Z,3,v3,,
high_school_macroeconomics/test/200,Global-MMLU,Nhu,CA,TRA,2026-05-31T23:15:31.794Z,3,v3,,
high_school_macroeconomics/test/201,Global-MMLU,Khang,CA,TRA,2026-05-31T05:43:49.819Z,3,v3,,
high_school_macroeconomics/test/201,Global-MMLU,Ngoc,CA,TRA,2026-05-31T10:43:49.819Z,3,v3,,
high_school_macroeconomics/test/201,Global-MMLU,Nhu,CA,TRA,2026-05-31T23:15:31.794Z,3,v3,,
high_school_macroeconomics/test/202,Global-MMLU,Khang,CA,TRA,2026-05-31T05:43:49.819Z,3,v3,,
high_school_macroeconomics/test/202,Global-MMLU,Ngoc,CA,TRA,2026-05-31T10:43:49.819Z,3,v3,,
high_school_macroeconomics/test/202,Global-MMLU,Nhu,CA,TRA,2026-05-31T23:15:31.794Z,3,v3,,
high_school_macroeconomics/test/203,Global-MMLU,Khang,CA,TRA,2026-05-31T05:43:49.819Z,3,v3,,
high_school_macroeconomics/test/203,Global-MMLU,Ngoc,CA,TRA,2026-05-31T10:43:49.819Z,3,v3,,
high_school_macroeconomics/test/203,Global-MMLU,Nhu,CA,TRA,2026-05-31T23:15:31.794Z,3,v3,,
high_school_macroeconomics/test/204,Global-MMLU,Khang,CA,TRA,2026-05-31T05:43:49.819Z,3,v3,,
high_school_macroeconomics/test/204,Global-MMLU,Ngoc,CA,TRA,2026-05-31T10:43:49.819Z,3,v3,,
high_school_macroeconomics/test/204,Global-MMLU,Nhu,CA,TRA,2026-05-31T23:15:31.794Z,3,v3,,
high_school_macroeconomics/test/205,Global-MMLU,Khang,CA,TRA,2026-05-31T05:43:49.819Z,3,v3,,
high_school_macroeconomics/test/205,Global-MMLU,Ngoc,CA,TRA,2026-05-31T10:43:49.819Z,3,v3,,
high_school_macroeconomics/test/205,Global-MMLU,Nhu,CA,TRA,2026-05-31T23:15:31.794Z,3,v3,,
high_school_macroeconomics/test/206,Global-MMLU,Khang,CA,TRA,2026-05-31T05:43:49.819Z,3,v3,,
high_school_macroeconomics/test/206,Global-MMLU,Ngoc,CA,TRA,2026-05-31T10:43:49.819Z,3,v3,,
high_school_macroeconomics/test/206,Global-MMLU,Nhu,CA,TRA,2026-05-31T23:15:31.794Z,3,v3,,
high_school_macroeconomics/test/207,Global-MMLU,Khang,CA,TRA,2026-05-31T05:43:49.819Z,3,v3,,
high_school_macroeconomics/test/207,Global-MMLU,Ngoc,CA,TRA,2026-05-31T10:43:49.819Z,3,v3,,
high_school_macroeconomics/test/207,Global-MMLU,Nhu,CA,TRA,2026-05-31T23:15:31.794Z,3,v3,,
high_school_macroeconomics/test/208,Global-MMLU,Khang,CA,TRA,2026-05-31T05:43:49.819Z,3,v3,,
high_school_macroeconomics/test/208,Global-MMLU,Ngoc,CA,TRA,2026-05-31T10:43:49.819Z,3,v3,,
high_school_macroeconomics/test/208,Global-MMLU,Nhu,CA,TRA,2026-05-31T23:15:31.794Z,3,v3,,
high_school_macroeconomics/test/209,Global-MMLU,Khang,CA,TRA,2026-05-31T05:43:49.819Z,3,v3,,
high_school_macroeconomics/test/209,Global-MMLU,Ngoc,CA,TRA,2026-05-31T10:43:49.819Z,3,v3,,
high_school_macroeconomics/test/209,Global-MMLU,Nhu,CA,TRA,2026-05-31T23:15:31.794Z,3,v3,,
high_school_macroeconomics/test/210,Global-MMLU,Khang,CA,TRA,2026-05-31T05:43:49.819Z,3,v3,,
high_school_macroeconomics/test/210,Global-MMLU,Ngoc,CA,TRA,2026-05-31T10:43:49.819Z,3,v3,,
high_school_macroeconomics/test/210,Global-MMLU,Nhu,CA,TRA,2026-05-31T23:15:31.794Z,3,v3,,
high_school_macroeconomics/test/211,Global-MMLU,Khang,CA,TRA,2026-05-31T05:43:49.819Z,3,v3,,
high_school_macroeconomics/test/211,Global-MMLU,Ngoc,CA,TRA,2026-05-31T10:43:49.819Z,3,v3,,
high_school_macroeconomics/test/211,Global-MMLU,Nhu,CA,TRA,2026-05-31T23:15:31.794Z,3,v3,,
high_school_macroeconomics/test/212,Global-MMLU,Khang,CA,TRA,2026-05-31T05:43:49.819Z,3,v3,,
high_school_macroeconomics/test/212,Global-MMLU,Ngoc,CA,TRA,2026-05-31T10:43:49.819Z,3,v3,,
high_school_macroeconomics/test/212,Global-MMLU,Nhu,CA,TRA,2026-05-31T23:15:31.794Z,3,v3,,
high_school_macroeconomics/test/213,Global-MMLU,Khang,CA,TRA,2026-05-31T05:43:49.819Z,3,v3,,
high_school_macroeconomics/test/213,Global-MMLU,Ngoc,CA,TRA,2026-05-31T10:43:49.819Z,3,v3,,
high_school_macroeconomics/test/213,Global-MMLU,Nhu,CA,TRA,2026-05-31T23:15:31.794Z,3,v3,,
high_school_macroeconomics/test/214,Global-MMLU,Khang,CA,TRA,2026-05-31T05:43:49.819Z,3,v3,,
high_school_macroeconomics/test/214,Global-MMLU,Ngoc,CA,TRA,2026-05-31T10:43:49.819Z,3,v3,,
high_school_macroeconomics/test/214,Global-MMLU,Nhu,CA,TRA,2026-05-31T23:15:31.794Z,3,v3,,
high_school_macroeconomics/test/215,Global-MMLU,Khang,CA,TRA,2026-05-31T05:43:49.819Z,3,v3,,
high_school_macroeconomics/test/215,Global-MMLU,Ngoc,CA,TRA,2026-05-31T10:43:49.819Z,3,v3,,
high_school_macroeconomics/test/215,Global-MMLU,Nhu,CA,TRA,2026-05-31T23:15:31.794Z,3,v3,,
high_school_macroeconomics/test/216,Global-MMLU,Khang,CA,TRA,2026-05-31T05:43:49.819Z,3,v3,,
high_school_macroeconomics/test/216,Global-MMLU,Ngoc,CA,TRA,2026-05-31T10:43:49.819Z,3,v3,,
high_school_macroeconomics/test/216,Global-MMLU,Nhu,CA,TRA,2026-05-31T23:15:31.794Z,3,v3,,
high_school_macroeconomics/test/217,Global-MMLU,Khang,CA,TRA,2026-05-31T05:43:49.819Z,3,v3,,
high_school_macroeconomics/test/217,Global-MMLU,Ngoc,CA,TRA,2026-05-31T10:43:49.819Z,3,v3,,
high_school_macroeconomics/test/217,Global-MMLU,Nhu,CA,TRA,2026-05-31T23:15:31.794Z,3,v3,,
high_school_macroeconomics/test/218,Global-MMLU,Khang,CA,TRA,2026-05-31T05:43:49.819Z,3,v3,,
high_school_macroeconomics/test/218,Global-MMLU,Ngoc,CA,TRA,2026-05-31T10:43:49.819Z,3,v3,,
high_school_macroeconomics/test/218,Global-MMLU,Nhu,CA,TRA,2026-05-31T23:15:31.794Z,3,v3,,
high_school_macroeconomics/test/219,Global-MMLU,Khang,CA,TRA,2026-05-31T05:43:49.819Z,3,v3,,
high_school_macroeconomics/test/219,Global-MMLU,Ngoc,CA,TRA,2026-05-31T10:43:49.819Z,3,v3,,
high_school_macroeconomics/test/219,Global-MMLU,Nhu,CA,TRA,2026-05-31T23:15:31.794Z,3,v3,,
high_school_macroeconomics/test/220,Global-MMLU,Khang,CA,TRA,2026-05-31T05:43:49.819Z,3,v3,,
high_school_macroeconomics/test/220,Global-MMLU,Ngoc,CA,TRA,2026-05-31T10:43:49.819Z,3,v3,,
high_school_macroeconomics/test/220,Global-MMLU,Nhu,CA,TRA,2026-05-31T23:15:31.794Z,3,v3,,
high_school_macroeconomics/test/221,Global-MMLU,Khang,CA,TRA,2026-05-31T05:43:49.819Z,3,v3,,
high_school_macroeconomics/test/221,Global-MMLU,Ngoc,CA,TRA,2026-05-31T10:43:49.819Z,3,v3,,
high_school_macroeconomics/test/221,Global-MMLU,Nhu,CA,TRA,2026-05-31T23:15:31.794Z,3,v3,,
high_school_macroeconomics/test/222,Global-MMLU,Khang,CA,TRA,2026-05-31T05:43:49.819Z,3,v3,,
high_school_macroeconomics/test/222,Global-MMLU,Ngoc,CA,TRA,2026-05-31T10:43:49.819Z,3,v3,,
high_school_macroeconomics/test/222,Global-MMLU,Nhu,CA,TRA,2026-05-31T23:15:31.794Z,3,v3,,
high_school_macroeconomics/test/223,Global-MMLU,Khang,CA,TRA,2026-05-31T05:43:49.819Z,3,v3,,
high_school_macroeconomics/test/223,Global-MMLU,Ngoc,CA,TRA,2026-05-31T10:43:49.819Z,3,v3,,
high_school_macroeconomics/test/223,Global-MMLU,Nhu,CA,TRA,2026-05-31T23:15:31.794Z,3,v3,,
high_school_macroeconomics/test/224,Global-MMLU,Khang,CA,TRA,2026-05-31T05:43:49.819Z,3,v3,,
high_school_macroeconomics/test/224,Global-MMLU,Ngoc,CA,TRA,2026-05-31T10:43:49.819Z,3,v3,,
high_school_macroeconomics/test/224,Global-MMLU,Nhu,CA,TRA,2026-05-31T23:15:31.794Z,3,v3,,
high_school_macroeconomics/test/225,Global-MMLU,Khang,CA,TRA,2026-05-31T05:43:49.819Z,3,v3,,
high_school_macroeconomics/test/225,Global-MMLU,Ngoc,CA,TRA,2026-05-31T10:43:49.819Z,3,v3,,
high_school_macroeconomics/test/225,Global-MMLU,Nhu,CA,TRA,2026-05-31T23:15:31.794Z,3,v3,,
high_school_macroeconomics/test/226,Global-MMLU,Khang,CA,TRA,2026-05-31T05:43:49.819Z,3,v3,,
high_school_macroeconomics/test/226,Global-MMLU,Ngoc,CA,TRA,2026-05-31T10:43:49.819Z,3,v3,,
high_school_macroeconomics/test/226,Global-MMLU,Nhu,CA,TRA,2026-05-31T23:15:31.794Z,3,v3,,
high_school_macroeconomics/test/227,Global-MMLU,Khang,CA,TRA,2026-05-31T05:43:49.819Z,3,v3,,
high_school_macroeconomics/test/227,Global-MMLU,Ngoc,CA,TRA,2026-05-31T10:43:49.819Z,3,v3,,
high_school_macroeconomics/test/227,Global-MMLU,Nhu,CA,TRA,2026-05-31T23:15:31.794Z,3,v3,,
high_school_macroeconomics/test/228,Global-MMLU,Khang,CA,TRA,2026-05-31T05:43:49.819Z,3,v3,,
high_school_macroeconomics/test/228,Global-MMLU,Ngoc,CA,TRA,2026-05-31T10:43:49.819Z,3,v3,,
high_school_macroeconomics/test/228,Global-MMLU,Nhu,CA,TRA,2026-05-31T23:15:31.794Z,3,v3,,
high_school_macroeconomics/test/229,Global-MMLU,Khang,CA,TRA,2026-05-31T05:43:49.819Z,3,v3,,
high_school_macroeconomics/test/229,Global-MMLU,Ngoc,CA,TRA,2026-05-31T10:43:49.819Z,3,v3,,
high_school_macroeconomics/test/229,Global-MMLU,Nhu,CA,TRA,2026-05-31T23:15:31.794Z,3,v3,,
high_school_macroeconomics/test/230,Global-MMLU,Khang,CA,TRA,2026-05-31T05:43:49.819Z,3,v3,,
high_school_macroeconomics/test/230,Global-MMLU,Ngoc,CA,TRA,2026-05-31T10:43:49.819Z,3,v3,,
high_school_macroeconomics/test/230,Global-MMLU,Nhu,CA,TRA,2026-05-31T23:15:31.794Z,3,v3,,
high_school_macroeconomics/test/231,Global-MMLU,Khang,CA,TRA,2026-05-31T05:43:49.819Z,3,v3,,
high_school_macroeconomics/test/231,Global-MMLU,Ngoc,CA,TRA,2026-05-31T10:43:49.819Z,3,v3,,
high_school_macroeconomics/test/231,Global-MMLU,Nhu,CA,TRA,2026-05-31T23:15:31.794Z,3,v3,,
high_school_macroeconomics/test/232,Global-MMLU,Khang,CA,TRA,2026-05-31T05:43:49.819Z,3,v3,,
high_school_macroeconomics/test/232,Global-MMLU,Ngoc,CA,TRA,2026-05-31T10:43:49.819Z,3,v3,,
high_school_macroeconomics/test/232,Global-MMLU,Nhu,CA,TRA,2026-05-31T23:15:31.794Z,3,v3,,
high_school_macroeconomics/test/233,Global-MMLU,Khang,CA,TRA,2026-05-31T05:43:49.819Z,3,v3,,
high_school_macroeconomics/test/233,Global-MMLU,Ngoc,CA,TRA,2026-05-31T10:43:49.819Z,3,v3,,
high_school_macroeconomics/test/233,Global-MMLU,Nhu,CA,TRA,2026-05-31T23:15:31.794Z,3,v3,,
high_school_macroeconomics/test/234,Global-MMLU,Khang,CA,TRA,2026-05-31T05:43:49.819Z,3,v3,,
high_school_macroeconomics/test/234,Global-MMLU,Ngoc,CA,TRA,2026-05-31T10:43:49.819Z,3,v3,,
high_school_macroeconomics/test/234,Global-MMLU,Nhu,CA,TRA,2026-05-31T23:15:31.794Z,3,v3,,
high_school_macroeconomics/test/235,Global-MMLU,Khang,CA,TRA,2026-05-31T05:43:49.819Z,3,v3,,
high_school_macroeconomics/test/235,Global-MMLU,Ngoc,CA,TRA,2026-05-31T10:43:49.819Z,3,v3,,
high_school_macroeconomics/test/235,Global-MMLU,Nhu,CA,TRA,2026-05-31T23:15:31.794Z,3,v3,,
high_school_macroeconomics/test/236,Global-MMLU,Khang,CA,TRA,2026-05-31T05:43:49.819Z,3,v3,,
high_school_macroeconomics/test/236,Global-MMLU,Ngoc,CA,TRA,2026-05-31T10:43:49.819Z,3,v3,,
high_school_macroeconomics/test/236,Global-MMLU,Nhu,CA,TRA,2026-05-31T23:15:31.794Z,3,v3,,
high_school_macroeconomics/test/237,Global-MMLU,Khang,CA,TRA,2026-05-31T05:43:49.819Z,3,v3,,
high_school_macroeconomics/test/237,Global-MMLU,Ngoc,CA,TRA,2026-05-31T10:43:49.819Z,3,v3,,
high_school_macroeconomics/test/237,Global-MMLU,Nhu,CA,TRA,2026-05-31T23:15:31.794Z,3,v3,,
high_school_macroeconomics/test/238,Global-MMLU,Khang,CA,TRA,2026-05-31T05:43:49.819Z,3,v3,,
high_school_macroeconomics/test/238,Global-MMLU,Ngoc,CA,TRA,2026-05-31T10:43:49.819Z,3,v3,,
high_school_macroeconomics/test/238,Global-MMLU,Nhu,CA,TRA,2026-05-31T23:15:31.794Z,3,v3,,
high_school_macroeconomics/test/239,Global-MMLU,Khang,CA,TRA,2026-05-31T05:43:49.819Z,3,v3,,
high_school_macroeconomics/test/239,Global-MMLU,Ngoc,CA,TRA,2026-05-31T10:43:49.819Z,3,v3,,
high_school_macroeconomics/test/239,Global-MMLU,Nhu,CA,TRA,2026-05-31T23:15:31.794Z,3,v3,,
high_school_macroeconomics/test/240,Global-MMLU,Khang,CA,TRA,2026-05-31T05:43:49.819Z,3,v3,,
high_school_macroeconomics/test/240,Global-MMLU,Ngoc,CA,TRA,2026-05-31T10:43:49.819Z,3,v3,,
high_school_macroeconomics/test/240,Global-MMLU,Nhu,CA,TRA,2026-05-31T23:15:31.794Z,3,v3,,
high_school_macroeconomics/test/241,Global-MMLU,Khang,CA,TRA,2026-05-31T05:43:49.819Z,3,v3,,
high_school_macroeconomics/test/241,Global-MMLU,Ngoc,CA,TRA,2026-05-31T10:43:49.819Z,3,v3,,
high_school_macroeconomics/test/241,Global-MMLU,Nhu,CA,TRA,2026-05-31T23:15:31.794Z,3,v3,,
high_school_macroeconomics/test/242,Global-MMLU,Khang,CA,TRA,2026-05-31T05:43:49.819Z,3,v3,,
high_school_macroeconomics/test/242,Global-MMLU,Ngoc,CA,TRA,2026-05-31T10:43:49.819Z,3,v3,,
high_school_macroeconomics/test/242,Global-MMLU,Nhu,CA,TRA,2026-05-31T23:15:31.794Z,3,v3,,
high_school_macroeconomics/test/243,Global-MMLU,Khang,CA,TRA,2026-05-31T05:43:49.819Z,3,v3,,
high_school_macroeconomics/test/243,Global-MMLU,Ngoc,CA,TRA,2026-05-31T10:43:49.819Z,3,v3,,
high_school_macroeconomics/test/243,Global-MMLU,Nhu,CA,TRA,2026-05-31T23:15:31.794Z,3,v3,,
high_school_macroeconomics/test/244,Global-MMLU,Khang,CA,TRA,2026-05-31T05:43:49.819Z,3,v3,,
high_school_macroeconomics/test/244,Global-MMLU,Ngoc,CA,TRA,2026-05-31T10:43:49.819Z,3,v3,,
high_school_macroeconomics/test/244,Global-MMLU,Nhu,CA,TRA,2026-05-31T23:15:31.794Z,3,v3,,
high_school_macroeconomics/test/245,Global-MMLU,Khang,CA,TRA,2026-05-31T05:43:49.819Z,3,v3,,
high_school_macroeconomics/test/245,Global-MMLU,Ngoc,CA,TRA,2026-05-31T10:43:49.819Z,3,v3,,
high_school_macroeconomics/test/245,Global-MMLU,Nhu,CA,TRA,2026-05-31T23:15:31.794Z,3,v3,,
high_school_macroeconomics/test/246,Global-MMLU,Khang,CA,TRA,2026-05-31T05:43:49.819Z,3,v3,,
high_school_macroeconomics/test/246,Global-MMLU,Ngoc,CA,TRA,2026-05-31T10:43:49.819Z,3,v3,,
high_school_macroeconomics/test/246,Global-MMLU,Nhu,CA,TRA,2026-05-31T23:15:31.794Z,3,v3,,
high_school_macroeconomics/test/247,Global-MMLU,Khang,CA,TRA,2026-05-31T05:43:49.819Z,3,v3,,
high_school_macroeconomics/test/247,Global-MMLU,Ngoc,CA,TRA,2026-05-31T10:43:49.819Z,3,v3,,
high_school_macroeconomics/test/247,Global-MMLU,Nhu,CA,TRA,2026-05-31T23:15:31.794Z,3,v3,,
high_school_macroeconomics/test/248,Global-MMLU,Khang,CA,TRA,2026-05-31T05:43:49.819Z,3,v3,,
high_school_macroeconomics/test/248,Global-MMLU,Ngoc,CA,TRA,2026-05-31T10:43:49.819Z,3,v3,,
high_school_macroeconomics/test/248,Global-MMLU,Nhu,CA,TRA,2026-05-31T23:15:31.794Z,3,v3,,
high_school_macroeconomics/test/249,Global-MMLU,Khang,CA,TRA,2026-05-31T05:43:49.819Z,3,v3,,
high_school_macroeconomics/test/249,Global-MMLU,Ngoc,CA,TRA,2026-05-31T10:43:49.819Z,3,v3,,
high_school_macroeconomics/test/249,Global-MMLU,Nhu,CA,TRA,2026-05-31T23:15:31.794Z,3,v3,,
high_school_macroeconomics/test/250,Global-MMLU,Khang,CA,TRA,2026-05-31T05:43:49.819Z,3,v3,,
high_school_macroeconomics/test/250,Global-MMLU,Ngoc,CA,TRA,2026-05-31T10:43:49.819Z,3,v3,,
high_school_macroeconomics/test/250,Global-MMLU,Nhu,CA,TRA,2026-05-31T23:15:31.794Z,3,v3,,
high_school_macroeconomics/test/251,Global-MMLU,Khang,CA,TRA,2026-05-31T05:43:49.819Z,3,v3,,
high_school_macroeconomics/test/251,Global-MMLU,Ngoc,CA,TRA,2026-05-31T10:43:49.819Z,3,v3,,
high_school_macroeconomics/test/251,Global-MMLU,Nhu,CA,TRA,2026-05-31T23:15:31.794Z,3,v3,,
high_school_macroeconomics/test/252,Global-MMLU,Khang,CA,TRA,2026-05-31T05:43:49.819Z,3,v3,,
high_school_macroeconomics/test/252,Global-MMLU,Ngoc,CA,TRA,2026-05-31T10:43:49.819Z,3,v3,,
high_school_macroeconomics/test/252,Global-MMLU,Nhu,CA,TRA,2026-05-31T23:15:31.794Z,3,v3,,
high_school_macroeconomics/test/253,Global-MMLU,Khang,CA,TRA,2026-05-31T05:43:49.819Z,3,v3,,
high_school_macroeconomics/test/253,Global-MMLU,Ngoc,CA,TRA,2026-05-31T10:43:49.819Z,3,v3,,
high_school_macroeconomics/test/253,Global-MMLU,Nhu,CA,TRA,2026-05-31T23:15:31.794Z,3,v3,,
high_school_macroeconomics/test/254,Global-MMLU,Khang,CA,TRA,2026-05-31T05:43:49.819Z,3,v3,,
high_school_macroeconomics/test/254,Global-MMLU,Ngoc,CA,TRA,2026-05-31T10:43:49.819Z,3,v3,,
high_school_macroeconomics/test/254,Global-MMLU,Nhu,CA,TRA,2026-05-31T23:15:31.794Z,3,v3,,
high_school_macroeconomics/test/255,Global-MMLU,Khang,CA,TRA,2026-05-31T05:43:49.819Z,3,v3,,
high_school_macroeconomics/test/255,Global-MMLU,Ngoc,CA,TRA,2026-05-31T10:43:49.819Z,3,v3,,
high_school_macroeconomics/test/255,Global-MMLU,Nhu,CA,TRA,2026-05-31T23:15:31.794Z,3,v3,,
high_school_macroeconomics/test/256,Global-MMLU,Khang,CA,TRA,2026-05-31T05:43:49.819Z,3,v3,,
high_school_macroeconomics/test/256,Global-MMLU,Ngoc,CA,TRA,2026-05-31T10:43:49.819Z,3,v3,,
high_school_macroeconomics/test/256,Global-MMLU,Nhu,CA,TRA,2026-05-31T23:15:31.794Z,3,v3,,
high_school_macroeconomics/test/257,Global-MMLU,Khang,CA,TRA,2026-05-31T05:43:49.819Z,3,v3,,
high_school_macroeconomics/test/257,Global-MMLU,Ngoc,CA,TRA,2026-05-31T10:43:49.819Z,3,v3,,
high_school_macroeconomics/test/257,Global-MMLU,Nhu,CA,TRA,2026-05-31T23:15:31.794Z,3,v3,,
high_school_macroeconomics/test/258,Global-MMLU,Khang,CA,TRA,2026-05-31T05:43:49.819Z,3,v3,,
high_school_macroeconomics/test/258,Global-MMLU,Ngoc,CA,TRA,2026-05-31T10:43:49.819Z,3,v3,,
high_school_macroeconomics/test/258,Global-MMLU,Nhu,CA,TRA,2026-05-31T23:15:31.794Z,3,v3,,
high_school_macroeconomics/test/259,Global-MMLU,Khang,CA,TRA,2026-05-31T05:43:49.819Z,3,v3,,
high_school_macroeconomics/test/259,Global-MMLU,Ngoc,CA,TRA,2026-05-31T10:43:49.819Z,3,v3,,
high_school_macroeconomics/test/259,Global-MMLU,Nhu,CA,TRA,2026-05-31T23:15:31.794Z,3,v3,,
high_school_macroeconomics/test/260,Global-MMLU,Khang,CA,TRA,2026-05-31T05:43:49.819Z,3,v3,,
high_school_macroeconomics/test/260,Global-MMLU,Ngoc,CA,TRA,2026-05-31T10:43:49.819Z,3,v3,,
high_school_macroeconomics/test/260,Global-MMLU,Nhu,CA,TRA,2026-05-31T23:15:31.794Z,3,v3,,
high_school_macroeconomics/test/261,Global-MMLU,Khang,CA,TRA,2026-05-31T05:43:49.819Z,3,v3,,
high_school_macroeconomics/test/261,Global-MMLU,Ngoc,CA,TRA,2026-05-31T10:43:49.819Z,3,v3,,
high_school_macroeconomics/test/261,Global-MMLU,Nhu,CA,TRA,2026-05-31T23:15:31.794Z,3,v3,,
high_school_macroeconomics/test/262,Global-MMLU,Khang,CA,TRA,2026-05-31T05:43:49.819Z,3,v3,,
high_school_macroeconomics/test/262,Global-MMLU,Ngoc,CA,TRA,2026-05-31T10:43:49.819Z,3,v3,,
high_school_macroeconomics/test/262,Global-MMLU,Nhu,CA,TRA,2026-05-31T23:15:31.794Z,3,v3,,
high_school_macroeconomics/test/263,Global-MMLU,Khang,CA,TRA,2026-05-31T05:43:49.819Z,3,v3,,
high_school_macroeconomics/test/263,Global-MMLU,Ngoc,CA,TRA,2026-05-31T10:43:49.819Z,3,v3,,
high_school_macroeconomics/test/263,Global-MMLU,Nhu,CA,TRA,2026-05-31T23:15:31.794Z,3,v3,,
high_school_macroeconomics/test/264,Global-MMLU,Khang,CA,TRA,2026-05-31T05:43:49.819Z,3,v3,,
high_school_macroeconomics/test/264,Global-MMLU,Ngoc,CA,TRA,2026-05-31T10:43:49.819Z,3,v3,,
high_school_macroeconomics/test/264,Global-MMLU,Nhu,CA,TRA,2026-05-31T23:15:31.794Z,3,v3,,
high_school_macroeconomics/test/265,Global-MMLU,Khang,CA,TRA,2026-05-31T05:43:49.819Z,3,v3,,
high_school_macroeconomics/test/265,Global-MMLU,Ngoc,CA,TRA,2026-05-31T10:43:49.819Z,3,v3,,
high_school_macroeconomics/test/265,Global-MMLU,Nhu,CA,TRA,2026-05-31T23:15:31.794Z,3,v3,,
high_school_macroeconomics/test/266,Global-MMLU,Khang,CA,TRA,2026-05-31T05:43:49.819Z,3,v3,,
high_school_macroeconomics/test/266,Global-MMLU,Ngoc,CA,TRA,2026-05-31T10:43:49.819Z,3,v3,,
high_school_macroeconomics/test/266,Global-MMLU,Nhu,CA,TRA,2026-05-31T23:15:31.794Z,3,v3,,
high_school_macroeconomics/test/267,Global-MMLU,Khang,CS-E,TRA,2026-05-31T05:43:49.819Z,3,v3,,
high_school_macroeconomics/test/267,Global-MMLU,Ngoc,CS-E,TRA,2026-05-31T10:43:49.819Z,3,v3,,
high_school_macroeconomics/test/267,Global-MMLU,Nhu,CS-E,TRA,2026-05-31T23:15:31.794Z,3,v3,,
high_school_macroeconomics/test/268,Global-MMLU,Khang,CA,TRA,2026-05-31T05:43:49.819Z,3,v3,,
high_school_macroeconomics/test/268,Global-MMLU,Ngoc,CA,TRA,2026-05-31T10:43:49.819Z,3,v3,,
high_school_macroeconomics/test/268,Global-MMLU,Nhu,CA,TRA,2026-05-31T23:15:31.794Z,3,v3,,
high_school_macroeconomics/test/269,Global-MMLU,Khang,CA,TRA,2026-05-31T05:43:49.819Z,3,v3,,
high_school_macroeconomics/test/269,Global-MMLU,Ngoc,CA,TRA,2026-05-31T10:43:49.819Z,3,v3,,
high_school_macroeconomics/test/269,Global-MMLU,Nhu,CA,TRA,2026-05-31T23:15:31.794Z,3,v3,,
high_school_macroeconomics/test/270,Global-MMLU,Khang,CA,TRA,2026-05-31T05:43:49.819Z,3,v3,,
high_school_macroeconomics/test/270,Global-MMLU,Ngoc,CA,TRA,2026-05-31T10:43:49.819Z,3,v3,,
high_school_macroeconomics/test/270,Global-MMLU,Nhu,CA,TRA,2026-05-31T23:15:31.794Z,3,v3,,
high_school_macroeconomics/test/271,Global-MMLU,Khang,CA,TRA,2026-05-31T05:43:49.819Z,3,v3,,
high_school_macroeconomics/test/271,Global-MMLU,Ngoc,CA,TRA,2026-05-31T10:43:49.819Z,3,v3,,
high_school_macroeconomics/test/271,Global-MMLU,Nhu,CA,TRA,2026-05-31T23:15:31.794Z,3,v3,,
high_school_macroeconomics/test/272,Global-MMLU,Khang,CA,TRA,2026-05-31T05:43:49.819Z,3,v3,,
high_school_macroeconomics/test/272,Global-MMLU,Ngoc,CA,TRA,2026-05-31T10:43:49.819Z,3,v3,,
high_school_macroeconomics/test/272,Global-MMLU,Nhu,CA,TRA,2026-05-31T23:15:31.794Z,3,v3,,
high_school_macroeconomics/test/273,Global-MMLU,Khang,CA,TRA,2026-05-31T05:43:49.819Z,3,v3,,
high_school_macroeconomics/test/273,Global-MMLU,Ngoc,CA,TRA,2026-05-31T10:43:49.819Z,3,v3,,
high_school_macroeconomics/test/273,Global-MMLU,Nhu,CA,TRA,2026-05-31T23:15:31.794Z,3,v3,,
high_school_macroeconomics/test/274,Global-MMLU,Khang,CA,TRA,2026-05-31T05:43:49.819Z,3,v3,,
high_school_macroeconomics/test/274,Global-MMLU,Ngoc,CA,TRA,2026-05-31T10:43:49.819Z,3,v3,,
high_school_macroeconomics/test/274,Global-MMLU,Nhu,CA,TRA,2026-05-31T23:15:31.794Z,3,v3,,
high_school_macroeconomics/test/275,Global-MMLU,Khang,CA,TRA,2026-05-31T05:43:49.819Z,3,v3,,
high_school_macroeconomics/test/275,Global-MMLU,Ngoc,CA,TRA,2026-05-31T10:43:49.819Z,3,v3,,
high_school_macroeconomics/test/275,Global-MMLU,Nhu,CA,TRA,2026-05-31T23:15:31.794Z,3,v3,,
high_school_macroeconomics/test/276,Global-MMLU,Khang,CA,TRA,2026-05-31T05:43:49.819Z,3,v3,,
high_school_macroeconomics/test/276,Global-MMLU,Ngoc,CA,TRA,2026-05-31T10:43:49.819Z,3,v3,,
high_school_macroeconomics/test/276,Global-MMLU,Nhu,CA,TRA,2026-05-31T23:15:31.794Z,3,v3,,
high_school_macroeconomics/test/277,Global-MMLU,Khang,CA,TRA,2026-05-31T05:43:49.819Z,3,v3,,
high_school_macroeconomics/test/277,Global-MMLU,Ngoc,CA,TRA,2026-05-31T10:43:49.819Z,3,v3,,
high_school_macroeconomics/test/277,Global-MMLU,Nhu,CA,TRA,2026-05-31T23:15:31.794Z,3,v3,,
high_school_macroeconomics/test/278,Global-MMLU,Khang,CA,TRA,2026-05-31T05:43:49.819Z,3,v3,,
high_school_macroeconomics/test/278,Global-MMLU,Ngoc,CA,TRA,2026-05-31T10:43:49.819Z,3,v3,,
high_school_macroeconomics/test/278,Global-MMLU,Nhu,CA,TRA,2026-05-31T23:15:31.794Z,3,v3,,
high_school_macroeconomics/test/279,Global-MMLU,Khang,CA,TRA,2026-05-31T05:43:49.819Z,3,v3,,
high_school_macroeconomics/test/279,Global-MMLU,Ngoc,CA,TRA,2026-05-31T10:43:49.819Z,3,v3,,
high_school_macroeconomics/test/279,Global-MMLU,Nhu,CA,TRA,2026-05-31T23:15:31.794Z,3,v3,,
high_school_macroeconomics/test/280,Global-MMLU,Khang,CS-E,TRA,2026-05-31T05:43:49.819Z,3,v3,,
high_school_macroeconomics/test/280,Global-MMLU,Ngoc,CS-E,TRA,2026-05-31T10:43:49.819Z,3,v3,,
high_school_macroeconomics/test/280,Global-MMLU,Nhu,CS-E,TRA,2026-05-31T23:15:31.794Z,3,v3,,
high_school_macroeconomics/test/281,Global-MMLU,Khang,CA,TRA,2026-05-31T05:43:49.819Z,3,v3,,
high_school_macroeconomics/test/281,Global-MMLU,Ngoc,CA,TRA,2026-05-31T10:43:49.819Z,3,v3,,
high_school_macroeconomics/test/281,Global-MMLU,Nhu,CA,TRA,2026-05-31T23:15:31.794Z,3,v3,,
high_school_macroeconomics/test/282,Global-MMLU,Khang,CA,TRA,2026-05-31T05:43:49.819Z,3,v3,,
high_school_macroeconomics/test/282,Global-MMLU,Ngoc,CA,TRA,2026-05-31T10:43:49.819Z,3,v3,,
high_school_macroeconomics/test/282,Global-MMLU,Nhu,CA,TRA,2026-05-31T23:15:31.794Z,3,v3,,
high_school_macroeconomics/test/283,Global-MMLU,Khang,CA,TRA,2026-05-31T05:43:49.819Z,3,v3,,
high_school_macroeconomics/test/283,Global-MMLU,Ngoc,CA,TRA,2026-05-31T10:43:49.819Z,3,v3,,
high_school_macroeconomics/test/283,Global-MMLU,Nhu,CA,TRA,2026-05-31T23:15:31.794Z,3,v3,,
high_school_macroeconomics/test/284,Global-MMLU,Khang,CA,TRA,2026-05-31T05:43:49.819Z,3,v3,,
high_school_macroeconomics/test/284,Global-MMLU,Ngoc,CA,TRA,2026-05-31T10:43:49.819Z,3,v3,,
high_school_macroeconomics/test/284,Global-MMLU,Nhu,CA,TRA,2026-05-31T23:15:31.794Z,3,v3,,
high_school_macroeconomics/test/285,Global-MMLU,Khang,CA,TRA,2026-05-31T05:43:49.819Z,3,v3,,
high_school_macroeconomics/test/285,Global-MMLU,Ngoc,CA,TRA,2026-05-31T10:43:49.819Z,3,v3,,
high_school_macroeconomics/test/285,Global-MMLU,Nhu,CA,TRA,2026-05-31T23:15:31.794Z,3,v3,,
high_school_macroeconomics/test/286,Global-MMLU,Khang,CA,TRA,2026-05-31T05:43:49.819Z,3,v3,,
high_school_macroeconomics/test/286,Global-MMLU,Ngoc,CA,TRA,2026-05-31T10:43:49.819Z,3,v3,,
high_school_macroeconomics/test/286,Global-MMLU,Nhu,CA,TRA,2026-05-31T23:15:31.794Z,3,v3,,
high_school_macroeconomics/test/287,Global-MMLU,Khang,CA,TRA,2026-05-31T05:43:49.819Z,3,v3,,
high_school_macroeconomics/test/287,Global-MMLU,Ngoc,CA,TRA,2026-05-31T10:43:49.819Z,3,v3,,
high_school_macroeconomics/test/287,Global-MMLU,Nhu,CA,TRA,2026-05-31T23:15:31.794Z,3,v3,,
high_school_macroeconomics/test/288,Global-MMLU,Khang,CA,TRA,2026-05-31T05:43:49.819Z,3,v3,,
high_school_macroeconomics/test/288,Global-MMLU,Ngoc,CA,TRA,2026-05-31T10:43:49.819Z,3,v3,,
high_school_macroeconomics/test/288,Global-MMLU,Nhu,CA,TRA,2026-05-31T23:15:31.794Z,3,v3,,
high_school_macroeconomics/test/289,Global-MMLU,Khang,CA,TRA,2026-05-31T05:43:49.819Z,3,v3,,
high_school_macroeconomics/test/289,Global-MMLU,Ngoc,CA,TRA,2026-05-31T10:43:49.819Z,3,v3,,
high_school_macroeconomics/test/289,Global-MMLU,Nhu,CA,TRA,2026-05-31T23:15:31.794Z,3,v3,,
high_school_macroeconomics/test/290,Global-MMLU,Khang,CA,TRA,2026-05-31T05:43:49.819Z,3,v3,,
high_school_macroeconomics/test/290,Global-MMLU,Ngoc,CA,TRA,2026-05-31T10:43:49.819Z,3,v3,,
high_school_macroeconomics/test/290,Global-MMLU,Nhu,CA,TRA,2026-05-31T23:15:31.794Z,3,v3,,
high_school_macroeconomics/test/291,Global-MMLU,Khang,CA,TRA,2026-05-31T05:43:49.819Z,3,v3,,
high_school_macroeconomics/test/291,Global-MMLU,Ngoc,CA,TRA,2026-05-31T10:43:49.819Z,3,v3,,
high_school_macroeconomics/test/291,Global-MMLU,Nhu,CA,TRA,2026-05-31T23:15:31.794Z,3,v3,,
high_school_macroeconomics/test/292,Global-MMLU,Khang,CA,TRA,2026-05-31T05:43:49.819Z,3,v3,,
high_school_macroeconomics/test/292,Global-MMLU,Ngoc,CA,TRA,2026-05-31T10:43:49.819Z,3,v3,,
high_school_macroeconomics/test/292,Global-MMLU,Nhu,CA,TRA,2026-05-31T23:15:31.794Z,3,v3,,
high_school_macroeconomics/test/293,Global-MMLU,Khang,CA,TRA,2026-05-31T05:43:49.819Z,3,v3,,
high_school_macroeconomics/test/293,Global-MMLU,Ngoc,CA,TRA,2026-05-31T10:43:49.819Z,3,v3,,
high_school_macroeconomics/test/293,Global-MMLU,Nhu,CA,TRA,2026-05-31T23:15:31.794Z,3,v3,,
high_school_macroeconomics/test/294,Global-MMLU,Khang,CA,TRA,2026-05-31T05:43:49.819Z,3,v3,,
high_school_macroeconomics/test/294,Global-MMLU,Ngoc,CA,TRA,2026-05-31T10:43:49.819Z,3,v3,,
high_school_macroeconomics/test/294,Global-MMLU,Nhu,CA,TRA,2026-05-31T23:15:31.794Z,3,v3,,
high_school_macroeconomics/test/295,Global-MMLU,Khang,CA,TRA,2026-05-31T05:43:49.819Z,3,v3,,
high_school_macroeconomics/test/295,Global-MMLU,Ngoc,CA,TRA,2026-05-31T10:43:49.819Z,3,v3,,
high_school_macroeconomics/test/295,Global-MMLU,Nhu,CA,TRA,2026-05-31T23:15:31.794Z,3,v3,,
high_school_macroeconomics/test/296,Global-MMLU,Khang,CA,TRA,2026-05-31T05:43:49.819Z,3,v3,,
high_school_macroeconomics/test/296,Global-MMLU,Ngoc,CA,TRA,2026-05-31T10:43:49.819Z,3,v3,,
high_school_macroeconomics/test/296,Global-MMLU,Nhu,CA,TRA,2026-05-31T23:15:31.794Z,3,v3,,
high_school_macroeconomics/test/297,Global-MMLU,Khang,CA,TRA,2026-05-31T05:43:49.819Z,3,v3,,
high_school_macroeconomics/test/297,Global-MMLU,Ngoc,CA,TRA,2026-05-31T10:43:49.819Z,3,v3,,
high_school_macroeconomics/test/297,Global-MMLU,Nhu,CA,TRA,2026-05-31T23:15:31.794Z,3,v3,,
high_school_macroeconomics/test/298,Global-MMLU,Khang,CA,TRA,2026-05-31T05:43:49.819Z,3,v3,,
high_school_macroeconomics/test/298,Global-MMLU,Ngoc,CA,TRA,2026-05-31T10:43:49.819Z,3,v3,,
high_school_macroeconomics/test/298,Global-MMLU,Nhu,CA,TRA,2026-05-31T23:15:31.794Z,3,v3,,
high_school_macroeconomics/test/299,Global-MMLU,Khang,CA,TRA,2026-05-31T05:43:49.819Z,3,v3,,
high_school_macroeconomics/test/299,Global-MMLU,Ngoc,CA,TRA,2026-05-31T10:43:49.819Z,3,v3,,
high_school_macroeconomics/test/299,Global-MMLU,Nhu,CA,TRA,2026-05-31T23:15:31.794Z,3,v3,,
high_school_macroeconomics/test/300,Global-MMLU,Khang,CA,TRA,2026-05-31T05:43:49.819Z,3,v3,,
high_school_macroeconomics/test/300,Global-MMLU,Ngoc,CA,TRA,2026-05-31T10:43:49.819Z,3,v3,,
high_school_macroeconomics/test/300,Global-MMLU,Nhu,CA,TRA,2026-05-31T23:15:31.794Z,3,v3,,
high_school_macroeconomics/test/301,Global-MMLU,Khang,CA,TRA,2026-05-31T05:43:49.819Z,3,v3,,
high_school_macroeconomics/test/301,Global-MMLU,Ngoc,CA,TRA,2026-05-31T10:43:49.819Z,3,v3,,
high_school_macroeconomics/test/301,Global-MMLU,Nhu,CA,TRA,2026-05-31T23:15:31.794Z,3,v3,,
high_school_macroeconomics/test/302,Global-MMLU,Khang,CA,TRA,2026-05-31T05:43:49.819Z,3,v3,,
high_school_macroeconomics/test/302,Global-MMLU,Ngoc,CA,TRA,2026-05-31T10:43:49.819Z,3,v3,,
high_school_macroeconomics/test/302,Global-MMLU,Nhu,CA,TRA,2026-05-31T23:15:31.794Z,3,v3,,
high_school_macroeconomics/test/303,Global-MMLU,Khang,CA,TRA,2026-05-31T05:43:49.819Z,3,v3,,
high_school_macroeconomics/test/303,Global-MMLU,Ngoc,CA,TRA,2026-05-31T10:43:49.819Z,3,v3,,
high_school_macroeconomics/test/303,Global-MMLU,Nhu,CA,TRA,2026-05-31T23:15:31.794Z,3,v3,,
high_school_macroeconomics/test/304,Global-MMLU,Khang,CA,TRA,2026-06-12T07:17:48.393Z,4,v3,,
high_school_macroeconomics/test/304,Global-MMLU,Ngoc,CA,TRA,2026-06-15T07:37:34.525Z,4,v3,,
high_school_macroeconomics/test/304,Global-MMLU,Nhu,CA,TRA,2026-06-14T07:22:47.893Z,4,v3,,
high_school_macroeconomics/test/305,Global-MMLU,Khang,CA,TRA,2026-06-12T07:17:48.393Z,4,v3,,
high_school_macroeconomics/test/305,Global-MMLU,Ngoc,CA,TRA,2026-06-15T07:37:34.525Z,4,v3,,
high_school_macroeconomics/test/305,Global-MMLU,Nhu,CA,TRA,2026-06-14T07:22:47.893Z,4,v3,,
high_school_macroeconomics/test/306,Global-MMLU,Khang,CA,TRA,2026-06-12T07:17:48.393Z,4,v3,,
high_school_macroeconomics/test/306,Global-MMLU,Ngoc,CA,TRA,2026-06-15T07:37:34.525Z,4,v3,,
high_school_macroeconomics/test/306,Global-MMLU,Nhu,CA,TRA,2026-06-14T07:22:47.893Z,4,v3,,
high_school_macroeconomics/test/307,Global-MMLU,Khang,CA,TRA,2026-06-12T07:17:48.393Z,4,v3,,
high_school_macroeconomics/test/307,Global-MMLU,Ngoc,CA,TRA,2026-06-15T07:37:34.525Z,4,v3,,
high_school_macroeconomics/test/307,Global-MMLU,Nhu,CA,TRA,2026-06-14T07:22:47.893Z,4,v3,,
high_school_macroeconomics/test/308,Global-MMLU,Khang,CA,TRA,2026-06-12T07:17:48.393Z,4,v3,,
high_school_macroeconomics/test/308,Global-MMLU,Ngoc,CA,TRA,2026-06-15T07:37:34.525Z,4,v3,,
high_school_macroeconomics/test/308,Global-MMLU,Nhu,CA,TRA,2026-06-14T07:22:47.893Z,4,v3,,
high_school_macroeconomics/test/309,Global-MMLU,Khang,CA,TRA,2026-06-12T07:17:48.393Z,4,v3,,
high_school_macroeconomics/test/309,Global-MMLU,Ngoc,CS-H,TRA,2026-06-15T07:37:34.525Z,4,v3,,
high_school_macroeconomics/test/309,Global-MMLU,Nhu,CS-H,TRA,2026-06-14T07:22:47.893Z,4,v3,,
high_school_macroeconomics/test/310,Global-MMLU,Khang,CA,TRA,2026-06-12T07:17:48.393Z,4,v3,,
high_school_macroeconomics/test/310,Global-MMLU,Ngoc,CA,TRA,2026-06-15T07:37:34.525Z,4,v3,,
high_school_macroeconomics/test/310,Global-MMLU,Nhu,CA,TRA,2026-06-14T07:22:47.893Z,4,v3,,
high_school_macroeconomics/test/311,Global-MMLU,Khang,CA,TRA,2026-06-12T07:17:48.393Z,4,v3,,
high_school_macroeconomics/test/311,Global-MMLU,Ngoc,CA,TRA,2026-06-15T07:37:34.525Z,4,v3,,
high_school_macroeconomics/test/311,Global-MMLU,Nhu,CA,TRA,2026-06-14T07:22:47.893Z,4,v3,,
high_school_macroeconomics/test/312,Global-MMLU,Khang,CA,TRA,2026-06-12T07:17:48.393Z,4,v3,,
high_school_macroeconomics/test/312,Global-MMLU,Ngoc,CA,TRA,2026-06-15T07:37:34.525Z,4,v3,,
high_school_macroeconomics/test/312,Global-MMLU,Nhu,CA,TRA,2026-06-14T07:22:47.893Z,4,v3,,
high_school_macroeconomics/test/313,Global-MMLU,Khang,CA,TRA,2026-06-12T07:17:48.393Z,4,v3,,
high_school_macroeconomics/test/313,Global-MMLU,Ngoc,CA,TRA,2026-06-15T07:37:34.525Z,4,v3,,
high_school_macroeconomics/test/313,Global-MMLU,Nhu,CA,TRA,2026-06-14T07:22:47.893Z,4,v3,,
high_school_macroeconomics/test/314,Global-MMLU,Khang,CA,TRA,2026-06-12T07:17:48.393Z,4,v3,,
high_school_macroeconomics/test/314,Global-MMLU,Ngoc,CA,TRA,2026-06-15T07:37:34.525Z,4,v3,,
high_school_macroeconomics/test/314,Global-MMLU,Nhu,CA,TRA,2026-06-14T07:22:47.893Z,4,v3,,
high_school_macroeconomics/test/315,Global-MMLU,Khang,CA,TRA,2026-06-12T07:17:48.393Z,4,v3,,
high_school_macroeconomics/test/315,Global-MMLU,Ngoc,CA,TRA,2026-06-15T07:37:34.525Z,4,v3,,
high_school_macroeconomics/test/315,Global-MMLU,Nhu,CA,TRA,2026-06-14T07:22:47.893Z,4,v3,,
high_school_macroeconomics/test/316,Global-MMLU,Khang,CA,TRA,2026-06-12T07:17:48.393Z,4,v3,,
high_school_macroeconomics/test/316,Global-MMLU,Ngoc,CA,TRA,2026-06-15T07:37:34.525Z,4,v3,,
high_school_macroeconomics/test/316,Global-MMLU,Nhu,CA,TRA,2026-06-14T07:22:47.893Z,4,v3,,
high_school_macroeconomics/test/317,Global-MMLU,Khang,CS-E,TRA,2026-06-12T07:17:48.393Z,4,v3,,
high_school_macroeconomics/test/317,Global-MMLU,Ngoc,CS-E,TRA,2026-06-15T07:37:34.525Z,4,v3,,
high_school_macroeconomics/test/317,Global-MMLU,Nhu,CS-E,TRA,2026-06-14T07:22:47.893Z,4,v3,,
high_school_macroeconomics/test/318,Global-MMLU,Khang,CS-E,TRA,2026-06-12T07:17:48.393Z,4,v3,,
high_school_macroeconomics/test/318,Global-MMLU,Ngoc,CS-E,TRA,2026-06-15T07:37:34.525Z,4,v3,,
high_school_macroeconomics/test/318,Global-MMLU,Nhu,CS-E,TRA,2026-06-14T07:22:47.893Z,4,v3,,
high_school_macroeconomics/test/319,Global-MMLU,Khang,CA,TRA,2026-06-12T07:17:48.393Z,4,v3,,
high_school_macroeconomics/test/319,Global-MMLU,Ngoc,CA,TRA,2026-06-15T07:37:34.525Z,4,v3,,
high_school_macroeconomics/test/319,Global-MMLU,Nhu,CA,TRA,2026-06-14T07:22:47.893Z,4,v3,,
high_school_macroeconomics/test/320,Global-MMLU,Khang,CA,TRA,2026-06-12T07:17:48.393Z,4,v3,,
high_school_macroeconomics/test/320,Global-MMLU,Ngoc,CA,TRA,2026-06-15T07:37:34.525Z,4,v3,,
high_school_macroeconomics/test/320,Global-MMLU,Nhu,CA,TRA,2026-06-14T07:22:47.893Z,4,v3,,
high_school_macroeconomics/test/321,Global-MMLU,Khang,CA,TRA,2026-06-12T07:17:48.393Z,4,v3,,
high_school_macroeconomics/test/321,Global-MMLU,Ngoc,CA,TRA,2026-06-15T07:37:34.525Z,4,v3,,
high_school_macroeconomics/test/321,Global-MMLU,Nhu,CA,TRA,2026-06-14T07:22:47.893Z,4,v3,,
high_school_macroeconomics/test/322,Global-MMLU,Khang,CS-L,TRA,2026-06-12T07:17:48.393Z,4,v3,,
high_school_macroeconomics/test/322,Global-MMLU,Ngoc,CS-L,TRA,2026-06-15T07:37:34.525Z,4,v3,,
high_school_macroeconomics/test/322,Global-MMLU,Nhu,CS-L,TRA,2026-06-14T07:22:47.893Z,4,v3,,
high_school_macroeconomics/test/323,Global-MMLU,Khang,CA,TRA,2026-06-12T07:17:48.393Z,4,v3,,
high_school_macroeconomics/test/323,Global-MMLU,Ngoc,CA,TRA,2026-06-15T07:37:34.525Z,4,v3,,
high_school_macroeconomics/test/323,Global-MMLU,Nhu,CA,TRA,2026-06-14T07:22:47.893Z,4,v3,,
high_school_macroeconomics/test/324,Global-MMLU,Khang,CA,TRA,2026-06-12T07:17:48.393Z,4,v3,,
high_school_macroeconomics/test/324,Global-MMLU,Ngoc,CA,TRA,2026-06-15T07:37:34.525Z,4,v3,,
high_school_macroeconomics/test/324,Global-MMLU,Nhu,CA,TRA,2026-06-14T07:22:47.893Z,4,v3,,
high_school_macroeconomics/test/325,Global-MMLU,Khang,CA,TRA,2026-06-12T07:17:48.393Z,4,v3,,
high_school_macroeconomics/test/325,Global-MMLU,Ngoc,CA,TRA,2026-06-15T07:37:34.525Z,4,v3,,
high_school_macroeconomics/test/325,Global-MMLU,Nhu,CA,TRA,2026-06-14T07:22:47.893Z,4,v3,,
high_school_macroeconomics/test/326,Global-MMLU,Khang,CA,TRA,2026-06-12T07:17:48.393Z,4,v3,,
high_school_macroeconomics/test/326,Global-MMLU,Ngoc,CA,TRA,2026-06-15T07:37:34.525Z,4,v3,,
high_school_macroeconomics/test/326,Global-MMLU,Nhu,CA,TRA,2026-06-14T07:22:47.893Z,4,v3,,
high_school_macroeconomics/test/327,Global-MMLU,Khang,CA,TRA,2026-06-12T07:17:48.393Z,4,v3,,
high_school_macroeconomics/test/327,Global-MMLU,Ngoc,CA,TRA,2026-06-15T07:37:34.525Z,4,v3,,
high_school_macroeconomics/test/327,Global-MMLU,Nhu,CA,TRA,2026-06-14T07:22:47.893Z,4,v3,,
high_school_macroeconomics/test/328,Global-MMLU,Khang,CA,TRA,2026-06-12T07:17:48.393Z,4,v3,,
high_school_macroeconomics/test/328,Global-MMLU,Ngoc,CA,TRA,2026-06-15T07:37:34.525Z,4,v3,,
high_school_macroeconomics/test/328,Global-MMLU,Nhu,CA,TRA,2026-06-14T07:22:47.893Z,4,v3,,
high_school_macroeconomics/test/329,Global-MMLU,Khang,CA,TRA,2026-06-12T07:17:48.393Z,4,v3,,
high_school_macroeconomics/test/329,Global-MMLU,Ngoc,CA,TRA,2026-06-15T07:37:34.525Z,4,v3,,
high_school_macroeconomics/test/329,Global-MMLU,Nhu,CA,TRA,2026-06-14T07:22:47.893Z,4,v3,,
high_school_macroeconomics/test/330,Global-MMLU,Khang,CA,TRA,2026-06-12T07:17:48.393Z,4,v3,,
high_school_macroeconomics/test/330,Global-MMLU,Ngoc,CA,TRA,2026-06-15T07:37:34.525Z,4,v3,,
high_school_macroeconomics/test/330,Global-MMLU,Nhu,CA,TRA,2026-06-14T07:22:47.893Z,4,v3,,
high_school_macroeconomics/test/331,Global-MMLU,Khang,CA,TRA,2026-06-12T07:17:48.393Z,4,v3,,
high_school_macroeconomics/test/331,Global-MMLU,Ngoc,CA,TRA,2026-06-15T07:37:34.525Z,4,v3,,
high_school_macroeconomics/test/331,Global-MMLU,Nhu,CA,TRA,2026-06-14T07:22:47.893Z,4,v3,,
high_school_macroeconomics/test/332,Global-MMLU,Khang,CA,TRA,2026-06-12T07:17:48.393Z,4,v3,,
high_school_macroeconomics/test/332,Global-MMLU,Ngoc,CA,TRA,2026-06-15T07:37:34.525Z,4,v3,,
high_school_macroeconomics/test/332,Global-MMLU,Nhu,CA,TRA,2026-06-14T07:22:47.893Z,4,v3,,
high_school_macroeconomics/test/333,Global-MMLU,Khang,CA,TRA,2026-06-12T07:17:48.393Z,4,v3,,
high_school_macroeconomics/test/333,Global-MMLU,Ngoc,CA,TRA,2026-06-15T07:37:34.525Z,4,v3,,
high_school_macroeconomics/test/333,Global-MMLU,Nhu,CA,TRA,2026-06-14T07:22:47.893Z,4,v3,,
high_school_macroeconomics/test/334,Global-MMLU,Khang,CS-H,TRA,2026-06-12T07:17:48.393Z,4,v3,,
high_school_macroeconomics/test/334,Global-MMLU,Ngoc,CS-H,TRA,2026-06-15T07:37:34.525Z,4,v3,,
high_school_macroeconomics/test/334,Global-MMLU,Nhu,CS-H,TRA,2026-06-14T07:22:47.893Z,4,v3,,
high_school_macroeconomics/test/335,Global-MMLU,Khang,CA,TRA,2026-06-12T07:17:48.393Z,4,v3,,
high_school_macroeconomics/test/335,Global-MMLU,Ngoc,CA,TRA,2026-06-15T07:37:34.525Z,4,v3,,
high_school_macroeconomics/test/335,Global-MMLU,Nhu,CA,TRA,2026-06-14T07:22:47.893Z,4,v3,,
high_school_macroeconomics/test/336,Global-MMLU,Khang,CA,TRA,2026-06-12T07:17:48.393Z,4,v3,,
high_school_macroeconomics/test/336,Global-MMLU,Ngoc,CA,TRA,2026-06-15T07:37:34.525Z,4,v3,,
high_school_macroeconomics/test/336,Global-MMLU,Nhu,CA,TRA,2026-06-14T07:22:47.893Z,4,v3,,
high_school_macroeconomics/test/337,Global-MMLU,Khang,CA,TRA,2026-06-12T07:17:48.393Z,4,v3,,
high_school_macroeconomics/test/337,Global-MMLU,Ngoc,CA,TRA,2026-06-15T07:37:34.525Z,4,v3,,
high_school_macroeconomics/test/337,Global-MMLU,Nhu,CA,TRA,2026-06-14T07:22:47.893Z,4,v3,,
high_school_macroeconomics/test/338,Global-MMLU,Khang,CA,TRA,2026-06-12T07:17:48.393Z,4,v3,,
high_school_macroeconomics/test/338,Global-MMLU,Ngoc,CA,TRA,2026-06-15T07:37:34.525Z,4,v3,,
high_school_macroeconomics/test/338,Global-MMLU,Nhu,CA,TRA,2026-06-14T07:22:47.893Z,4,v3,,
high_school_macroeconomics/test/339,Global-MMLU,Khang,CA,TRA,2026-06-12T07:17:48.393Z,4,v3,,
high_school_macroeconomics/test/339,Global-MMLU,Ngoc,CA,TRA,2026-06-15T07:37:34.525Z,4,v3,,
high_school_macroeconomics/test/339,Global-MMLU,Nhu,CA,TRA,2026-06-14T07:22:47.893Z,4,v3,,
high_school_macroeconomics/test/340,Global-MMLU,Khang,CS-E,TRA,2026-06-12T07:17:48.393Z,4,v3,,
high_school_macroeconomics/test/340,Global-MMLU,Ngoc,CA,TRA,2026-06-15T07:37:34.525Z,4,v3,,
high_school_macroeconomics/test/340,Global-MMLU,Nhu,CS-E,TRA,2026-06-14T07:22:47.893Z,4,v3,,
high_school_macroeconomics/test/341,Global-MMLU,Khang,CA,TRA,2026-06-12T07:17:48.393Z,4,v3,,
high_school_macroeconomics/test/341,Global-MMLU,Ngoc,CA,TRA,2026-06-15T07:37:34.525Z,4,v3,,
high_school_macroeconomics/test/341,Global-MMLU,Nhu,CA,TRA,2026-06-14T07:22:47.893Z,4,v3,,
high_school_macroeconomics/test/342,Global-MMLU,Khang,CA,TRA,2026-06-12T07:17:48.393Z,4,v3,,
high_school_macroeconomics/test/342,Global-MMLU,Ngoc,CA,TRA,2026-06-15T07:37:34.525Z,4,v3,,
high_school_macroeconomics/test/342,Global-MMLU,Nhu,CA,TRA,2026-06-14T07:22:47.893Z,4,v3,,
high_school_macroeconomics/test/343,Global-MMLU,Khang,CA,TRA,2026-06-12T07:17:48.393Z,4,v3,,
high_school_macroeconomics/test/343,Global-MMLU,Ngoc,CA,TRA,2026-06-15T07:37:34.525Z,4,v3,,
high_school_macroeconomics/test/343,Global-MMLU,Nhu,CA,TRA,2026-06-14T07:22:47.893Z,4,v3,,
high_school_macroeconomics/test/344,Global-MMLU,Khang,CA,TRA,2026-06-12T07:17:48.393Z,4,v3,,
high_school_macroeconomics/test/344,Global-MMLU,Ngoc,CA,TRA,2026-06-15T07:37:34.525Z,4,v3,,
high_school_macroeconomics/test/344,Global-MMLU,Nhu,CA,TRA,2026-06-14T07:22:47.893Z,4,v3,,
high_school_macroeconomics/test/345,Global-MMLU,Khang,CA,TRA,2026-06-12T07:17:48.393Z,4,v3,,
high_school_macroeconomics/test/345,Global-MMLU,Ngoc,CA,TRA,2026-06-15T07:37:34.525Z,4,v3,,
high_school_macroeconomics/test/345,Global-MMLU,Nhu,CA,TRA,2026-06-14T07:22:47.893Z,4,v3,,
high_school_macroeconomics/test/346,Global-MMLU,Khang,CA,TRA,2026-06-12T07:17:48.393Z,4,v3,,
high_school_macroeconomics/test/346,Global-MMLU,Ngoc,CA,TRA,2026-06-15T07:37:34.525Z,4,v3,,
high_school_macroeconomics/test/346,Global-MMLU,Nhu,CA,TRA,2026-06-14T07:22:47.893Z,4,v3,,
high_school_macroeconomics/test/347,Global-MMLU,Khang,CA,TRA,2026-06-12T07:17:48.393Z,4,v3,,
high_school_macroeconomics/test/347,Global-MMLU,Ngoc,CA,TRA,2026-06-15T07:37:34.525Z,4,v3,,
high_school_macroeconomics/test/347,Global-MMLU,Nhu,CA,TRA,2026-06-14T07:22:47.893Z,4,v3,,
high_school_macroeconomics/test/348,Global-MMLU,Khang,CA,TRA,2026-06-12T07:17:48.393Z,4,v3,,
high_school_macroeconomics/test/348,Global-MMLU,Ngoc,CA,TRA,2026-06-15T07:37:34.525Z,4,v3,,
high_school_macroeconomics/test/348,Global-MMLU,Nhu,CA,TRA,2026-06-14T07:22:47.893Z,4,v3,,
high_school_macroeconomics/test/349,Global-MMLU,Khang,CA,TRA,2026-06-12T07:17:48.393Z,4,v3,,
high_school_macroeconomics/test/349,Global-MMLU,Ngoc,CA,TRA,2026-06-15T07:37:34.525Z,4,v3,,
high_school_macroeconomics/test/349,Global-MMLU,Nhu,CA,TRA,2026-06-14T07:22:47.893Z,4,v3,,
high_school_macroeconomics/test/350,Global-MMLU,Khang,CA,TRA,2026-06-12T07:17:48.393Z,4,v3,,
high_school_macroeconomics/test/350,Global-MMLU,Ngoc,CS-E,TRA,2026-06-15T07:37:34.525Z,4,v3,,
high_school_macroeconomics/test/350,Global-MMLU,Nhu,CA,TRA,2026-06-14T07:22:47.893Z,4,v3,,
high_school_macroeconomics/test/351,Global-MMLU,Khang,CA,TRA,2026-06-12T07:17:48.393Z,4,v3,,
high_school_macroeconomics/test/351,Global-MMLU,Ngoc,CA,TRA,2026-06-15T07:37:34.525Z,4,v3,,
high_school_macroeconomics/test/351,Global-MMLU,Nhu,CA,TRA,2026-06-14T07:22:47.893Z,4,v3,,
high_school_macroeconomics/test/352,Global-MMLU,Khang,CA,TRA,2026-06-12T07:17:48.393Z,4,v3,,
high_school_macroeconomics/test/352,Global-MMLU,Ngoc,CA,TRA,2026-06-15T07:37:34.525Z,4,v3,,
high_school_macroeconomics/test/352,Global-MMLU,Nhu,CA,TRA,2026-06-14T07:22:47.893Z,4,v3,,
high_school_macroeconomics/test/353,Global-MMLU,Khang,CA,TRA,2026-06-12T07:17:48.393Z,4,v3,,
high_school_macroeconomics/test/353,Global-MMLU,Ngoc,CA,TRA,2026-06-15T07:37:34.525Z,4,v3,,
high_school_macroeconomics/test/353,Global-MMLU,Nhu,CA,TRA,2026-06-14T07:22:47.893Z,4,v3,,
high_school_macroeconomics/test/354,Global-MMLU,Khang,CA,TRA,2026-06-12T07:17:48.393Z,4,v3,,
high_school_macroeconomics/test/354,Global-MMLU,Ngoc,CA,TRA,2026-06-15T07:37:34.525Z,4,v3,,
high_school_macroeconomics/test/354,Global-MMLU,Nhu,CA,TRA,2026-06-14T07:22:47.893Z,4,v3,,
high_school_macroeconomics/test/355,Global-MMLU,Khang,CA,TRA,2026-06-12T07:17:48.393Z,4,v3,,
high_school_macroeconomics/test/355,Global-MMLU,Ngoc,CA,TRA,2026-06-15T07:37:34.525Z,4,v3,,
high_school_macroeconomics/test/355,Global-MMLU,Nhu,CA,TRA,2026-06-14T07:22:47.893Z,4,v3,,
high_school_macroeconomics/test/356,Global-MMLU,Khang,CA,TRA,2026-06-12T07:17:48.393Z,4,v3,,
high_school_macroeconomics/test/356,Global-MMLU,Ngoc,CA,TRA,2026-06-15T07:37:34.525Z,4,v3,,
high_school_macroeconomics/test/356,Global-MMLU,Nhu,CA,TRA,2026-06-14T07:22:47.893Z,4,v3,,
high_school_macroeconomics/test/357,Global-MMLU,Khang,CA,TRA,2026-06-12T07:17:48.393Z,4,v3,,
high_school_macroeconomics/test/357,Global-MMLU,Ngoc,CA,TRA,2026-06-15T07:37:34.526Z,4,v3,,
high_school_macroeconomics/test/357,Global-MMLU,Nhu,CA,TRA,2026-06-14T07:22:47.893Z,4,v3,,
high_school_macroeconomics/test/358,Global-MMLU,Khang,CA,TRA,2026-06-12T07:17:48.393Z,4,v3,,
high_school_macroeconomics/test/358,Global-MMLU,Ngoc,CA,TRA,2026-06-15T07:37:34.526Z,4,v3,,
high_school_macroeconomics/test/358,Global-MMLU,Nhu,CA,TRA,2026-06-14T07:22:47.893Z,4,v3,,
high_school_macroeconomics/test/359,Global-MMLU,Khang,CA,TRA,2026-06-12T07:17:48.393Z,4,v3,,
high_school_macroeconomics/test/359,Global-MMLU,Ngoc,CA,TRA,2026-06-15T07:37:34.526Z,4,v3,,
high_school_macroeconomics/test/359,Global-MMLU,Nhu,CA,TRA,2026-06-14T07:22:47.893Z,4,v3,,
high_school_macroeconomics/test/360,Global-MMLU,Khang,CA,TRA,2026-06-12T07:17:48.393Z,4,v3,,
high_school_macroeconomics/test/360,Global-MMLU,Ngoc,CA,TRA,2026-06-15T07:37:34.526Z,4,v3,,
high_school_macroeconomics/test/360,Global-MMLU,Nhu,CA,TRA,2026-06-14T07:22:47.893Z,4,v3,,
high_school_macroeconomics/test/361,Global-MMLU,Khang,CA,TRA,2026-06-12T07:17:48.393Z,4,v3,,
high_school_macroeconomics/test/361,Global-MMLU,Ngoc,CA,TRA,2026-06-15T07:37:34.526Z,4,v3,,
high_school_macroeconomics/test/361,Global-MMLU,Nhu,CA,TRA,2026-06-14T07:22:47.893Z,4,v3,,
high_school_macroeconomics/test/362,Global-MMLU,Khang,CA,TRA,2026-06-12T07:17:48.393Z,4,v3,,
high_school_macroeconomics/test/362,Global-MMLU,Ngoc,CA,TRA,2026-06-15T07:37:34.526Z,4,v3,,
high_school_macroeconomics/test/362,Global-MMLU,Nhu,CA,TRA,2026-06-14T07:22:47.893Z,4,v3,,
high_school_macroeconomics/test/363,Global-MMLU,Khang,CA,TRA,2026-06-12T07:17:48.393Z,4,v3,,
high_school_macroeconomics/test/363,Global-MMLU,Ngoc,CA,TRA,2026-06-15T07:37:34.526Z,4,v3,,
high_school_macroeconomics/test/363,Global-MMLU,Nhu,CA,TRA,2026-06-14T07:22:47.893Z,4,v3,,
high_school_macroeconomics/test/364,Global-MMLU,Khang,CA,TRA,2026-06-12T07:17:48.393Z,4,v3,,
high_school_macroeconomics/test/364,Global-MMLU,Ngoc,CA,TRA,2026-06-15T07:37:34.526Z,4,v3,,
high_school_macroeconomics/test/364,Global-MMLU,Nhu,CA,TRA,2026-06-14T07:22:47.893Z,4,v3,,
high_school_macroeconomics/test/365,Global-MMLU,Khang,CS-E,TRA,2026-06-12T07:17:48.393Z,4,v3,,
high_school_macroeconomics/test/365,Global-MMLU,Ngoc,CA,TRA,2026-06-15T07:37:34.526Z,4,v3,,
high_school_macroeconomics/test/365,Global-MMLU,Nhu,CS-E,TRA,2026-06-14T07:22:47.893Z,4,v3,,
high_school_macroeconomics/test/366,Global-MMLU,Khang,CA,TRA,2026-06-12T07:17:48.393Z,4,v3,,
high_school_macroeconomics/test/366,Global-MMLU,Ngoc,CA,TRA,2026-06-15T07:37:34.526Z,4,v3,,
high_school_macroeconomics/test/366,Global-MMLU,Nhu,CA,TRA,2026-06-14T07:22:47.893Z,4,v3,,
high_school_macroeconomics/test/367,Global-MMLU,Khang,CA,TRA,2026-06-12T07:17:48.393Z,4,v3,,
high_school_macroeconomics/test/367,Global-MMLU,Ngoc,CA,TRA,2026-06-15T07:37:34.526Z,4,v3,,
high_school_macroeconomics/test/367,Global-MMLU,Nhu,CA,TRA,2026-06-14T07:22:47.893Z,4,v3,,
high_school_macroeconomics/test/368,Global-MMLU,Khang,CA,TRA,2026-06-12T07:17:48.393Z,4,v3,,
high_school_macroeconomics/test/368,Global-MMLU,Ngoc,CA,TRA,2026-06-15T07:37:34.526Z,4,v3,,
high_school_macroeconomics/test/368,Global-MMLU,Nhu,CA,TRA,2026-06-14T07:22:47.893Z,4,v3,,
high_school_macroeconomics/test/369,Global-MMLU,Khang,CA,TRA,2026-06-12T07:17:48.393Z,4,v3,,
high_school_macroeconomics/test/369,Global-MMLU,Ngoc,CA,TRA,2026-06-15T07:37:34.526Z,4,v3,,
high_school_macroeconomics/test/369,Global-MMLU,Nhu,CA,TRA,2026-06-14T07:22:47.893Z,4,v3,,
high_school_macroeconomics/test/370,Global-MMLU,Khang,CA,TRA,2026-06-12T07:17:48.393Z,4,v3,,
high_school_macroeconomics/test/370,Global-MMLU,Ngoc,CA,TRA,2026-06-15T07:37:34.526Z,4,v3,,
high_school_macroeconomics/test/370,Global-MMLU,Nhu,CA,TRA,2026-06-14T07:22:47.893Z,4,v3,,
high_school_macroeconomics/test/371,Global-MMLU,Khang,CA,TRA,2026-06-12T07:17:48.393Z,4,v3,,
high_school_macroeconomics/test/371,Global-MMLU,Ngoc,CA,TRA,2026-06-15T07:37:34.526Z,4,v3,,
high_school_macroeconomics/test/371,Global-MMLU,Nhu,CA,TRA,2026-06-14T07:22:47.893Z,4,v3,,
high_school_macroeconomics/test/372,Global-MMLU,Khang,CA,TRA,2026-06-12T07:17:48.393Z,4,v3,,
high_school_macroeconomics/test/372,Global-MMLU,Ngoc,CA,TRA,2026-06-15T07:37:34.526Z,4,v3,,
high_school_macroeconomics/test/372,Global-MMLU,Nhu,CA,TRA,2026-06-14T07:22:47.893Z,4,v3,,
high_school_macroeconomics/test/373,Global-MMLU,Khang,CA,TRA,2026-06-12T07:17:48.393Z,4,v3,,
high_school_macroeconomics/test/373,Global-MMLU,Ngoc,CA,TRA,2026-06-15T07:37:34.526Z,4,v3,,
high_school_macroeconomics/test/373,Global-MMLU,Nhu,CA,TRA,2026-06-14T07:22:47.893Z,4,v3,,
high_school_macroeconomics/test/374,Global-MMLU,Khang,CA,TRA,2026-06-12T07:17:48.393Z,4,v3,,
high_school_macroeconomics/test/374,Global-MMLU,Ngoc,CA,TRA,2026-06-15T07:37:34.526Z,4,v3,,
high_school_macroeconomics/test/374,Global-MMLU,Nhu,CA,TRA,2026-06-14T07:22:47.893Z,4,v3,,
high_school_macroeconomics/test/375,Global-MMLU,Khang,CA,TRA,2026-06-12T07:17:48.393Z,4,v3,,
high_school_macroeconomics/test/375,Global-MMLU,Ngoc,CA,TRA,2026-06-15T07:37:34.526Z,4,v3,,
high_school_macroeconomics/test/375,Global-MMLU,Nhu,CA,TRA,2026-06-14T07:22:47.893Z,4,v3,,
high_school_macroeconomics/test/376,Global-MMLU,Khang,CA,TRA,2026-06-12T07:17:48.393Z,4,v3,,
high_school_macroeconomics/test/376,Global-MMLU,Ngoc,CA,TRA,2026-06-15T07:37:34.526Z,4,v3,,
high_school_macroeconomics/test/376,Global-MMLU,Nhu,CA,TRA,2026-06-14T07:22:47.893Z,4,v3,,
high_school_macroeconomics/test/377,Global-MMLU,Khang,CA,TRA,2026-06-12T07:17:48.393Z,4,v3,,
high_school_macroeconomics/test/377,Global-MMLU,Ngoc,CA,TRA,2026-06-15T07:37:34.526Z,4,v3,,
high_school_macroeconomics/test/377,Global-MMLU,Nhu,CA,TRA,2026-06-14T07:22:47.893Z,4,v3,,
high_school_macroeconomics/test/378,Global-MMLU,Khang,CS-H,TRA,2026-06-12T07:17:48.393Z,4,v3,,
high_school_macroeconomics/test/378,Global-MMLU,Ngoc,CA,TRA,2026-06-15T07:37:34.526Z,4,v3,,
high_school_macroeconomics/test/378,Global-MMLU,Nhu,CS-H,TRA,2026-06-14T07:22:47.893Z,4,v3,,
high_school_macroeconomics/test/379,Global-MMLU,Khang,CA,TRA,2026-06-12T07:17:48.393Z,4,v3,,
high_school_macroeconomics/test/379,Global-MMLU,Ngoc,CA,TRA,2026-06-15T07:37:34.526Z,4,v3,,
high_school_macroeconomics/test/379,Global-MMLU,Nhu,CA,TRA,2026-06-14T07:22:47.893Z,4,v3,,
high_school_macroeconomics/test/380,Global-MMLU,Khang,CA,TRA,2026-06-12T07:17:48.393Z,4,v3,,
high_school_macroeconomics/test/380,Global-MMLU,Ngoc,CA,TRA,2026-06-15T07:37:34.526Z,4,v3,,
high_school_macroeconomics/test/380,Global-MMLU,Nhu,CA,TRA,2026-06-14T07:22:47.893Z,4,v3,,
high_school_macroeconomics/test/381,Global-MMLU,Khang,CA,TRA,2026-06-12T07:17:48.393Z,4,v3,,
high_school_macroeconomics/test/381,Global-MMLU,Ngoc,CA,TRA,2026-06-15T07:37:34.526Z,4,v3,,
high_school_macroeconomics/test/381,Global-MMLU,Nhu,CA,TRA,2026-06-14T07:22:47.893Z,4,v3,,
high_school_macroeconomics/test/382,Global-MMLU,Khang,CS-E,TRA,2026-06-12T07:17:48.393Z,4,v3,,
high_school_macroeconomics/test/382,Global-MMLU,Ngoc,CA,TRA,2026-06-15T07:37:34.526Z,4,v3,,
high_school_macroeconomics/test/382,Global-MMLU,Nhu,CS-E,TRA,2026-06-14T07:22:47.893Z,4,v3,,
high_school_macroeconomics/test/383,Global-MMLU,Khang,CA,TRA,2026-06-12T07:17:48.393Z,4,v3,,
high_school_macroeconomics/test/383,Global-MMLU,Ngoc,CS-H,TRA,2026-06-15T07:37:34.526Z,4,v3,,
high_school_macroeconomics/test/383,Global-MMLU,Nhu,CS-H,TRA,2026-06-14T07:22:47.893Z,4,v3,,
high_school_macroeconomics/test/384,Global-MMLU,Khang,CA,TRA,2026-06-12T07:17:48.393Z,4,v3,,
high_school_macroeconomics/test/384,Global-MMLU,Ngoc,CA,TRA,2026-06-15T07:37:34.526Z,4,v3,,
high_school_macroeconomics/test/384,Global-MMLU,Nhu,CA,TRA,2026-06-14T07:22:47.893Z,4,v3,,
high_school_macroeconomics/test/385,Global-MMLU,Khang,CA,TRA,2026-06-12T07:17:48.393Z,4,v3,,
high_school_macroeconomics/test/385,Global-MMLU,Ngoc,CA,TRA,2026-06-15T07:37:34.526Z,4,v3,,
high_school_macroeconomics/test/385,Global-MMLU,Nhu,CA,TRA,2026-06-14T07:22:47.893Z,4,v3,,
high_school_macroeconomics/test/386,Global-MMLU,Khang,CA,TRA,2026-06-12T07:17:48.393Z,4,v3,,
high_school_macroeconomics/test/386,Global-MMLU,Ngoc,CA,TRA,2026-06-15T07:37:34.526Z,4,v3,,
high_school_macroeconomics/test/386,Global-MMLU,Nhu,CA,TRA,2026-06-14T07:22:47.893Z,4,v3,,
high_school_macroeconomics/test/387,Global-MMLU,Khang,CA,TRA,2026-06-12T07:17:48.393Z,4,v3,,
high_school_macroeconomics/test/387,Global-MMLU,Ngoc,CA,TRA,2026-06-15T07:37:34.526Z,4,v3,,
high_school_macroeconomics/test/387,Global-MMLU,Nhu,CA,TRA,2026-06-14T07:22:47.893Z,4,v3,,
high_school_macroeconomics/test/388,Global-MMLU,Khang,CA,TRA,2026-06-12T07:17:48.393Z,4,v3,,
high_school_macroeconomics/test/388,Global-MMLU,Ngoc,CA,TRA,2026-06-15T07:37:34.526Z,4,v3,,
high_school_macroeconomics/test/388,Global-MMLU,Nhu,CA,TRA,2026-06-14T07:22:47.893Z,4,v3,,
high_school_macroeconomics/test/389,Global-MMLU,Khang,CA,TRA,2026-06-12T07:17:48.393Z,4,v3,,
high_school_macroeconomics/test/389,Global-MMLU,Ngoc,CA,TRA,2026-06-15T07:37:34.526Z,4,v3,,
high_school_macroeconomics/test/389,Global-MMLU,Nhu,CA,TRA,2026-06-14T07:22:47.893Z,4,v3,,
high_school_microeconomics/test/0,Global-MMLU,Khang,CA,TRA,2026-06-12T07:17:48.394Z,4,v3,,
high_school_microeconomics/test/0,Global-MMLU,Ngoc,CA,TRA,2026-06-15T07:37:34.526Z,4,v3,,
high_school_microeconomics/test/0,Global-MMLU,Nhu,CA,TRA,2026-06-14T07:22:47.894Z,4,v3,,
high_school_microeconomics/test/1,Global-MMLU,Khang,CA,TRA,2026-06-12T07:17:48.394Z,4,v3,,
high_school_microeconomics/test/1,Global-MMLU,Ngoc,CA,TRA,2026-06-15T07:37:34.526Z,4,v3,,
high_school_microeconomics/test/1,Global-MMLU,Nhu,CA,TRA,2026-06-14T07:22:47.894Z,4,v3,,
high_school_microeconomics/test/2,Global-MMLU,Khang,CA,TRA,2026-06-12T07:17:48.394Z,4,v3,,
high_school_microeconomics/test/2,Global-MMLU,Ngoc,CA,TRA,2026-06-15T07:37:34.526Z,4,v3,,
high_school_microeconomics/test/2,Global-MMLU,Nhu,CA,TRA,2026-06-14T07:22:47.894Z,4,v3,,
high_school_microeconomics/test/3,Global-MMLU,Khang,CA,TRA,2026-06-12T07:17:48.394Z,4,v3,,
high_school_microeconomics/test/3,Global-MMLU,Ngoc,CA,TRA,2026-06-15T07:37:34.526Z,4,v3,,
high_school_microeconomics/test/3,Global-MMLU,Nhu,CA,TRA,2026-06-14T07:22:47.894Z,4,v3,,
high_school_microeconomics/test/4,Global-MMLU,Khang,CA,TRA,2026-06-12T07:17:48.394Z,4,v3,,
high_school_microeconomics/test/4,Global-MMLU,Ngoc,CA,TRA,2026-06-15T07:37:34.526Z,4,v3,,
high_school_microeconomics/test/4,Global-MMLU,Nhu,CA,TRA,2026-06-14T07:22:47.894Z,4,v3,,
high_school_microeconomics/test/5,Global-MMLU,Khang,CA,TRA,2026-06-12T07:17:48.394Z,4,v3,,
high_school_microeconomics/test/5,Global-MMLU,Ngoc,CA,TRA,2026-06-15T07:37:34.526Z,4,v3,,
high_school_microeconomics/test/5,Global-MMLU,Nhu,CA,TRA,2026-06-14T07:22:47.894Z,4,v3,,
high_school_microeconomics/test/6,Global-MMLU,Khang,CA,TRA,2026-06-12T07:17:48.394Z,4,v3,,
high_school_microeconomics/test/6,Global-MMLU,Ngoc,CA,TRA,2026-06-15T07:37:34.526Z,4,v3,,
high_school_microeconomics/test/6,Global-MMLU,Nhu,CA,TRA,2026-06-14T07:22:47.894Z,4,v3,,
high_school_microeconomics/test/7,Global-MMLU,Khang,CA,TRA,2026-06-12T07:17:48.394Z,4,v3,,
high_school_microeconomics/test/7,Global-MMLU,Ngoc,CA,TRA,2026-06-15T07:37:34.526Z,4,v3,,
high_school_microeconomics/test/7,Global-MMLU,Nhu,CA,TRA,2026-06-14T07:22:47.894Z,4,v3,,
high_school_microeconomics/test/8,Global-MMLU,Khang,CA,TRA,2026-06-12T07:17:48.394Z,4,v3,,
high_school_microeconomics/test/8,Global-MMLU,Ngoc,CA,TRA,2026-06-15T07:37:34.526Z,4,v3,,
high_school_microeconomics/test/8,Global-MMLU,Nhu,CA,TRA,2026-06-14T07:22:47.894Z,4,v3,,
high_school_microeconomics/test/9,Global-MMLU,Khang,CA,TRA,2026-06-12T07:17:48.394Z,4,v3,,
high_school_microeconomics/test/9,Global-MMLU,Ngoc,CA,TRA,2026-06-15T07:37:34.526Z,4,v3,,
high_school_microeconomics/test/9,Global-MMLU,Nhu,CA,TRA,2026-06-14T07:22:47.894Z,4,v3,,
high_school_microeconomics/test/10,Global-MMLU,Khang,CA,TRA,2026-06-12T07:17:48.394Z,4,v3,,
high_school_microeconomics/test/10,Global-MMLU,Ngoc,CA,TRA,2026-06-15T07:37:34.526Z,4,v3,,
high_school_microeconomics/test/10,Global-MMLU,Nhu,CA,TRA,2026-06-14T07:22:47.894Z,4,v3,,
high_school_microeconomics/test/11,Global-MMLU,Khang,CA,TRA,2026-06-12T07:17:48.394Z,4,v3,,
high_school_microeconomics/test/11,Global-MMLU,Ngoc,CA,TRA,2026-06-15T07:37:34.526Z,4,v3,,
high_school_microeconomics/test/11,Global-MMLU,Nhu,CA,TRA,2026-06-14T07:22:47.894Z,4,v3,,
high_school_microeconomics/test/12,Global-MMLU,Khang,CA,TRA,2026-06-12T07:17:48.394Z,4,v3,,
high_school_microeconomics/test/12,Global-MMLU,Ngoc,CA,TRA,2026-06-15T07:37:34.526Z,4,v3,,
high_school_microeconomics/test/12,Global-MMLU,Nhu,CA,TRA,2026-06-14T07:22:47.894Z,4,v3,,
high_school_microeconomics/test/13,Global-MMLU,Khang,CA,TRA,2026-06-12T07:17:48.394Z,4,v3,,
high_school_microeconomics/test/13,Global-MMLU,Ngoc,CA,TRA,2026-06-15T07:37:34.526Z,4,v3,,
high_school_microeconomics/test/13,Global-MMLU,Nhu,CA,TRA,2026-06-14T07:22:47.894Z,4,v3,,
high_school_microeconomics/test/14,Global-MMLU,Khang,CA,TRA,2026-06-12T07:17:48.394Z,4,v3,,
high_school_microeconomics/test/14,Global-MMLU,Ngoc,CA,TRA,2026-06-15T07:37:34.526Z,4,v3,,
high_school_microeconomics/test/14,Global-MMLU,Nhu,CA,TRA,2026-06-14T07:22:47.894Z,4,v3,,
high_school_microeconomics/test/15,Global-MMLU,Khang,CA,TRA,2026-06-12T07:17:48.394Z,4,v3,,
high_school_microeconomics/test/15,Global-MMLU,Ngoc,CA,TRA,2026-06-15T07:37:34.526Z,4,v3,,
high_school_microeconomics/test/15,Global-MMLU,Nhu,CA,TRA,2026-06-14T07:22:47.894Z,4,v3,,
high_school_microeconomics/test/16,Global-MMLU,Khang,CA,TRA,2026-06-12T07:17:48.394Z,4,v3,,
high_school_microeconomics/test/16,Global-MMLU,Ngoc,CA,TRA,2026-06-15T07:37:34.526Z,4,v3,,
high_school_microeconomics/test/16,Global-MMLU,Nhu,CA,TRA,2026-06-14T07:22:47.894Z,4,v3,,
high_school_microeconomics/test/17,Global-MMLU,Khang,CA,TRA,2026-06-12T07:17:48.394Z,4,v3,,
high_school_microeconomics/test/17,Global-MMLU,Ngoc,CA,TRA,2026-06-15T07:37:34.526Z,4,v3,,
high_school_microeconomics/test/17,Global-MMLU,Nhu,CA,TRA,2026-06-14T07:22:47.894Z,4,v3,,
high_school_microeconomics/test/18,Global-MMLU,Khang,CA,TRA,2026-06-12T07:17:48.394Z,4,v3,,
high_school_microeconomics/test/18,Global-MMLU,Ngoc,CA,TRA,2026-06-15T07:37:34.526Z,4,v3,,
high_school_microeconomics/test/18,Global-MMLU,Nhu,CA,TRA,2026-06-14T07:22:47.894Z,4,v3,,
high_school_microeconomics/test/19,Global-MMLU,Khang,CA,TRA,2026-06-12T07:17:48.394Z,4,v3,,
high_school_microeconomics/test/19,Global-MMLU,Ngoc,CA,TRA,2026-06-15T07:37:34.526Z,4,v3,,
high_school_microeconomics/test/19,Global-MMLU,Nhu,CA,TRA,2026-06-14T07:22:47.894Z,4,v3,,
high_school_microeconomics/test/20,Global-MMLU,Khang,CA,TRA,2026-06-12T07:17:48.394Z,4,v3,,
high_school_microeconomics/test/20,Global-MMLU,Ngoc,CA,TRA,2026-06-15T07:37:34.526Z,4,v3,,
high_school_microeconomics/test/20,Global-MMLU,Nhu,CA,TRA,2026-06-14T07:22:47.894Z,4,v3,,
high_school_microeconomics/test/21,Global-MMLU,Khang,CA,TRA,2026-06-12T07:17:48.394Z,4,v3,,
high_school_microeconomics/test/21,Global-MMLU,Ngoc,CA,TRA,2026-06-15T07:37:34.526Z,4,v3,,
high_school_microeconomics/test/21,Global-MMLU,Nhu,CA,TRA,2026-06-14T07:22:47.894Z,4,v3,,
high_school_microeconomics/test/22,Global-MMLU,Khang,CA,TRA,2026-06-12T07:17:48.394Z,4,v3,,
high_school_microeconomics/test/22,Global-MMLU,Ngoc,CA,TRA,2026-06-15T07:37:34.526Z,4,v3,,
high_school_microeconomics/test/22,Global-MMLU,Nhu,CA,TRA,2026-06-14T07:22:47.894Z,4,v3,,
high_school_microeconomics/test/23,Global-MMLU,Khang,CA,TRA,2026-06-12T07:17:48.394Z,4,v3,,
high_school_microeconomics/test/23,Global-MMLU,Ngoc,CA,TRA,2026-06-15T07:37:34.526Z,4,v3,,
high_school_microeconomics/test/23,Global-MMLU,Nhu,CA,TRA,2026-06-14T07:22:47.894Z,4,v3,,
high_school_microeconomics/test/24,Global-MMLU,Khang,CA,TRA,2026-06-12T07:17:48.394Z,4,v3,,
high_school_microeconomics/test/24,Global-MMLU,Ngoc,CA,TRA,2026-06-15T07:37:34.526Z,4,v3,,
high_school_microeconomics/test/24,Global-MMLU,Nhu,CA,TRA,2026-06-14T07:22:47.894Z,4,v3,,
high_school_microeconomics/test/25,Global-MMLU,Khang,CA,TRA,2026-06-12T07:17:48.394Z,4,v3,,
high_school_microeconomics/test/25,Global-MMLU,Ngoc,CA,TRA,2026-06-15T07:37:34.526Z,4,v3,,
high_school_microeconomics/test/25,Global-MMLU,Nhu,CA,TRA,2026-06-14T07:22:47.894Z,4,v3,,
high_school_microeconomics/test/26,Global-MMLU,Khang,CA,TRA,2026-06-12T07:17:48.394Z,4,v3,,
high_school_microeconomics/test/26,Global-MMLU,Ngoc,CA,TRA,2026-06-15T07:37:34.526Z,4,v3,,
high_school_microeconomics/test/26,Global-MMLU,Nhu,CA,TRA,2026-06-14T07:22:47.894Z,4,v3,,
high_school_microeconomics/test/27,Global-MMLU,Khang,CA,TRA,2026-06-12T07:17:48.394Z,4,v3,,
high_school_microeconomics/test/27,Global-MMLU,Ngoc,CA,TRA,2026-06-15T07:37:34.526Z,4,v3,,
high_school_microeconomics/test/27,Global-MMLU,Nhu,CA,TRA,2026-06-14T07:22:47.894Z,4,v3,,
high_school_microeconomics/test/28,Global-MMLU,Khang,CA,TRA,2026-06-12T07:17:48.394Z,4,v3,,
high_school_microeconomics/test/28,Global-MMLU,Ngoc,CA,TRA,2026-06-15T07:37:34.526Z,4,v3,,
high_school_microeconomics/test/28,Global-MMLU,Nhu,CA,TRA,2026-06-14T07:22:47.894Z,4,v3,,
high_school_microeconomics/test/29,Global-MMLU,Khang,CA,TRA,2026-06-12T07:17:48.394Z,4,v3,,
high_school_microeconomics/test/29,Global-MMLU,Ngoc,CA,TRA,2026-06-15T07:37:34.526Z,4,v3,,
high_school_microeconomics/test/29,Global-MMLU,Nhu,CA,TRA,2026-06-14T07:22:47.894Z,4,v3,,
high_school_microeconomics/test/30,Global-MMLU,Khang,CA,TRA,2026-06-12T07:17:48.394Z,4,v3,,
high_school_microeconomics/test/30,Global-MMLU,Ngoc,CA,TRA,2026-06-15T07:37:34.526Z,4,v3,,
high_school_microeconomics/test/30,Global-MMLU,Nhu,CA,TRA,2026-06-14T07:22:47.894Z,4,v3,,
high_school_microeconomics/test/31,Global-MMLU,Khang,CA,TRA,2026-06-12T07:17:48.394Z,4,v3,,
high_school_microeconomics/test/31,Global-MMLU,Ngoc,CA,TRA,2026-06-15T07:37:34.526Z,4,v3,,
high_school_microeconomics/test/31,Global-MMLU,Nhu,CA,TRA,2026-06-14T07:22:47.894Z,4,v3,,
high_school_microeconomics/test/32,Global-MMLU,Khang,CA,TRA,2026-06-12T07:17:48.394Z,4,v3,,
high_school_microeconomics/test/32,Global-MMLU,Ngoc,CA,TRA,2026-06-15T07:37:34.526Z,4,v3,,
high_school_microeconomics/test/32,Global-MMLU,Nhu,CA,TRA,2026-06-14T07:22:47.894Z,4,v3,,
high_school_microeconomics/test/33,Global-MMLU,Khang,CA,TRA,2026-06-12T07:17:48.394Z,4,v3,,
high_school_microeconomics/test/33,Global-MMLU,Ngoc,CA,TRA,2026-06-15T07:37:34.526Z,4,v3,,
high_school_microeconomics/test/33,Global-MMLU,Nhu,CA,TRA,2026-06-14T07:22:47.894Z,4,v3,,
high_school_microeconomics/test/34,Global-MMLU,Khang,CA,TRA,2026-06-12T07:17:48.394Z,4,v3,,
high_school_microeconomics/test/34,Global-MMLU,Ngoc,CA,TRA,2026-06-15T07:37:34.526Z,4,v3,,
high_school_microeconomics/test/34,Global-MMLU,Nhu,CA,TRA,2026-06-14T07:22:47.894Z,4,v3,,
high_school_microeconomics/test/35,Global-MMLU,Khang,CA,TRA,2026-06-12T07:17:48.394Z,4,v3,,
high_school_microeconomics/test/35,Global-MMLU,Ngoc,CA,TRA,2026-06-15T07:37:34.526Z,4,v3,,
high_school_microeconomics/test/35,Global-MMLU,Nhu,CA,TRA,2026-06-14T07:22:47.894Z,4,v3,,
high_school_microeconomics/test/36,Global-MMLU,Khang,CA,TRA,2026-06-12T07:17:48.394Z,4,v3,,
high_school_microeconomics/test/36,Global-MMLU,Ngoc,CA,TRA,2026-06-15T07:37:34.526Z,4,v3,,
high_school_microeconomics/test/36,Global-MMLU,Nhu,CA,TRA,2026-06-14T07:22:47.894Z,4,v3,,
high_school_microeconomics/test/37,Global-MMLU,Khang,CA,TRA,2026-06-12T07:17:48.394Z,4,v3,,
high_school_microeconomics/test/37,Global-MMLU,Ngoc,CA,TRA,2026-06-15T07:37:34.526Z,4,v3,,
high_school_microeconomics/test/37,Global-MMLU,Nhu,CA,TRA,2026-06-14T07:22:47.894Z,4,v3,,
high_school_microeconomics/test/38,Global-MMLU,Khang,CA,TRA,2026-06-12T07:17:48.394Z,4,v3,,
high_school_microeconomics/test/38,Global-MMLU,Ngoc,CA,TRA,2026-06-15T07:37:34.526Z,4,v3,,
high_school_microeconomics/test/38,Global-MMLU,Nhu,CA,TRA,2026-06-14T07:22:47.894Z,4,v3,,
high_school_microeconomics/test/39,Global-MMLU,Khang,CA,TRA,2026-06-12T07:17:48.394Z,4,v3,,
high_school_microeconomics/test/39,Global-MMLU,Ngoc,CA,TRA,2026-06-15T07:37:34.526Z,4,v3,,
high_school_microeconomics/test/39,Global-MMLU,Nhu,CA,TRA,2026-06-14T07:22:47.894Z,4,v3,,
high_school_microeconomics/test/40,Global-MMLU,Khang,CA,TRA,2026-06-12T07:17:48.394Z,4,v3,,
high_school_microeconomics/test/40,Global-MMLU,Ngoc,CA,TRA,2026-06-15T07:37:34.526Z,4,v3,,
high_school_microeconomics/test/40,Global-MMLU,Nhu,CA,TRA,2026-06-14T07:22:47.894Z,4,v3,,
high_school_microeconomics/test/41,Global-MMLU,Khang,CA,TRA,2026-06-12T07:17:48.394Z,4,v3,,
high_school_microeconomics/test/41,Global-MMLU,Ngoc,CA,TRA,2026-06-15T07:37:34.526Z,4,v3,,
high_school_microeconomics/test/41,Global-MMLU,Nhu,CA,TRA,2026-06-14T07:22:47.894Z,4,v3,,
high_school_microeconomics/test/42,Global-MMLU,Khang,CA,TRA,2026-06-12T07:17:48.394Z,4,v3,,
high_school_microeconomics/test/42,Global-MMLU,Ngoc,CA,TRA,2026-06-15T07:37:34.526Z,4,v3,,
high_school_microeconomics/test/42,Global-MMLU,Nhu,CA,TRA,2026-06-14T07:22:47.894Z,4,v3,,
high_school_microeconomics/test/43,Global-MMLU,Khang,CA,TRA,2026-06-12T07:17:48.394Z,4,v3,,
high_school_microeconomics/test/43,Global-MMLU,Ngoc,CA,TRA,2026-06-15T07:37:34.526Z,4,v3,,
high_school_microeconomics/test/43,Global-MMLU,Nhu,CA,TRA,2026-06-14T07:22:47.894Z,4,v3,,
high_school_microeconomics/test/44,Global-MMLU,Khang,CA,TRA,2026-06-12T07:17:48.394Z,4,v3,,
high_school_microeconomics/test/44,Global-MMLU,Ngoc,CA,TRA,2026-06-15T07:37:34.526Z,4,v3,,
high_school_microeconomics/test/44,Global-MMLU,Nhu,CA,TRA,2026-06-14T07:22:47.894Z,4,v3,,
high_school_microeconomics/test/45,Global-MMLU,Khang,CA,TRA,2026-06-12T07:17:48.394Z,4,v3,,
high_school_microeconomics/test/45,Global-MMLU,Ngoc,CA,TRA,2026-06-15T07:37:34.526Z,4,v3,,
high_school_microeconomics/test/45,Global-MMLU,Nhu,CA,TRA,2026-06-14T07:22:47.894Z,4,v3,,
high_school_microeconomics/test/46,Global-MMLU,Khang,CA,TRA,2026-06-12T07:17:48.394Z,4,v3,,
high_school_microeconomics/test/46,Global-MMLU,Ngoc,CA,TRA,2026-06-15T07:37:34.526Z,4,v3,,
high_school_microeconomics/test/46,Global-MMLU,Nhu,CA,TRA,2026-06-14T07:22:47.894Z,4,v3,,
high_school_microeconomics/test/47,Global-MMLU,Khang,CA,TRA,2026-06-12T07:17:48.394Z,4,v3,,
high_school_microeconomics/test/47,Global-MMLU,Ngoc,CA,TRA,2026-06-15T07:37:34.526Z,4,v3,,
high_school_microeconomics/test/47,Global-MMLU,Nhu,CA,TRA,2026-06-14T07:22:47.894Z,4,v3,,
high_school_microeconomics/test/48,Global-MMLU,Khang,CA,TRA,2026-06-12T07:17:48.394Z,4,v3,,
high_school_microeconomics/test/48,Global-MMLU,Ngoc,CA,TRA,2026-06-15T07:37:34.526Z,4,v3,,
high_school_microeconomics/test/48,Global-MMLU,Nhu,CA,TRA,2026-06-14T07:22:47.894Z,4,v3,,
high_school_microeconomics/test/49,Global-MMLU,Khang,CA,TRA,2026-06-12T07:17:48.394Z,4,v3,,
high_school_microeconomics/test/49,Global-MMLU,Ngoc,CA,TRA,2026-06-15T07:37:34.526Z,4,v3,,
high_school_microeconomics/test/49,Global-MMLU,Nhu,CA,TRA,2026-06-14T07:22:47.894Z,4,v3,,
high_school_microeconomics/test/50,Global-MMLU,Khang,CA,TRA,2026-06-12T07:17:48.394Z,4,v3,,
high_school_microeconomics/test/50,Global-MMLU,Ngoc,CA,TRA,2026-06-15T07:37:34.526Z,4,v3,,
high_school_microeconomics/test/50,Global-MMLU,Nhu,CA,TRA,2026-06-14T07:22:47.894Z,4,v3,,
high_school_microeconomics/test/51,Global-MMLU,Khang,CA,TRA,2026-06-12T07:17:48.394Z,4,v3,,
high_school_microeconomics/test/51,Global-MMLU,Ngoc,CA,TRA,2026-06-15T07:37:34.526Z,4,v3,,
high_school_microeconomics/test/51,Global-MMLU,Nhu,CA,TRA,2026-06-14T07:22:47.894Z,4,v3,,
high_school_microeconomics/test/52,Global-MMLU,Khang,CA,TRA,2026-06-12T07:17:48.394Z,4,v3,,
high_school_microeconomics/test/52,Global-MMLU,Ngoc,CA,TRA,2026-06-15T07:37:34.526Z,4,v3,,
high_school_microeconomics/test/52,Global-MMLU,Nhu,CA,TRA,2026-06-14T07:22:47.894Z,4,v3,,
high_school_microeconomics/test/53,Global-MMLU,Khang,CA,TRA,2026-06-12T07:17:48.394Z,4,v3,,
high_school_microeconomics/test/53,Global-MMLU,Ngoc,CA,TRA,2026-06-15T07:37:34.526Z,4,v3,,
high_school_microeconomics/test/53,Global-MMLU,Nhu,CA,TRA,2026-06-14T07:22:47.894Z,4,v3,,
high_school_microeconomics/test/54,Global-MMLU,Khang,CA,TRA,2026-06-12T07:17:48.394Z,4,v3,,
high_school_microeconomics/test/54,Global-MMLU,Ngoc,CA,TRA,2026-06-15T07:37:34.526Z,4,v3,,
high_school_microeconomics/test/54,Global-MMLU,Nhu,CA,TRA,2026-06-14T07:22:47.894Z,4,v3,,
high_school_microeconomics/test/55,Global-MMLU,Khang,CA,TRA,2026-06-12T07:17:48.394Z,4,v3,,
high_school_microeconomics/test/55,Global-MMLU,Ngoc,CA,TRA,2026-06-15T07:37:34.526Z,4,v3,,
high_school_microeconomics/test/55,Global-MMLU,Nhu,CA,TRA,2026-06-14T07:22:47.894Z,4,v3,,
high_school_microeconomics/test/56,Global-MMLU,Khang,CA,TRA,2026-06-12T07:17:48.394Z,4,v3,,
high_school_microeconomics/test/56,Global-MMLU,Ngoc,CA,TRA,2026-06-15T07:37:34.526Z,4,v3,,
high_school_microeconomics/test/56,Global-MMLU,Nhu,CA,TRA,2026-06-14T07:22:47.894Z,4,v3,,
high_school_microeconomics/test/57,Global-MMLU,Khang,CA,TRA,2026-06-12T07:17:48.394Z,4,v3,,
high_school_microeconomics/test/57,Global-MMLU,Ngoc,CA,TRA,2026-06-15T07:37:34.526Z,4,v3,,
high_school_microeconomics/test/57,Global-MMLU,Nhu,CA,TRA,2026-06-14T07:22:47.894Z,4,v3,,
high_school_microeconomics/test/58,Global-MMLU,Khang,CA,TRA,2026-06-12T07:17:48.394Z,4,v3,,
high_school_microeconomics/test/58,Global-MMLU,Ngoc,CA,TRA,2026-06-15T07:37:34.526Z,4,v3,,
high_school_microeconomics/test/58,Global-MMLU,Nhu,CA,TRA,2026-06-14T07:22:47.894Z,4,v3,,
high_school_microeconomics/test/59,Global-MMLU,Khang,CA,TRA,2026-06-12T07:17:48.394Z,4,v3,,
high_school_microeconomics/test/59,Global-MMLU,Ngoc,CA,TRA,2026-06-15T07:37:34.526Z,4,v3,,
high_school_microeconomics/test/59,Global-MMLU,Nhu,CA,TRA,2026-06-14T07:22:47.894Z,4,v3,,
high_school_microeconomics/test/60,Global-MMLU,Khang,CA,TRA,2026-06-12T07:17:48.394Z,4,v3,,
high_school_microeconomics/test/60,Global-MMLU,Ngoc,CA,TRA,2026-06-15T07:37:34.526Z,4,v3,,
high_school_microeconomics/test/60,Global-MMLU,Nhu,CA,TRA,2026-06-14T07:22:47.894Z,4,v3,,
high_school_microeconomics/test/61,Global-MMLU,Khang,CA,TRA,2026-06-12T07:17:48.394Z,4,v3,,
high_school_microeconomics/test/61,Global-MMLU,Ngoc,CA,TRA,2026-06-15T07:37:34.526Z,4,v3,,
high_school_microeconomics/test/61,Global-MMLU,Nhu,CA,TRA,2026-06-14T07:22:47.894Z,4,v3,,
high_school_microeconomics/test/62,Global-MMLU,Khang,CA,TRA,2026-06-12T07:17:48.394Z,4,v3,,
high_school_microeconomics/test/62,Global-MMLU,Ngoc,CA,TRA,2026-06-15T07:37:34.526Z,4,v3,,
high_school_microeconomics/test/62,Global-MMLU,Nhu,CA,TRA,2026-06-14T07:22:47.894Z,4,v3,,
high_school_microeconomics/test/63,Global-MMLU,Khang,CA,TRA,2026-06-12T07:17:48.394Z,4,v3,,
high_school_microeconomics/test/63,Global-MMLU,Ngoc,CA,TRA,2026-06-15T07:37:34.526Z,4,v3,,
high_school_microeconomics/test/63,Global-MMLU,Nhu,CA,TRA,2026-06-14T07:22:47.894Z,4,v3,,
high_school_microeconomics/test/64,Global-MMLU,Khang,CA,TRA,2026-06-12T07:17:48.394Z,4,v3,,
high_school_microeconomics/test/64,Global-MMLU,Ngoc,CA,TRA,2026-06-15T07:37:34.526Z,4,v3,,
high_school_microeconomics/test/64,Global-MMLU,Nhu,CA,TRA,2026-06-14T07:22:47.894Z,4,v3,,
high_school_microeconomics/test/65,Global-MMLU,Khang,CA,TRA,2026-06-12T07:17:48.394Z,4,v3,,
high_school_microeconomics/test/65,Global-MMLU,Ngoc,CA,TRA,2026-06-15T07:37:34.526Z,4,v3,,
high_school_microeconomics/test/65,Global-MMLU,Nhu,CA,TRA,2026-06-14T07:22:47.894Z,4,v3,,
high_school_microeconomics/test/66,Global-MMLU,Khang,CA,TRA,2026-06-12T07:17:48.394Z,4,v3,,
high_school_microeconomics/test/66,Global-MMLU,Ngoc,CA,TRA,2026-06-15T07:37:34.526Z,4,v3,,
high_school_microeconomics/test/66,Global-MMLU,Nhu,CA,TRA,2026-06-14T07:22:47.894Z,4,v3,,
high_school_microeconomics/test/67,Global-MMLU,Khang,CA,TRA,2026-06-12T07:17:48.394Z,4,v3,,
high_school_microeconomics/test/67,Global-MMLU,Ngoc,CA,TRA,2026-06-15T07:37:34.526Z,4,v3,,
high_school_microeconomics/test/67,Global-MMLU,Nhu,CA,TRA,2026-06-14T07:22:47.894Z,4,v3,,
high_school_microeconomics/test/68,Global-MMLU,Khang,CA,TRA,2026-06-12T07:17:48.394Z,4,v3,,
high_school_microeconomics/test/68,Global-MMLU,Ngoc,CA,TRA,2026-06-15T07:37:34.526Z,4,v3,,
high_school_microeconomics/test/68,Global-MMLU,Nhu,CA,TRA,2026-06-14T07:22:47.894Z,4,v3,,
high_school_microeconomics/test/69,Global-MMLU,Khang,CA,TRA,2026-06-12T07:17:48.394Z,4,v3,,
high_school_microeconomics/test/69,Global-MMLU,Ngoc,CA,TRA,2026-06-15T07:37:34.526Z,4,v3,,
high_school_microeconomics/test/69,Global-MMLU,Nhu,CA,TRA,2026-06-14T07:22:47.894Z,4,v3,,
high_school_microeconomics/test/70,Global-MMLU,Khang,CA,TRA,2026-06-12T07:17:48.394Z,4,v3,,
high_school_microeconomics/test/70,Global-MMLU,Ngoc,CA,TRA,2026-06-15T07:37:34.526Z,4,v3,,
high_school_microeconomics/test/70,Global-MMLU,Nhu,CA,TRA,2026-06-14T07:22:47.894Z,4,v3,,
high_school_microeconomics/test/71,Global-MMLU,Khang,CA,TRA,2026-06-12T07:17:48.394Z,4,v3,,
high_school_microeconomics/test/71,Global-MMLU,Ngoc,CA,TRA,2026-06-15T07:37:34.526Z,4,v3,,
high_school_microeconomics/test/71,Global-MMLU,Nhu,CA,TRA,2026-06-14T07:22:47.894Z,4,v3,,
high_school_microeconomics/test/72,Global-MMLU,Khang,CA,TRA,2026-06-12T07:17:48.394Z,4,v3,,
high_school_microeconomics/test/72,Global-MMLU,Ngoc,CA,TRA,2026-06-15T07:37:34.526Z,4,v3,,
high_school_microeconomics/test/72,Global-MMLU,Nhu,CA,TRA,2026-06-14T07:22:47.894Z,4,v3,,
high_school_microeconomics/test/73,Global-MMLU,Khang,CA,TRA,2026-06-12T07:17:48.394Z,4,v3,,
high_school_microeconomics/test/73,Global-MMLU,Ngoc,CA,TRA,2026-06-15T07:37:34.526Z,4,v3,,
high_school_microeconomics/test/73,Global-MMLU,Nhu,CA,TRA,2026-06-14T07:22:47.894Z,4,v3,,
high_school_microeconomics/test/74,Global-MMLU,Khang,CA,TRA,2026-06-12T07:17:48.394Z,4,v3,,
high_school_microeconomics/test/74,Global-MMLU,Ngoc,CA,TRA,2026-06-15T07:37:34.526Z,4,v3,,
high_school_microeconomics/test/74,Global-MMLU,Nhu,CA,TRA,2026-06-14T07:22:47.894Z,4,v3,,
high_school_microeconomics/test/75,Global-MMLU,Khang,CA,TRA,2026-06-12T07:17:48.394Z,4,v3,,
high_school_microeconomics/test/75,Global-MMLU,Ngoc,CA,TRA,2026-06-15T07:37:34.526Z,4,v3,,
high_school_microeconomics/test/75,Global-MMLU,Nhu,CA,TRA,2026-06-14T07:22:47.894Z,4,v3,,
high_school_microeconomics/test/76,Global-MMLU,Khang,CA,TRA,2026-06-12T07:17:48.394Z,4,v3,,
high_school_microeconomics/test/76,Global-MMLU,Ngoc,CA,TRA,2026-06-15T07:37:34.526Z,4,v3,,
high_school_microeconomics/test/76,Global-MMLU,Nhu,CA,TRA,2026-06-14T07:22:47.894Z,4,v3,,
high_school_microeconomics/test/77,Global-MMLU,Khang,CA,TRA,2026-06-12T07:17:48.394Z,4,v3,,
high_school_microeconomics/test/77,Global-MMLU,Ngoc,CA,TRA,2026-06-15T07:37:34.526Z,4,v3,,
high_school_microeconomics/test/77,Global-MMLU,Nhu,CA,TRA,2026-06-14T07:22:47.894Z,4,v3,,
high_school_microeconomics/test/78,Global-MMLU,Khang,CA,TRA,2026-06-12T07:17:48.394Z,4,v3,,
high_school_microeconomics/test/78,Global-MMLU,Ngoc,CA,TRA,2026-06-15T07:37:34.526Z,4,v3,,
high_school_microeconomics/test/78,Global-MMLU,Nhu,CA,TRA,2026-06-14T07:22:47.894Z,4,v3,,
high_school_microeconomics/test/79,Global-MMLU,Khang,CA,TRA,2026-06-12T07:17:48.394Z,4,v3,,
high_school_microeconomics/test/79,Global-MMLU,Ngoc,CA,TRA,2026-06-15T07:37:34.526Z,4,v3,,
high_school_microeconomics/test/79,Global-MMLU,Nhu,CA,TRA,2026-06-14T07:22:47.894Z,4,v3,,
high_school_microeconomics/test/80,Global-MMLU,Khang,CA,TRA,2026-06-12T07:17:48.394Z,4,v3,,
high_school_microeconomics/test/80,Global-MMLU,Ngoc,CA,TRA,2026-06-15T07:37:34.526Z,4,v3,,
high_school_microeconomics/test/80,Global-MMLU,Nhu,CA,TRA,2026-06-14T07:22:47.894Z,4,v3,,
high_school_microeconomics/test/81,Global-MMLU,Khang,CA,TRA,2026-06-12T07:17:48.394Z,4,v3,,
high_school_microeconomics/test/81,Global-MMLU,Ngoc,CA,TRA,2026-06-15T07:37:34.526Z,4,v3,,
high_school_microeconomics/test/81,Global-MMLU,Nhu,CA,TRA,2026-06-14T07:22:47.894Z,4,v3,,
high_school_microeconomics/test/82,Global-MMLU,Khang,CA,TRA,2026-06-12T07:17:48.394Z,4,v3,,
high_school_microeconomics/test/82,Global-MMLU,Ngoc,CA,TRA,2026-06-15T07:37:34.526Z,4,v3,,
high_school_microeconomics/test/82,Global-MMLU,Nhu,CA,TRA,2026-06-14T07:22:47.894Z,4,v3,,
high_school_microeconomics/test/83,Global-MMLU,Khang,CA,TRA,2026-06-12T07:17:48.394Z,4,v3,,
high_school_microeconomics/test/83,Global-MMLU,Ngoc,CA,TRA,2026-06-15T07:37:34.526Z,4,v3,,
high_school_microeconomics/test/83,Global-MMLU,Nhu,CA,TRA,2026-06-14T07:22:47.894Z,4,v3,,
high_school_microeconomics/test/84,Global-MMLU,Khang,CA,TRA,2026-06-12T07:17:48.394Z,4,v3,,
high_school_microeconomics/test/84,Global-MMLU,Ngoc,CA,TRA,2026-06-15T07:37:34.526Z,4,v3,,
high_school_microeconomics/test/84,Global-MMLU,Nhu,CA,TRA,2026-06-14T07:22:47.894Z,4,v3,,
high_school_microeconomics/test/85,Global-MMLU,Khang,CA,TRA,2026-06-12T07:17:48.394Z,4,v3,,
high_school_microeconomics/test/85,Global-MMLU,Ngoc,CA,TRA,2026-06-15T07:37:34.526Z,4,v3,,
high_school_microeconomics/test/85,Global-MMLU,Nhu,CA,TRA,2026-06-14T07:22:47.894Z,4,v3,,
high_school_microeconomics/test/86,Global-MMLU,Khang,CA,TRA,2026-06-12T07:17:48.394Z,4,v3,,
high_school_microeconomics/test/86,Global-MMLU,Ngoc,CA,TRA,2026-06-15T07:37:34.526Z,4,v3,,
high_school_microeconomics/test/86,Global-MMLU,Nhu,CA,TRA,2026-06-14T07:22:47.894Z,4,v3,,
high_school_microeconomics/test/87,Global-MMLU,Khang,CA,TRA,2026-06-12T07:17:48.394Z,4,v3,,
high_school_microeconomics/test/87,Global-MMLU,Ngoc,CA,TRA,2026-06-15T07:37:34.526Z,4,v3,,
high_school_microeconomics/test/87,Global-MMLU,Nhu,CA,TRA,2026-06-14T07:22:47.894Z,4,v3,,
high_school_microeconomics/test/88,Global-MMLU,Khang,CA,TRA,2026-06-12T07:17:48.394Z,4,v3,,
high_school_microeconomics/test/88,Global-MMLU,Ngoc,CA,TRA,2026-06-15T07:37:34.526Z,4,v3,,
high_school_microeconomics/test/88,Global-MMLU,Nhu,CA,TRA,2026-06-14T07:22:47.894Z,4,v3,,
high_school_microeconomics/test/89,Global-MMLU,Khang,CA,TRA,2026-06-12T07:17:48.394Z,4,v3,,
high_school_microeconomics/test/89,Global-MMLU,Ngoc,CA,TRA,2026-06-15T07:37:34.526Z,4,v3,,
high_school_microeconomics/test/89,Global-MMLU,Nhu,CA,TRA,2026-06-14T07:22:47.894Z,4,v3,,
high_school_microeconomics/test/90,Global-MMLU,Khang,CA,TRA,2026-06-12T07:17:48.394Z,4,v3,,
high_school_microeconomics/test/90,Global-MMLU,Ngoc,CA,TRA,2026-06-15T07:37:34.526Z,4,v3,,
high_school_microeconomics/test/90,Global-MMLU,Nhu,CA,TRA,2026-06-14T07:22:47.894Z,4,v3,,
high_school_microeconomics/test/91,Global-MMLU,Khang,CA,TRA,2026-06-12T07:17:48.394Z,4,v3,,
high_school_microeconomics/test/91,Global-MMLU,Ngoc,CA,TRA,2026-06-15T07:37:34.526Z,4,v3,,
high_school_microeconomics/test/91,Global-MMLU,Nhu,CA,TRA,2026-06-14T07:22:47.894Z,4,v3,,
high_school_microeconomics/test/92,Global-MMLU,Khang,CA,TRA,2026-06-12T07:17:48.394Z,4,v3,,
high_school_microeconomics/test/92,Global-MMLU,Ngoc,CA,TRA,2026-06-15T07:37:34.526Z,4,v3,,
high_school_microeconomics/test/92,Global-MMLU,Nhu,CA,TRA,2026-06-14T07:22:47.894Z,4,v3,,
high_school_microeconomics/test/93,Global-MMLU,Khang,CA,TRA,2026-06-12T07:17:48.394Z,4,v3,,
high_school_microeconomics/test/93,Global-MMLU,Ngoc,CA,TRA,2026-06-15T07:37:34.526Z,4,v3,,
high_school_microeconomics/test/93,Global-MMLU,Nhu,CA,TRA,2026-06-14T07:22:47.894Z,4,v3,,
high_school_microeconomics/test/94,Global-MMLU,Khang,CA,TRA,2026-06-12T07:17:48.394Z,4,v3,,
high_school_microeconomics/test/94,Global-MMLU,Ngoc,CA,TRA,2026-06-15T07:37:34.526Z,4,v3,,
high_school_microeconomics/test/94,Global-MMLU,Nhu,CA,TRA,2026-06-14T07:22:47.894Z,4,v3,,
high_school_microeconomics/test/95,Global-MMLU,Khang,CA,TRA,2026-06-12T07:17:48.394Z,4,v3,,
high_school_microeconomics/test/95,Global-MMLU,Ngoc,CA,TRA,2026-06-15T07:37:34.526Z,4,v3,,
high_school_microeconomics/test/95,Global-MMLU,Nhu,CA,TRA,2026-06-14T07:22:47.894Z,4,v3,,
high_school_microeconomics/test/96,Global-MMLU,Khang,CA,TRA,2026-06-12T07:17:48.394Z,4,v3,,
high_school_microeconomics/test/96,Global-MMLU,Ngoc,CA,TRA,2026-06-15T07:37:34.526Z,4,v3,,
high_school_microeconomics/test/96,Global-MMLU,Nhu,CA,TRA,2026-06-14T07:22:47.894Z,4,v3,,
high_school_microeconomics/test/97,Global-MMLU,Khang,CA,TRA,2026-06-12T07:17:48.394Z,4,v3,,
high_school_microeconomics/test/97,Global-MMLU,Ngoc,CA,TRA,2026-06-15T07:37:34.526Z,4,v3,,
high_school_microeconomics/test/97,Global-MMLU,Nhu,CA,TRA,2026-06-14T07:22:47.894Z,4,v3,,
high_school_microeconomics/test/98,Global-MMLU,Khang,CA,TRA,2026-06-12T07:17:48.394Z,4,v3,,
high_school_microeconomics/test/98,Global-MMLU,Ngoc,CA,TRA,2026-06-15T07:37:34.526Z,4,v3,,
high_school_microeconomics/test/98,Global-MMLU,Nhu,CA,TRA,2026-06-14T07:22:47.894Z,4,v3,,
high_school_microeconomics/test/99,Global-MMLU,Khang,CA,TRA,2026-06-12T07:17:48.394Z,4,v3,,
high_school_microeconomics/test/99,Global-MMLU,Ngoc,CA,TRA,2026-06-15T07:37:34.526Z,4,v3,,
high_school_microeconomics/test/99,Global-MMLU,Nhu,CA,TRA,2026-06-14T07:22:47.894Z,4,v3,,
high_school_microeconomics/test/100,Global-MMLU,Khang,CA,TRA,2026-06-12T07:17:48.394Z,4,v3,,
high_school_microeconomics/test/100,Global-MMLU,Ngoc,CA,TRA,2026-06-15T07:37:34.526Z,4,v3,,
high_school_microeconomics/test/100,Global-MMLU,Nhu,CA,TRA,2026-06-14T07:22:47.894Z,4,v3,,
high_school_microeconomics/test/101,Global-MMLU,Khang,CA,TRA,2026-06-12T07:17:48.394Z,4,v3,,
high_school_microeconomics/test/101,Global-MMLU,Ngoc,CA,TRA,2026-06-15T07:37:34.526Z,4,v3,,
high_school_microeconomics/test/101,Global-MMLU,Nhu,CA,TRA,2026-06-14T07:22:47.894Z,4,v3,,
high_school_microeconomics/test/102,Global-MMLU,Khang,CA,TRA,2026-06-12T07:17:48.394Z,4,v3,,
high_school_microeconomics/test/102,Global-MMLU,Ngoc,CA,TRA,2026-06-15T07:37:34.526Z,4,v3,,
high_school_microeconomics/test/102,Global-MMLU,Nhu,CA,TRA,2026-06-14T07:22:47.894Z,4,v3,,
high_school_microeconomics/test/103,Global-MMLU,Khang,CA,TRA,2026-06-12T07:17:48.394Z,4,v3,,
high_school_microeconomics/test/103,Global-MMLU,Ngoc,CA,TRA,2026-06-15T07:37:34.526Z,4,v3,,
high_school_microeconomics/test/103,Global-MMLU,Nhu,CA,TRA,2026-06-14T07:22:47.894Z,4,v3,,
high_school_microeconomics/test/104,Global-MMLU,Khang,CA,TRA,2026-06-12T07:17:48.394Z,4,v3,,
high_school_microeconomics/test/104,Global-MMLU,Ngoc,CA,TRA,2026-06-15T07:37:34.526Z,4,v3,,
high_school_microeconomics/test/104,Global-MMLU,Nhu,CA,TRA,2026-06-14T07:22:47.894Z,4,v3,,
high_school_microeconomics/test/105,Global-MMLU,Khang,CA,TRA,2026-06-12T07:17:48.394Z,4,v3,,
high_school_microeconomics/test/105,Global-MMLU,Ngoc,CA,TRA,2026-06-15T07:37:34.526Z,4,v3,,
high_school_microeconomics/test/105,Global-MMLU,Nhu,CA,TRA,2026-06-14T07:22:47.894Z,4,v3,,
high_school_microeconomics/test/106,Global-MMLU,Khang,CA,TRA,2026-06-12T07:17:48.394Z,4,v3,,
high_school_microeconomics/test/106,Global-MMLU,Ngoc,CA,TRA,2026-06-15T07:37:34.526Z,4,v3,,
high_school_microeconomics/test/106,Global-MMLU,Nhu,CA,TRA,2026-06-14T07:22:47.894Z,4,v3,,
high_school_microeconomics/test/107,Global-MMLU,Khang,CA,TRA,2026-06-12T07:17:48.394Z,4,v3,,
high_school_microeconomics/test/107,Global-MMLU,Ngoc,CA,TRA,2026-06-15T07:37:34.526Z,4,v3,,
high_school_microeconomics/test/107,Global-MMLU,Nhu,CA,TRA,2026-06-14T07:22:47.894Z,4,v3,,
high_school_microeconomics/test/108,Global-MMLU,Khang,CA,TRA,2026-06-12T07:17:48.394Z,4,v3,,
high_school_microeconomics/test/108,Global-MMLU,Ngoc,CA,TRA,2026-06-15T07:37:34.526Z,4,v3,,
high_school_microeconomics/test/108,Global-MMLU,Nhu,CA,TRA,2026-06-14T07:22:47.894Z,4,v3,,
high_school_microeconomics/test/109,Global-MMLU,Khang,CA,TRA,2026-06-12T07:17:48.394Z,4,v3,,
high_school_microeconomics/test/109,Global-MMLU,Ngoc,CA,TRA,2026-06-15T07:37:34.526Z,4,v3,,
high_school_microeconomics/test/109,Global-MMLU,Nhu,CA,TRA,2026-06-14T07:22:47.894Z,4,v3,,
high_school_microeconomics/test/110,Global-MMLU,Khang,CA,TRA,2026-06-12T07:17:48.394Z,4,v3,,
high_school_microeconomics/test/110,Global-MMLU,Ngoc,CA,TRA,2026-06-15T07:37:34.526Z,4,v3,,
high_school_microeconomics/test/110,Global-MMLU,Nhu,CA,TRA,2026-06-14T07:22:47.894Z,4,v3,,
high_school_microeconomics/test/111,Global-MMLU,Khang,CA,TRA,2026-06-12T07:17:48.394Z,4,v3,,
high_school_microeconomics/test/111,Global-MMLU,Ngoc,CA,TRA,2026-06-15T07:37:34.526Z,4,v3,,
high_school_microeconomics/test/111,Global-MMLU,Nhu,CA,TRA,2026-06-14T07:22:47.894Z,4,v3,,
high_school_microeconomics/test/112,Global-MMLU,Khang,CA,TRA,2026-06-12T07:17:48.394Z,4,v3,,
high_school_microeconomics/test/112,Global-MMLU,Ngoc,CA,TRA,2026-06-15T07:37:34.526Z,4,v3,,
high_school_microeconomics/test/112,Global-MMLU,Nhu,CA,TRA,2026-06-14T07:22:47.894Z,4,v3,,
high_school_microeconomics/test/113,Global-MMLU,Khang,CA,TRA,2026-06-12T07:17:48.394Z,4,v3,,
high_school_microeconomics/test/113,Global-MMLU,Ngoc,CA,TRA,2026-06-15T07:37:34.526Z,4,v3,,
high_school_microeconomics/test/113,Global-MMLU,Nhu,CA,TRA,2026-06-14T07:22:47.894Z,4,v3,,
high_school_microeconomics/test/114,Global-MMLU,Khang,CA,TRA,2026-06-12T07:17:48.394Z,4,v3,,
high_school_microeconomics/test/114,Global-MMLU,Ngoc,CA,TRA,2026-06-15T07:37:34.526Z,4,v3,,
high_school_microeconomics/test/114,Global-MMLU,Nhu,CA,TRA,2026-06-14T07:22:47.894Z,4,v3,,
high_school_microeconomics/test/115,Global-MMLU,Khang,CA,TRA,2026-06-12T07:17:48.394Z,4,v3,,
high_school_microeconomics/test/115,Global-MMLU,Ngoc,CA,TRA,2026-06-15T07:37:34.526Z,4,v3,,
high_school_microeconomics/test/115,Global-MMLU,Nhu,CA,TRA,2026-06-14T07:22:47.894Z,4,v3,,
high_school_microeconomics/test/116,Global-MMLU,Khang,CA,TRA,2026-06-12T07:17:48.394Z,4,v3,,
high_school_microeconomics/test/116,Global-MMLU,Ngoc,CA,TRA,2026-06-15T07:37:34.526Z,4,v3,,
high_school_microeconomics/test/116,Global-MMLU,Nhu,CA,TRA,2026-06-14T07:22:47.894Z,4,v3,,
high_school_microeconomics/test/117,Global-MMLU,Khang,CA,TRA,2026-06-12T07:17:48.394Z,4,v3,,
high_school_microeconomics/test/117,Global-MMLU,Ngoc,CA,TRA,2026-06-15T07:37:34.526Z,4,v3,,
high_school_microeconomics/test/117,Global-MMLU,Nhu,CA,TRA,2026-06-14T07:22:47.894Z,4,v3,,
high_school_microeconomics/test/118,Global-MMLU,Khang,CA,TRA,2026-06-12T07:17:48.394Z,4,v3,,
high_school_microeconomics/test/118,Global-MMLU,Ngoc,CA,TRA,2026-06-15T07:37:34.526Z,4,v3,,
high_school_microeconomics/test/118,Global-MMLU,Nhu,CA,TRA,2026-06-14T07:22:47.894Z,4,v3,,
high_school_microeconomics/test/119,Global-MMLU,Khang,CA,TRA,2026-06-12T07:17:48.394Z,4,v3,,
high_school_microeconomics/test/119,Global-MMLU,Ngoc,CA,TRA,2026-06-15T07:37:34.526Z,4,v3,,
high_school_microeconomics/test/119,Global-MMLU,Nhu,CA,TRA,2026-06-14T07:22:47.894Z,4,v3,,
high_school_microeconomics/test/120,Global-MMLU,Khang,CA,TRA,2026-06-12T07:17:48.394Z,4,v3,,
high_school_microeconomics/test/120,Global-MMLU,Ngoc,CA,TRA,2026-06-15T07:37:34.526Z,4,v3,,
high_school_microeconomics/test/120,Global-MMLU,Nhu,CA,TRA,2026-06-14T07:22:47.894Z,4,v3,,
high_school_microeconomics/test/121,Global-MMLU,Khang,CA,TRA,2026-06-12T07:17:48.394Z,4,v3,,
high_school_microeconomics/test/121,Global-MMLU,Ngoc,CA,TRA,2026-06-15T07:37:34.526Z,4,v3,,
high_school_microeconomics/test/121,Global-MMLU,Nhu,CA,TRA,2026-06-14T07:22:47.894Z,4,v3,,
high_school_microeconomics/test/122,Global-MMLU,Khang,CA,TRA,2026-06-12T07:17:48.394Z,4,v3,,
high_school_microeconomics/test/122,Global-MMLU,Ngoc,CA,TRA,2026-06-15T07:37:34.526Z,4,v3,,
high_school_microeconomics/test/122,Global-MMLU,Nhu,CA,TRA,2026-06-14T07:22:47.894Z,4,v3,,
high_school_microeconomics/test/123,Global-MMLU,Khang,CA,TRA,2026-06-12T07:17:48.394Z,4,v3,,
high_school_microeconomics/test/123,Global-MMLU,Ngoc,CA,TRA,2026-06-15T07:37:34.526Z,4,v3,,
high_school_microeconomics/test/123,Global-MMLU,Nhu,CA,TRA,2026-06-14T07:22:47.894Z,4,v3,,
high_school_microeconomics/test/124,Global-MMLU,Khang,CA,TRA,2026-06-12T07:17:48.394Z,4,v3,,
high_school_microeconomics/test/124,Global-MMLU,Ngoc,CA,TRA,2026-06-15T07:37:34.526Z,4,v3,,
high_school_microeconomics/test/124,Global-MMLU,Nhu,CA,TRA,2026-06-14T07:22:47.894Z,4,v3,,
high_school_microeconomics/test/125,Global-MMLU,Khang,CA,TRA,2026-06-12T07:17:48.394Z,4,v3,,
high_school_microeconomics/test/125,Global-MMLU,Ngoc,CA,TRA,2026-06-15T07:37:34.526Z,4,v3,,
high_school_microeconomics/test/125,Global-MMLU,Nhu,CA,TRA,2026-06-14T07:22:47.894Z,4,v3,,
high_school_microeconomics/test/126,Global-MMLU,Khang,CA,TRA,2026-06-12T07:17:48.394Z,4,v3,,
high_school_microeconomics/test/126,Global-MMLU,Ngoc,CA,TRA,2026-06-15T07:37:34.526Z,4,v3,,
high_school_microeconomics/test/126,Global-MMLU,Nhu,CA,TRA,2026-06-14T07:22:47.894Z,4,v3,,
high_school_microeconomics/test/127,Global-MMLU,Khang,CA,TRA,2026-06-12T07:17:48.394Z,4,v3,,
high_school_microeconomics/test/127,Global-MMLU,Ngoc,CA,TRA,2026-06-15T07:37:34.526Z,4,v3,,
high_school_microeconomics/test/127,Global-MMLU,Nhu,CA,TRA,2026-06-14T07:22:47.894Z,4,v3,,
high_school_microeconomics/test/128,Global-MMLU,Khang,CA,TRA,2026-06-12T07:17:48.394Z,4,v3,,
high_school_microeconomics/test/128,Global-MMLU,Ngoc,CA,TRA,2026-06-15T07:37:34.526Z,4,v3,,
high_school_microeconomics/test/128,Global-MMLU,Nhu,CA,TRA,2026-06-14T07:22:47.894Z,4,v3,,
high_school_microeconomics/test/129,Global-MMLU,Khang,CA,TRA,2026-06-12T07:17:48.394Z,4,v3,,
high_school_microeconomics/test/129,Global-MMLU,Ngoc,CA,TRA,2026-06-15T07:37:34.526Z,4,v3,,
high_school_microeconomics/test/129,Global-MMLU,Nhu,CA,TRA,2026-06-14T07:22:47.894Z,4,v3,,
high_school_microeconomics/test/130,Global-MMLU,Khang,CA,TRA,2026-06-12T07:17:48.394Z,4,v3,,
high_school_microeconomics/test/130,Global-MMLU,Ngoc,CA,TRA,2026-06-15T07:37:34.526Z,4,v3,,
high_school_microeconomics/test/130,Global-MMLU,Nhu,CA,TRA,2026-06-14T07:22:47.894Z,4,v3,,
high_school_microeconomics/test/131,Global-MMLU,Khang,CA,TRA,2026-06-12T07:17:48.394Z,4,v3,,
high_school_microeconomics/test/131,Global-MMLU,Ngoc,CA,TRA,2026-06-15T07:37:34.526Z,4,v3,,
high_school_microeconomics/test/131,Global-MMLU,Nhu,CA,TRA,2026-06-14T07:22:47.894Z,4,v3,,
high_school_microeconomics/test/132,Global-MMLU,Khang,CA,TRA,2026-06-12T07:17:48.394Z,4,v3,,
high_school_microeconomics/test/132,Global-MMLU,Ngoc,CA,TRA,2026-06-15T07:37:34.526Z,4,v3,,
high_school_microeconomics/test/132,Global-MMLU,Nhu,CA,TRA,2026-06-14T07:22:47.894Z,4,v3,,
high_school_microeconomics/test/133,Global-MMLU,Khang,CA,TRA,2026-06-12T07:17:48.394Z,4,v3,,
high_school_microeconomics/test/133,Global-MMLU,Ngoc,CA,TRA,2026-06-15T07:37:34.526Z,4,v3,,
high_school_microeconomics/test/133,Global-MMLU,Nhu,CA,TRA,2026-06-14T07:22:47.894Z,4,v3,,
high_school_microeconomics/test/134,Global-MMLU,Khang,CA,TRA,2026-06-12T07:17:48.394Z,4,v3,,
high_school_microeconomics/test/134,Global-MMLU,Ngoc,CA,TRA,2026-06-15T07:37:34.526Z,4,v3,,
high_school_microeconomics/test/134,Global-MMLU,Nhu,CA,TRA,2026-06-14T07:22:47.894Z,4,v3,,
high_school_microeconomics/test/135,Global-MMLU,Khang,CA,TRA,2026-06-12T07:17:48.394Z,4,v3,,
high_school_microeconomics/test/135,Global-MMLU,Ngoc,CA,TRA,2026-06-15T07:37:34.526Z,4,v3,,
high_school_microeconomics/test/135,Global-MMLU,Nhu,CA,TRA,2026-06-14T07:22:47.894Z,4,v3,,
high_school_microeconomics/test/136,Global-MMLU,Khang,CA,TRA,2026-06-12T07:17:48.394Z,4,v3,,
high_school_microeconomics/test/136,Global-MMLU,Ngoc,CA,TRA,2026-06-15T07:37:34.526Z,4,v3,,
high_school_microeconomics/test/136,Global-MMLU,Nhu,CA,TRA,2026-06-14T07:22:47.894Z,4,v3,,
high_school_microeconomics/test/137,Global-MMLU,Khang,CA,TRA,2026-06-12T07:17:48.394Z,4,v3,,
high_school_microeconomics/test/137,Global-MMLU,Ngoc,CA,TRA,2026-06-15T07:37:34.526Z,4,v3,,
high_school_microeconomics/test/137,Global-MMLU,Nhu,CA,TRA,2026-06-14T07:22:47.894Z,4,v3,,
high_school_microeconomics/test/138,Global-MMLU,Khang,CA,TRA,2026-06-12T07:17:48.394Z,4,v3,,
high_school_microeconomics/test/138,Global-MMLU,Ngoc,CA,TRA,2026-06-15T07:37:34.526Z,4,v3,,
high_school_microeconomics/test/138,Global-MMLU,Nhu,CA,TRA,2026-06-14T07:22:47.894Z,4,v3,,
high_school_microeconomics/test/139,Global-MMLU,Khang,CA,TRA,2026-06-12T07:17:48.394Z,4,v3,,
high_school_microeconomics/test/139,Global-MMLU,Ngoc,CA,TRA,2026-06-15T07:37:34.526Z,4,v3,,
high_school_microeconomics/test/139,Global-MMLU,Nhu,CA,TRA,2026-06-14T07:22:47.894Z,4,v3,,
high_school_microeconomics/test/140,Global-MMLU,Khang,CA,TRA,2026-06-12T07:17:48.394Z,4,v3,,
high_school_microeconomics/test/140,Global-MMLU,Ngoc,CA,TRA,2026-06-15T07:37:34.526Z,4,v3,,
high_school_microeconomics/test/140,Global-MMLU,Nhu,CA,TRA,2026-06-14T07:22:47.894Z,4,v3,,
high_school_microeconomics/test/141,Global-MMLU,Khang,CA,TRA,2026-06-12T07:17:48.394Z,4,v3,,
high_school_microeconomics/test/141,Global-MMLU,Ngoc,CA,TRA,2026-06-15T07:37:34.526Z,4,v3,,
high_school_microeconomics/test/141,Global-MMLU,Nhu,CA,TRA,2026-06-14T07:22:47.894Z,4,v3,,
high_school_microeconomics/test/142,Global-MMLU,Khang,CA,TRA,2026-06-12T07:17:48.394Z,4,v3,,
high_school_microeconomics/test/142,Global-MMLU,Ngoc,CA,TRA,2026-06-15T07:37:34.526Z,4,v3,,
high_school_microeconomics/test/142,Global-MMLU,Nhu,CA,TRA,2026-06-14T07:22:47.894Z,4,v3,,
high_school_microeconomics/test/143,Global-MMLU,Khang,CA,TRA,2026-06-12T07:17:48.394Z,4,v3,,
high_school_microeconomics/test/143,Global-MMLU,Ngoc,CA,TRA,2026-06-15T07:37:34.526Z,4,v3,,
high_school_microeconomics/test/143,Global-MMLU,Nhu,CA,TRA,2026-06-14T07:22:47.894Z,4,v3,,
high_school_microeconomics/test/144,Global-MMLU,Khang,CA,TRA,2026-06-12T07:17:48.394Z,4,v3,,
high_school_microeconomics/test/144,Global-MMLU,Ngoc,CA,TRA,2026-06-15T07:37:34.526Z,4,v3,,
high_school_microeconomics/test/144,Global-MMLU,Nhu,CA,TRA,2026-06-14T07:22:47.894Z,4,v3,,
high_school_microeconomics/test/145,Global-MMLU,Khang,CA,TRA,2026-06-12T07:17:48.394Z,4,v3,,
high_school_microeconomics/test/145,Global-MMLU,Ngoc,CA,TRA,2026-06-15T07:37:34.526Z,4,v3,,
high_school_microeconomics/test/145,Global-MMLU,Nhu,CA,TRA,2026-06-14T07:22:47.894Z,4,v3,,
high_school_microeconomics/test/146,Global-MMLU,Khang,CA,TRA,2026-06-12T07:17:48.394Z,4,v3,,
high_school_microeconomics/test/146,Global-MMLU,Ngoc,CA,TRA,2026-06-15T07:37:34.526Z,4,v3,,
high_school_microeconomics/test/146,Global-MMLU,Nhu,CA,TRA,2026-06-14T07:22:47.894Z,4,v3,,
high_school_microeconomics/test/147,Global-MMLU,Khang,CA,TRA,2026-06-12T07:17:48.394Z,4,v3,,
high_school_microeconomics/test/147,Global-MMLU,Ngoc,CA,TRA,2026-06-15T07:37:34.526Z,4,v3,,
high_school_microeconomics/test/147,Global-MMLU,Nhu,CA,TRA,2026-06-14T07:22:47.894Z,4,v3,,
high_school_microeconomics/test/148,Global-MMLU,Khang,CA,TRA,2026-06-12T07:17:48.394Z,4,v3,,
high_school_microeconomics/test/148,Global-MMLU,Ngoc,CA,TRA,2026-06-15T07:37:34.526Z,4,v3,,
high_school_microeconomics/test/148,Global-MMLU,Nhu,CA,TRA,2026-06-14T07:22:47.894Z,4,v3,,
high_school_microeconomics/test/149,Global-MMLU,Khang,CA,TRA,2026-06-12T07:17:48.394Z,4,v3,,
high_school_microeconomics/test/149,Global-MMLU,Ngoc,CA,TRA,2026-06-15T07:37:34.526Z,4,v3,,
high_school_microeconomics/test/149,Global-MMLU,Nhu,CA,TRA,2026-06-14T07:22:47.894Z,4,v3,,
high_school_microeconomics/test/150,Global-MMLU,Khang,CA,TRA,2026-06-12T07:17:48.394Z,4,v3,,
high_school_microeconomics/test/150,Global-MMLU,Ngoc,CA,TRA,2026-06-15T07:37:34.526Z,4,v3,,
high_school_microeconomics/test/150,Global-MMLU,Nhu,CA,TRA,2026-06-14T07:22:47.894Z,4,v3,,
high_school_microeconomics/test/151,Global-MMLU,Khang,CA,TRA,2026-06-12T07:17:48.394Z,4,v3,,
high_school_microeconomics/test/151,Global-MMLU,Ngoc,CA,TRA,2026-06-15T07:37:34.526Z,4,v3,,
high_school_microeconomics/test/151,Global-MMLU,Nhu,CA,TRA,2026-06-14T07:22:47.894Z,4,v3,,
high_school_microeconomics/test/152,Global-MMLU,Khang,CA,TRA,2026-06-12T07:17:48.394Z,4,v3,,
high_school_microeconomics/test/152,Global-MMLU,Ngoc,CA,TRA,2026-06-15T07:37:34.526Z,4,v3,,
high_school_microeconomics/test/152,Global-MMLU,Nhu,CA,TRA,2026-06-14T07:22:47.894Z,4,v3,,
high_school_microeconomics/test/153,Global-MMLU,Khang,CA,TRA,2026-06-12T07:17:48.394Z,4,v3,,
high_school_microeconomics/test/153,Global-MMLU,Ngoc,CA,TRA,2026-06-15T07:37:34.526Z,4,v3,,
high_school_microeconomics/test/153,Global-MMLU,Nhu,CA,TRA,2026-06-14T07:22:47.894Z,4,v3,,
high_school_microeconomics/test/154,Global-MMLU,Khang,CA,TRA,2026-06-12T07:17:48.394Z,4,v3,,
high_school_microeconomics/test/154,Global-MMLU,Ngoc,CA,TRA,2026-06-15T07:37:34.526Z,4,v3,,
high_school_microeconomics/test/154,Global-MMLU,Nhu,CA,TRA,2026-06-14T07:22:47.894Z,4,v3,,
high_school_microeconomics/test/155,Global-MMLU,Khang,CA,TRA,2026-06-12T07:17:48.394Z,4,v3,,
high_school_microeconomics/test/155,Global-MMLU,Ngoc,CA,TRA,2026-06-15T07:37:34.526Z,4,v3,,
high_school_microeconomics/test/155,Global-MMLU,Nhu,CA,TRA,2026-06-14T07:22:47.894Z,4,v3,,
high_school_microeconomics/test/156,Global-MMLU,Khang,CA,TRA,2026-06-12T07:17:48.394Z,4,v3,,
high_school_microeconomics/test/156,Global-MMLU,Ngoc,CA,TRA,2026-06-15T07:37:34.526Z,4,v3,,
high_school_microeconomics/test/156,Global-MMLU,Nhu,CA,TRA,2026-06-14T07:22:47.894Z,4,v3,,
high_school_microeconomics/test/157,Global-MMLU,Khang,CA,TRA,2026-06-12T07:17:48.394Z,4,v3,,
high_school_microeconomics/test/157,Global-MMLU,Ngoc,CA,TRA,2026-06-15T07:37:34.526Z,4,v3,,
high_school_microeconomics/test/157,Global-MMLU,Nhu,CA,TRA,2026-06-14T07:22:47.894Z,4,v3,,
high_school_microeconomics/test/158,Global-MMLU,Khang,CA,TRA,2026-06-12T07:17:48.394Z,4,v3,,
high_school_microeconomics/test/158,Global-MMLU,Ngoc,CA,TRA,2026-06-15T07:37:34.526Z,4,v3,,
high_school_microeconomics/test/158,Global-MMLU,Nhu,CA,TRA,2026-06-14T07:22:47.894Z,4,v3,,
high_school_microeconomics/test/159,Global-MMLU,Khang,CA,TRA,2026-06-12T07:17:48.394Z,4,v3,,
high_school_microeconomics/test/159,Global-MMLU,Ngoc,CA,TRA,2026-06-15T07:37:34.526Z,4,v3,,
high_school_microeconomics/test/159,Global-MMLU,Nhu,CA,TRA,2026-06-14T07:22:47.894Z,4,v3,,
high_school_microeconomics/test/160,Global-MMLU,Khang,CA,TRA,2026-06-12T07:17:48.394Z,4,v3,,
high_school_microeconomics/test/160,Global-MMLU,Ngoc,CA,TRA,2026-06-15T07:37:34.526Z,4,v3,,
high_school_microeconomics/test/160,Global-MMLU,Nhu,CA,TRA,2026-06-14T07:22:47.894Z,4,v3,,
high_school_microeconomics/test/161,Global-MMLU,Khang,CA,TRA,2026-06-12T07:17:48.394Z,4,v3,,
high_school_microeconomics/test/161,Global-MMLU,Ngoc,CA,TRA,2026-06-15T07:37:34.526Z,4,v3,,
high_school_microeconomics/test/161,Global-MMLU,Nhu,CA,TRA,2026-06-14T07:22:47.894Z,4,v3,,
high_school_microeconomics/test/162,Global-MMLU,Khang,CA,TRA,2026-06-12T07:17:48.394Z,4,v3,,
high_school_microeconomics/test/162,Global-MMLU,Ngoc,CA,TRA,2026-06-15T07:37:34.526Z,4,v3,,
high_school_microeconomics/test/162,Global-MMLU,Nhu,CA,TRA,2026-06-14T07:22:47.894Z,4,v3,,
high_school_microeconomics/test/163,Global-MMLU,Khang,CA,TRA,2026-06-13T14:37:33.069Z,4,v3,,
high_school_microeconomics/test/163,Global-MMLU,Ngoc,CA,TRA,2026-06-15T07:37:34.526Z,4,v3,,
high_school_microeconomics/test/163,Global-MMLU,Nhu,CA,TRA,2026-06-14T07:22:47.895Z,4,v3,,
high_school_microeconomics/test/164,Global-MMLU,Khang,CA,TRA,2026-06-13T14:37:33.069Z,4,v3,,
high_school_microeconomics/test/164,Global-MMLU,Ngoc,CA,TRA,2026-06-15T07:37:34.526Z,4,v3,,
high_school_microeconomics/test/164,Global-MMLU,Nhu,CA,TRA,2026-06-14T07:22:47.895Z,4,v3,,
high_school_microeconomics/test/165,Global-MMLU,Khang,CA,TRA,2026-06-13T14:37:33.069Z,4,v3,,
high_school_microeconomics/test/165,Global-MMLU,Ngoc,CA,TRA,2026-06-15T07:37:34.526Z,4,v3,,
high_school_microeconomics/test/165,Global-MMLU,Nhu,CA,TRA,2026-06-14T07:22:47.895Z,4,v3,,
high_school_microeconomics/test/166,Global-MMLU,Khang,CA,TRA,2026-06-13T14:37:33.069Z,4,v3,,
high_school_microeconomics/test/166,Global-MMLU,Ngoc,CA,TRA,2026-06-15T07:37:34.526Z,4,v3,,
high_school_microeconomics/test/166,Global-MMLU,Nhu,CA,TRA,2026-06-14T07:22:47.895Z,4,v3,,
high_school_microeconomics/test/167,Global-MMLU,Khang,CA,TRA,2026-06-13T14:37:33.069Z,4,v3,,
high_school_microeconomics/test/167,Global-MMLU,Ngoc,CA,TRA,2026-06-15T07:37:34.526Z,4,v3,,
high_school_microeconomics/test/167,Global-MMLU,Nhu,CA,TRA,2026-06-14T07:22:47.895Z,4,v3,,
high_school_microeconomics/test/168,Global-MMLU,Khang,CA,TRA,2026-06-13T14:37:33.069Z,4,v3,,
high_school_microeconomics/test/168,Global-MMLU,Ngoc,CA,TRA,2026-06-15T07:37:34.526Z,4,v3,,
high_school_microeconomics/test/168,Global-MMLU,Nhu,CA,TRA,2026-06-14T07:22:47.895Z,4,v3,,
high_school_microeconomics/test/169,Global-MMLU,Khang,CS-E,TRA,2026-06-13T14:37:33.069Z,4,v3,,
high_school_microeconomics/test/169,Global-MMLU,Ngoc,CA,TRA,2026-06-15T07:37:34.526Z,4,v3,,
high_school_microeconomics/test/169,Global-MMLU,Nhu,CA,TRA,2026-06-14T07:22:47.895Z,4,v3,,
high_school_microeconomics/test/170,Global-MMLU,Khang,CA,TRA,2026-06-13T14:37:33.069Z,4,v3,,
high_school_microeconomics/test/170,Global-MMLU,Ngoc,CA,TRA,2026-06-15T07:37:34.526Z,4,v3,,
high_school_microeconomics/test/170,Global-MMLU,Nhu,CA,TRA,2026-06-14T07:22:47.895Z,4,v3,,
high_school_microeconomics/test/171,Global-MMLU,Khang,CA,TRA,2026-06-13T14:37:33.069Z,4,v3,,
high_school_microeconomics/test/171,Global-MMLU,Ngoc,CA,TRA,2026-06-15T07:37:34.526Z,4,v3,,
high_school_microeconomics/test/171,Global-MMLU,Nhu,CA,TRA,2026-06-14T07:22:47.895Z,4,v3,,
high_school_microeconomics/test/172,Global-MMLU,Khang,CA,TRA,2026-06-13T14:37:33.069Z,4,v3,,
high_school_microeconomics/test/172,Global-MMLU,Ngoc,CA,TRA,2026-06-15T07:37:34.526Z,4,v3,,
high_school_microeconomics/test/172,Global-MMLU,Nhu,CA,TRA,2026-06-14T07:22:47.895Z,4,v3,,
high_school_microeconomics/test/173,Global-MMLU,Khang,CA,TRA,2026-06-13T14:37:33.069Z,4,v3,,
high_school_microeconomics/test/173,Global-MMLU,Ngoc,CA,TRA,2026-06-15T07:37:34.526Z,4,v3,,
high_school_microeconomics/test/173,Global-MMLU,Nhu,CA,TRA,2026-06-14T07:22:47.895Z,4,v3,,
high_school_microeconomics/test/174,Global-MMLU,Khang,CA,TRA,2026-06-13T14:37:33.069Z,4,v3,,
high_school_microeconomics/test/174,Global-MMLU,Ngoc,CA,TRA,2026-06-15T07:37:34.526Z,4,v3,,
high_school_microeconomics/test/174,Global-MMLU,Nhu,CA,TRA,2026-06-14T07:22:47.895Z,4,v3,,
high_school_microeconomics/test/175,Global-MMLU,Khang,CA,TRA,2026-06-13T14:37:33.069Z,4,v3,,
high_school_microeconomics/test/175,Global-MMLU,Ngoc,CA,TRA,2026-06-15T07:37:34.526Z,4,v3,,
high_school_microeconomics/test/175,Global-MMLU,Nhu,CA,TRA,2026-06-14T07:22:47.895Z,4,v3,,
high_school_microeconomics/test/176,Global-MMLU,Khang,CA,TRA,2026-06-13T14:37:33.069Z,4,v3,,
high_school_microeconomics/test/176,Global-MMLU,Ngoc,CA,TRA,2026-06-15T07:37:34.526Z,4,v3,,
high_school_microeconomics/test/176,Global-MMLU,Nhu,CA,TRA,2026-06-14T07:22:47.895Z,4,v3,,
high_school_microeconomics/test/177,Global-MMLU,Khang,CA,TRA,2026-06-13T14:37:33.069Z,4,v3,,
high_school_microeconomics/test/177,Global-MMLU,Ngoc,CA,TRA,2026-06-15T07:37:34.526Z,4,v3,,
high_school_microeconomics/test/177,Global-MMLU,Nhu,CA,TRA,2026-06-14T07:22:47.895Z,4,v3,,
high_school_microeconomics/test/178,Global-MMLU,Khang,CA,TRA,2026-06-13T14:37:33.069Z,4,v3,,
high_school_microeconomics/test/178,Global-MMLU,Ngoc,CA,TRA,2026-06-15T07:37:34.526Z,4,v3,,
high_school_microeconomics/test/178,Global-MMLU,Nhu,CA,TRA,2026-06-14T07:22:47.895Z,4,v3,,
high_school_microeconomics/test/179,Global-MMLU,Khang,CA,TRA,2026-06-13T14:37:33.069Z,4,v3,,
high_school_microeconomics/test/179,Global-MMLU,Ngoc,CA,TRA,2026-06-15T07:37:34.526Z,4,v3,,
high_school_microeconomics/test/179,Global-MMLU,Nhu,CA,TRA,2026-06-14T07:22:47.895Z,4,v3,,
high_school_microeconomics/test/180,Global-MMLU,Khang,CA,TRA,2026-06-13T14:37:33.069Z,4,v3,,
high_school_microeconomics/test/180,Global-MMLU,Ngoc,CA,TRA,2026-06-15T07:37:34.526Z,4,v3,,
high_school_microeconomics/test/180,Global-MMLU,Nhu,CA,TRA,2026-06-14T07:22:47.895Z,4,v3,,
high_school_microeconomics/test/181,Global-MMLU,Khang,CA,TRA,2026-06-13T14:37:33.069Z,4,v3,,
high_school_microeconomics/test/181,Global-MMLU,Ngoc,CA,TRA,2026-06-15T07:37:34.526Z,4,v3,,
high_school_microeconomics/test/181,Global-MMLU,Nhu,CA,TRA,2026-06-14T07:22:47.895Z,4,v3,,
high_school_microeconomics/test/182,Global-MMLU,Khang,CA,TRA,2026-06-13T14:37:33.069Z,4,v3,,
high_school_microeconomics/test/182,Global-MMLU,Ngoc,CA,TRA,2026-06-15T07:37:34.526Z,4,v3,,
high_school_microeconomics/test/182,Global-MMLU,Nhu,CA,TRA,2026-06-14T07:22:47.895Z,4,v3,,
high_school_microeconomics/test/183,Global-MMLU,Khang,CA,TRA,2026-06-13T14:37:33.069Z,4,v3,,
high_school_microeconomics/test/183,Global-MMLU,Ngoc,CA,TRA,2026-06-15T07:37:34.526Z,4,v3,,
high_school_microeconomics/test/183,Global-MMLU,Nhu,CA,TRA,2026-06-14T07:22:47.895Z,4,v3,,
high_school_microeconomics/test/184,Global-MMLU,Khang,CA,TRA,2026-06-13T14:37:33.069Z,4,v3,,
high_school_microeconomics/test/184,Global-MMLU,Ngoc,CA,TRA,2026-06-15T07:37:34.526Z,4,v3,,
high_school_microeconomics/test/184,Global-MMLU,Nhu,CA,TRA,2026-06-14T07:22:47.895Z,4,v3,,
high_school_microeconomics/test/185,Global-MMLU,Khang,CA,TRA,2026-06-13T14:37:33.069Z,4,v3,,
high_school_microeconomics/test/185,Global-MMLU,Ngoc,CA,TRA,2026-06-15T07:37:34.526Z,4,v3,,
high_school_microeconomics/test/185,Global-MMLU,Nhu,CA,TRA,2026-06-14T07:22:47.895Z,4,v3,,
high_school_microeconomics/test/186,Global-MMLU,Khang,CA,TRA,2026-06-13T14:37:33.069Z,4,v3,,
high_school_microeconomics/test/186,Global-MMLU,Ngoc,CA,TRA,2026-06-15T07:37:34.526Z,4,v3,,
high_school_microeconomics/test/186,Global-MMLU,Nhu,CA,TRA,2026-06-14T07:22:47.895Z,4,v3,,
high_school_microeconomics/test/187,Global-MMLU,Khang,CA,TRA,2026-06-13T14:37:33.069Z,4,v3,,
high_school_microeconomics/test/187,Global-MMLU,Ngoc,CA,TRA,2026-06-15T07:37:34.526Z,4,v3,,
high_school_microeconomics/test/187,Global-MMLU,Nhu,CA,TRA,2026-06-14T07:22:47.895Z,4,v3,,
high_school_microeconomics/test/188,Global-MMLU,Khang,CA,TRA,2026-06-13T14:37:33.069Z,4,v3,,
high_school_microeconomics/test/188,Global-MMLU,Ngoc,CA,TRA,2026-06-15T07:37:34.526Z,4,v3,,
high_school_microeconomics/test/188,Global-MMLU,Nhu,CA,TRA,2026-06-14T07:22:47.895Z,4,v3,,
high_school_microeconomics/test/189,Global-MMLU,Khang,CA,TRA,2026-06-13T14:37:33.069Z,4,v3,,
high_school_microeconomics/test/189,Global-MMLU,Ngoc,CA,TRA,2026-06-15T07:37:34.526Z,4,v3,,
high_school_microeconomics/test/189,Global-MMLU,Nhu,CA,TRA,2026-06-14T07:22:47.895Z,4,v3,,
high_school_microeconomics/test/190,Global-MMLU,Khang,CA,TRA,2026-06-13T14:37:33.069Z,4,v3,,
high_school_microeconomics/test/190,Global-MMLU,Ngoc,CA,TRA,2026-06-15T07:37:34.526Z,4,v3,,
high_school_microeconomics/test/190,Global-MMLU,Nhu,CA,TRA,2026-06-14T07:22:47.895Z,4,v3,,
high_school_microeconomics/test/191,Global-MMLU,Khang,CA,TRA,2026-06-13T14:37:33.069Z,4,v3,,
high_school_microeconomics/test/191,Global-MMLU,Ngoc,CA,TRA,2026-06-15T07:37:34.526Z,4,v3,,
high_school_microeconomics/test/191,Global-MMLU,Nhu,CA,TRA,2026-06-14T07:22:47.895Z,4,v3,,
high_school_microeconomics/test/192,Global-MMLU,Khang,CA,TRA,2026-06-13T14:37:33.069Z,4,v3,,
high_school_microeconomics/test/192,Global-MMLU,Ngoc,CA,TRA,2026-06-15T07:37:34.526Z,4,v3,,
high_school_microeconomics/test/192,Global-MMLU,Nhu,CA,TRA,2026-06-14T07:22:47.895Z,4,v3,,
high_school_microeconomics/test/193,Global-MMLU,Khang,CA,TRA,2026-06-13T14:37:33.069Z,4,v3,,
high_school_microeconomics/test/193,Global-MMLU,Ngoc,CA,TRA,2026-06-15T07:37:34.526Z,4,v3,,
high_school_microeconomics/test/193,Global-MMLU,Nhu,CA,TRA,2026-06-14T07:22:47.895Z,4,v3,,
high_school_microeconomics/test/194,Global-MMLU,Khang,CA,TRA,2026-06-13T14:37:33.069Z,4,v3,,
high_school_microeconomics/test/194,Global-MMLU,Ngoc,CA,TRA,2026-06-15T07:37:34.526Z,4,v3,,
high_school_microeconomics/test/194,Global-MMLU,Nhu,CA,TRA,2026-06-14T07:22:47.895Z,4,v3,,
high_school_microeconomics/test/195,Global-MMLU,Khang,CA,TRA,2026-06-13T14:37:33.069Z,4,v3,,
high_school_microeconomics/test/195,Global-MMLU,Ngoc,CA,TRA,2026-06-15T07:37:34.526Z,4,v3,,
high_school_microeconomics/test/195,Global-MMLU,Nhu,CA,TRA,2026-06-14T07:22:47.895Z,4,v3,,
high_school_microeconomics/test/196,Global-MMLU,Khang,CA,TRA,2026-06-13T14:37:33.069Z,4,v3,,
high_school_microeconomics/test/196,Global-MMLU,Ngoc,CA,TRA,2026-06-15T07:37:34.526Z,4,v3,,
high_school_microeconomics/test/196,Global-MMLU,Nhu,CA,TRA,2026-06-14T07:22:47.895Z,4,v3,,
high_school_microeconomics/test/197,Global-MMLU,Khang,CA,TRA,2026-06-13T14:37:33.069Z,4,v3,,
high_school_microeconomics/test/197,Global-MMLU,Ngoc,CA,TRA,2026-06-15T07:37:34.526Z,4,v3,,
high_school_microeconomics/test/197,Global-MMLU,Nhu,CA,TRA,2026-06-14T07:22:47.895Z,4,v3,,
high_school_microeconomics/test/198,Global-MMLU,Khang,CA,TRA,2026-06-13T14:37:33.069Z,4,v3,,
high_school_microeconomics/test/198,Global-MMLU,Ngoc,CA,TRA,2026-06-15T07:37:34.526Z,4,v3,,
high_school_microeconomics/test/198,Global-MMLU,Nhu,CA,TRA,2026-06-14T07:22:47.895Z,4,v3,,
high_school_microeconomics/test/199,Global-MMLU,Khang,CA,TRA,2026-06-13T14:37:33.069Z,4,v3,,
high_school_microeconomics/test/199,Global-MMLU,Ngoc,CA,TRA,2026-06-15T07:37:34.526Z,4,v3,,
high_school_microeconomics/test/199,Global-MMLU,Nhu,CA,TRA,2026-06-14T07:22:47.895Z,4,v3,,
high_school_microeconomics/test/200,Global-MMLU,Khang,CA,TRA,2026-06-13T14:37:33.069Z,4,v3,,
high_school_microeconomics/test/200,Global-MMLU,Ngoc,CA,TRA,2026-06-15T07:37:34.526Z,4,v3,,
high_school_microeconomics/test/200,Global-MMLU,Nhu,CA,TRA,2026-06-14T07:22:47.895Z,4,v3,,
high_school_microeconomics/test/201,Global-MMLU,Khang,CA,TRA,2026-06-13T14:37:33.069Z,4,v3,,
high_school_microeconomics/test/201,Global-MMLU,Ngoc,CA,TRA,2026-06-15T07:37:34.526Z,4,v3,,
high_school_microeconomics/test/201,Global-MMLU,Nhu,CA,TRA,2026-06-14T07:22:47.895Z,4,v3,,
high_school_microeconomics/test/202,Global-MMLU,Khang,CA,TRA,2026-06-13T14:37:33.069Z,4,v3,,
high_school_microeconomics/test/202,Global-MMLU,Ngoc,CA,TRA,2026-06-15T07:37:34.526Z,4,v3,,
high_school_microeconomics/test/202,Global-MMLU,Nhu,CA,TRA,2026-06-14T07:22:47.895Z,4,v3,,
high_school_microeconomics/test/203,Global-MMLU,Khang,CA,TRA,2026-06-13T14:37:33.069Z,4,v3,,
high_school_microeconomics/test/203,Global-MMLU,Ngoc,CA,TRA,2026-06-15T07:37:34.526Z,4,v3,,
high_school_microeconomics/test/203,Global-MMLU,Nhu,CA,TRA,2026-06-14T07:22:47.895Z,4,v3,,
high_school_microeconomics/test/204,Global-MMLU,Khang,CA,TRA,2026-06-13T14:37:33.069Z,4,v3,,
high_school_microeconomics/test/204,Global-MMLU,Ngoc,CA,TRA,2026-06-15T07:37:34.526Z,4,v3,,
high_school_microeconomics/test/204,Global-MMLU,Nhu,CA,TRA,2026-06-14T07:22:47.895Z,4,v3,,
high_school_microeconomics/test/205,Global-MMLU,Khang,CA,TRA,2026-06-13T14:37:33.069Z,4,v3,,
high_school_microeconomics/test/205,Global-MMLU,Ngoc,CA,TRA,2026-06-15T07:37:34.526Z,4,v3,,
high_school_microeconomics/test/205,Global-MMLU,Nhu,CA,TRA,2026-06-14T07:22:47.895Z,4,v3,,
high_school_microeconomics/test/206,Global-MMLU,Khang,CA,TRA,2026-06-13T14:37:33.069Z,4,v3,,
high_school_microeconomics/test/206,Global-MMLU,Ngoc,CA,TRA,2026-06-15T07:37:34.526Z,4,v3,,
high_school_microeconomics/test/206,Global-MMLU,Nhu,CA,TRA,2026-06-14T07:22:47.895Z,4,v3,,
high_school_microeconomics/test/207,Global-MMLU,Khang,CA,TRA,2026-06-13T14:37:33.069Z,4,v3,,
high_school_microeconomics/test/207,Global-MMLU,Ngoc,CA,TRA,2026-06-15T07:37:34.526Z,4,v3,,
high_school_microeconomics/test/207,Global-MMLU,Nhu,CA,TRA,2026-06-14T07:22:47.895Z,4,v3,,
high_school_microeconomics/test/208,Global-MMLU,Khang,CA,TRA,2026-06-13T14:37:33.069Z,4,v3,,
high_school_microeconomics/test/208,Global-MMLU,Ngoc,CA,TRA,2026-06-15T07:37:34.526Z,4,v3,,
high_school_microeconomics/test/208,Global-MMLU,Nhu,CA,TRA,2026-06-14T07:22:47.895Z,4,v3,,
high_school_microeconomics/test/209,Global-MMLU,Khang,CA,TRA,2026-06-13T14:37:33.069Z,4,v3,,
high_school_microeconomics/test/209,Global-MMLU,Ngoc,CA,TRA,2026-06-15T07:37:34.526Z,4,v3,,
high_school_microeconomics/test/209,Global-MMLU,Nhu,CA,TRA,2026-06-14T07:22:47.895Z,4,v3,,
high_school_microeconomics/test/210,Global-MMLU,Khang,CA,TRA,2026-06-13T14:37:33.069Z,4,v3,,
high_school_microeconomics/test/210,Global-MMLU,Ngoc,CA,TRA,2026-06-15T07:37:34.526Z,4,v3,,
high_school_microeconomics/test/210,Global-MMLU,Nhu,CA,TRA,2026-06-14T07:22:47.895Z,4,v3,,
high_school_microeconomics/test/211,Global-MMLU,Khang,CA,TRA,2026-06-13T14:37:33.069Z,4,v3,,
high_school_microeconomics/test/211,Global-MMLU,Ngoc,CA,TRA,2026-06-15T07:37:34.526Z,4,v3,,
high_school_microeconomics/test/211,Global-MMLU,Nhu,CA,TRA,2026-06-14T07:22:47.895Z,4,v3,,
high_school_microeconomics/test/212,Global-MMLU,Khang,CA,TRA,2026-06-13T14:37:33.069Z,4,v3,,
high_school_microeconomics/test/212,Global-MMLU,Ngoc,CA,TRA,2026-06-15T07:37:34.526Z,4,v3,,
high_school_microeconomics/test/212,Global-MMLU,Nhu,CA,TRA,2026-06-14T07:22:47.895Z,4,v3,,
high_school_microeconomics/test/213,Global-MMLU,Khang,CA,TRA,2026-06-13T14:37:33.069Z,4,v3,,
high_school_microeconomics/test/213,Global-MMLU,Ngoc,CA,TRA,2026-06-15T07:37:34.526Z,4,v3,,
high_school_microeconomics/test/213,Global-MMLU,Nhu,CA,TRA,2026-06-14T07:22:47.895Z,4,v3,,
high_school_microeconomics/test/214,Global-MMLU,Khang,CA,TRA,2026-06-13T14:37:33.069Z,4,v3,,
high_school_microeconomics/test/214,Global-MMLU,Ngoc,CA,TRA,2026-06-15T07:37:34.526Z,4,v3,,
high_school_microeconomics/test/214,Global-MMLU,Nhu,CA,TRA,2026-06-14T07:22:47.895Z,4,v3,,
high_school_microeconomics/test/215,Global-MMLU,Khang,CA,TRA,2026-06-13T14:37:33.069Z,4,v3,,
high_school_microeconomics/test/215,Global-MMLU,Ngoc,CA,TRA,2026-06-15T07:37:34.526Z,4,v3,,
high_school_microeconomics/test/215,Global-MMLU,Nhu,CA,TRA,2026-06-14T07:22:47.895Z,4,v3,,
high_school_microeconomics/test/216,Global-MMLU,Khang,CA,TRA,2026-06-13T14:37:33.069Z,4,v3,,
high_school_microeconomics/test/216,Global-MMLU,Ngoc,CA,TRA,2026-06-15T07:37:34.526Z,4,v3,,
high_school_microeconomics/test/216,Global-MMLU,Nhu,CA,TRA,2026-06-14T07:22:47.895Z,4,v3,,
high_school_microeconomics/test/217,Global-MMLU,Khang,CA,TRA,2026-06-13T14:37:33.069Z,4,v3,,
high_school_microeconomics/test/217,Global-MMLU,Ngoc,CA,TRA,2026-06-15T07:37:34.526Z,4,v3,,
high_school_microeconomics/test/217,Global-MMLU,Nhu,CA,TRA,2026-06-14T07:22:47.895Z,4,v3,,
high_school_microeconomics/test/218,Global-MMLU,Khang,CA,TRA,2026-06-13T14:37:33.069Z,4,v3,,
high_school_microeconomics/test/218,Global-MMLU,Ngoc,CA,TRA,2026-06-15T07:37:34.526Z,4,v3,,
high_school_microeconomics/test/218,Global-MMLU,Nhu,CA,TRA,2026-06-14T07:22:47.895Z,4,v3,,
high_school_microeconomics/test/219,Global-MMLU,Khang,CA,TRA,2026-06-13T14:37:33.069Z,4,v3,,
high_school_microeconomics/test/219,Global-MMLU,Ngoc,CA,TRA,2026-06-15T07:37:34.526Z,4,v3,,
high_school_microeconomics/test/219,Global-MMLU,Nhu,CA,TRA,2026-06-14T07:22:47.895Z,4,v3,,
high_school_microeconomics/test/220,Global-MMLU,Khang,CA,TRA,2026-06-13T14:37:33.069Z,4,v3,,
high_school_microeconomics/test/220,Global-MMLU,Ngoc,CA,TRA,2026-06-15T07:37:34.526Z,4,v3,,
high_school_microeconomics/test/220,Global-MMLU,Nhu,CA,TRA,2026-06-14T07:22:47.895Z,4,v3,,
high_school_microeconomics/test/221,Global-MMLU,Khang,CA,TRA,2026-06-13T14:37:33.069Z,4,v3,,
high_school_microeconomics/test/221,Global-MMLU,Ngoc,CA,TRA,2026-06-15T07:37:34.526Z,4,v3,,
high_school_microeconomics/test/221,Global-MMLU,Nhu,CA,TRA,2026-06-14T07:22:47.895Z,4,v3,,
high_school_microeconomics/test/222,Global-MMLU,Khang,CA,TRA,2026-06-13T14:37:33.069Z,4,v3,,
high_school_microeconomics/test/222,Global-MMLU,Ngoc,CA,TRA,2026-06-15T07:37:34.526Z,4,v3,,
high_school_microeconomics/test/222,Global-MMLU,Nhu,CA,TRA,2026-06-14T07:22:47.895Z,4,v3,,
high_school_microeconomics/test/223,Global-MMLU,Khang,CA,TRA,2026-06-13T14:37:33.069Z,4,v3,,
high_school_microeconomics/test/223,Global-MMLU,Ngoc,CA,TRA,2026-06-15T07:37:34.526Z,4,v3,,
high_school_microeconomics/test/223,Global-MMLU,Nhu,CA,TRA,2026-06-14T07:22:47.895Z,4,v3,,
high_school_microeconomics/test/224,Global-MMLU,Khang,CA,TRA,2026-06-13T14:37:33.069Z,4,v3,,
high_school_microeconomics/test/224,Global-MMLU,Ngoc,CA,TRA,2026-06-15T07:37:34.526Z,4,v3,,
high_school_microeconomics/test/224,Global-MMLU,Nhu,CA,TRA,2026-06-14T07:22:47.895Z,4,v3,,
high_school_microeconomics/test/225,Global-MMLU,Khang,CA,TRA,2026-06-13T14:37:33.069Z,4,v3,,
high_school_microeconomics/test/225,Global-MMLU,Ngoc,CA,TRA,2026-06-15T07:37:34.526Z,4,v3,,
high_school_microeconomics/test/225,Global-MMLU,Nhu,CA,TRA,2026-06-14T07:22:47.895Z,4,v3,,
high_school_microeconomics/test/226,Global-MMLU,Khang,CA,TRA,2026-06-13T14:37:33.069Z,4,v3,,
high_school_microeconomics/test/226,Global-MMLU,Ngoc,CA,TRA,2026-06-15T07:37:34.526Z,4,v3,,
high_school_microeconomics/test/226,Global-MMLU,Nhu,CA,TRA,2026-06-14T07:22:47.895Z,4,v3,,
high_school_microeconomics/test/227,Global-MMLU,Khang,CA,TRA,2026-06-13T14:37:33.069Z,4,v3,,
high_school_microeconomics/test/227,Global-MMLU,Ngoc,CA,TRA,2026-06-15T07:37:34.526Z,4,v3,,
high_school_microeconomics/test/227,Global-MMLU,Nhu,CA,TRA,2026-06-14T07:22:47.895Z,4,v3,,
high_school_microeconomics/test/228,Global-MMLU,Khang,CA,TRA,2026-06-13T14:37:33.069Z,4,v3,,
high_school_microeconomics/test/228,Global-MMLU,Ngoc,CA,TRA,2026-06-15T07:37:34.526Z,4,v3,,
high_school_microeconomics/test/228,Global-MMLU,Nhu,CA,TRA,2026-06-14T07:22:47.895Z,4,v3,,
high_school_microeconomics/test/229,Global-MMLU,Khang,CA,TRA,2026-06-13T14:37:33.069Z,4,v3,,
high_school_microeconomics/test/229,Global-MMLU,Ngoc,CA,TRA,2026-06-15T07:37:34.526Z,4,v3,,
high_school_microeconomics/test/229,Global-MMLU,Nhu,CA,TRA,2026-06-14T07:22:47.895Z,4,v3,,
high_school_microeconomics/test/230,Global-MMLU,Khang,CA,TRA,2026-06-13T14:37:33.069Z,4,v3,,
high_school_microeconomics/test/230,Global-MMLU,Ngoc,CA,TRA,2026-06-15T07:37:34.526Z,4,v3,,
high_school_microeconomics/test/230,Global-MMLU,Nhu,CA,TRA,2026-06-14T07:22:47.895Z,4,v3,,
high_school_microeconomics/test/231,Global-MMLU,Khang,CA,TRA,2026-06-13T14:37:33.069Z,4,v3,,
high_school_microeconomics/test/231,Global-MMLU,Ngoc,CA,TRA,2026-06-15T07:37:34.526Z,4,v3,,
high_school_microeconomics/test/231,Global-MMLU,Nhu,CA,TRA,2026-06-14T07:22:47.895Z,4,v3,,
high_school_microeconomics/test/232,Global-MMLU,Khang,CA,TRA,2026-06-13T14:37:33.069Z,4,v3,,
high_school_microeconomics/test/232,Global-MMLU,Ngoc,CA,TRA,2026-06-15T07:37:34.526Z,4,v3,,
high_school_microeconomics/test/232,Global-MMLU,Nhu,CA,TRA,2026-06-14T07:22:47.895Z,4,v3,,
high_school_microeconomics/test/233,Global-MMLU,Khang,CA,TRA,2026-06-13T14:37:33.069Z,4,v3,,
high_school_microeconomics/test/233,Global-MMLU,Ngoc,CA,TRA,2026-06-15T07:37:34.526Z,4,v3,,
high_school_microeconomics/test/233,Global-MMLU,Nhu,CA,TRA,2026-06-14T07:22:47.895Z,4,v3,,
high_school_microeconomics/test/234,Global-MMLU,Khang,CA,TRA,2026-06-13T14:37:33.069Z,4,v3,,
high_school_microeconomics/test/234,Global-MMLU,Ngoc,CA,TRA,2026-06-15T07:37:34.526Z,4,v3,,
high_school_microeconomics/test/234,Global-MMLU,Nhu,CA,TRA,2026-06-14T07:22:47.895Z,4,v3,,
high_school_microeconomics/test/235,Global-MMLU,Khang,CA,TRA,2026-06-13T14:37:33.069Z,4,v3,,
high_school_microeconomics/test/235,Global-MMLU,Ngoc,CA,TRA,2026-06-15T07:37:34.526Z,4,v3,,
high_school_microeconomics/test/235,Global-MMLU,Nhu,CA,TRA,2026-06-14T07:22:47.895Z,4,v3,,
high_school_microeconomics/test/236,Global-MMLU,Khang,CA,TRA,2026-06-13T14:37:33.069Z,4,v3,,
high_school_microeconomics/test/236,Global-MMLU,Ngoc,CA,TRA,2026-06-15T07:37:34.526Z,4,v3,,
high_school_microeconomics/test/236,Global-MMLU,Nhu,CA,TRA,2026-06-14T07:22:47.895Z,4,v3,,
high_school_microeconomics/test/237,Global-MMLU,Khang,CA,TRA,2026-06-13T14:37:33.069Z,4,v3,,
high_school_microeconomics/test/237,Global-MMLU,Ngoc,CA,TRA,2026-06-15T07:37:34.526Z,4,v3,,
high_school_microeconomics/test/237,Global-MMLU,Nhu,CA,TRA,2026-06-14T07:22:47.895Z,4,v3,,
high_school_psychology/test/0,Global-MMLU,Khang,CA,TRA,2026-06-13T14:37:33.069Z,4,v3,,
high_school_psychology/test/0,Global-MMLU,Ngoc,CA,TRA,2026-06-15T07:37:34.526Z,4,v3,,
high_school_psychology/test/0,Global-MMLU,Nhu,CA,TRA,2026-06-14T07:22:47.895Z,4,v3,,
high_school_psychology/test/1,Global-MMLU,Khang,CA,TRA,2026-06-13T14:37:33.069Z,4,v3,,
high_school_psychology/test/1,Global-MMLU,Ngoc,CA,TRA,2026-06-15T07:37:34.526Z,4,v3,,
high_school_psychology/test/1,Global-MMLU,Nhu,CA,TRA,2026-06-14T07:22:47.895Z,4,v3,,
high_school_psychology/test/2,Global-MMLU,Khang,CA,TRA,2026-06-13T14:37:33.069Z,4,v3,,
high_school_psychology/test/2,Global-MMLU,Ngoc,CA,TRA,2026-06-15T07:37:34.526Z,4,v3,,
high_school_psychology/test/2,Global-MMLU,Nhu,CA,TRA,2026-06-14T07:22:47.895Z,4,v3,,
high_school_psychology/test/3,Global-MMLU,Khang,CA,TRA,2026-06-13T14:37:33.069Z,4,v3,,
high_school_psychology/test/3,Global-MMLU,Ngoc,CA,TRA,2026-06-15T07:37:34.526Z,4,v3,,
high_school_psychology/test/3,Global-MMLU,Nhu,CA,TRA,2026-06-14T07:22:47.895Z,4,v3,,
high_school_psychology/test/4,Global-MMLU,Khang,CS-H,TRA,2026-06-13T14:37:33.069Z,4,v3,,
high_school_psychology/test/4,Global-MMLU,Ngoc,CS-H,TRA,2026-06-15T07:37:34.526Z,4,v3,,
high_school_psychology/test/4,Global-MMLU,Nhu,CS-H,TRA,2026-06-14T07:22:47.895Z,4,v3,,
high_school_psychology/test/5,Global-MMLU,Khang,CA,TRA,2026-06-13T14:37:33.069Z,4,v3,,
high_school_psychology/test/5,Global-MMLU,Ngoc,CA,TRA,2026-06-15T07:37:34.526Z,4,v3,,
high_school_psychology/test/5,Global-MMLU,Nhu,CA,TRA,2026-06-14T07:22:47.895Z,4,v3,,
high_school_psychology/test/6,Global-MMLU,Khang,CA,TRA,2026-06-13T14:37:33.069Z,4,v3,,
high_school_psychology/test/6,Global-MMLU,Ngoc,CA,TRA,2026-06-15T07:37:34.526Z,4,v3,,
high_school_psychology/test/6,Global-MMLU,Nhu,CA,TRA,2026-06-14T07:22:47.895Z,4,v3,,
high_school_psychology/test/7,Global-MMLU,Khang,CS-E,TRA,2026-06-13T14:37:33.069Z,4,v3,,
high_school_psychology/test/7,Global-MMLU,Ngoc,CS-E,TRA,2026-06-15T07:37:34.526Z,4,v3,,
high_school_psychology/test/7,Global-MMLU,Nhu,CS-E,TRA,2026-06-14T07:22:47.895Z,4,v3,,
high_school_psychology/test/8,Global-MMLU,Khang,CA,TRA,2026-06-13T14:37:33.069Z,4,v3,,
high_school_psychology/test/8,Global-MMLU,Ngoc,CA,TRA,2026-06-15T07:37:34.526Z,4,v3,,
high_school_psychology/test/8,Global-MMLU,Nhu,CA,TRA,2026-06-14T07:22:47.895Z,4,v3,,
high_school_psychology/test/9,Global-MMLU,Khang,CA,TRA,2026-06-13T14:37:33.069Z,4,v3,,
high_school_psychology/test/9,Global-MMLU,Ngoc,CS-H,TRA,2026-06-15T07:37:34.526Z,4,v3,,
high_school_psychology/test/9,Global-MMLU,Nhu,CA,TRA,2026-06-14T07:22:47.895Z,4,v3,,
high_school_psychology/test/10,Global-MMLU,Khang,CA,TRA,2026-06-13T14:37:33.069Z,4,v3,,
high_school_psychology/test/10,Global-MMLU,Ngoc,CA,TRA,2026-06-15T07:37:34.526Z,4,v3,,
high_school_psychology/test/10,Global-MMLU,Nhu,CA,TRA,2026-06-14T07:22:47.895Z,4,v3,,
high_school_psychology/test/11,Global-MMLU,Khang,CA,TRA,2026-06-13T14:37:33.069Z,4,v3,,
high_school_psychology/test/11,Global-MMLU,Ngoc,CA,TRA,2026-06-15T07:37:34.526Z,4,v3,,
high_school_psychology/test/11,Global-MMLU,Nhu,CA,TRA,2026-06-14T07:22:47.895Z,4,v3,,
high_school_psychology/test/12,Global-MMLU,Khang,CA,TRA,2026-06-13T14:37:33.069Z,4,v3,,
high_school_psychology/test/12,Global-MMLU,Ngoc,CA,TRA,2026-06-15T07:37:34.526Z,4,v3,,
high_school_psychology/test/12,Global-MMLU,Nhu,CA,TRA,2026-06-14T07:22:47.895Z,4,v3,,
high_school_psychology/test/13,Global-MMLU,Khang,CS-E,TRA,2026-06-13T14:37:33.069Z,4,v3,,
high_school_psychology/test/13,Global-MMLU,Ngoc,CS-L,TRA,2026-06-15T07:37:34.526Z,4,v3,,
high_school_psychology/test/13,Global-MMLU,Nhu,CS-L,TRA,2026-06-14T07:22:47.895Z,4,v3,,
high_school_psychology/test/14,Global-MMLU,Khang,CA,TRA,2026-06-13T14:37:33.069Z,4,v3,,
high_school_psychology/test/14,Global-MMLU,Ngoc,CA,TRA,2026-06-15T07:37:34.526Z,4,v3,,
high_school_psychology/test/14,Global-MMLU,Nhu,CA,TRA,2026-06-14T07:22:47.895Z,4,v3,,
high_school_psychology/test/15,Global-MMLU,Khang,CA,TRA,2026-06-13T14:37:33.069Z,4,v3,,
high_school_psychology/test/15,Global-MMLU,Ngoc,CA,TRA,2026-06-15T07:37:34.526Z,4,v3,,
high_school_psychology/test/15,Global-MMLU,Nhu,CA,TRA,2026-06-14T07:22:47.895Z,4,v3,,
high_school_psychology/test/16,Global-MMLU,Khang,CA,TRA,2026-06-13T14:37:33.069Z,4,v3,,
high_school_psychology/test/16,Global-MMLU,Ngoc,CA,TRA,2026-06-15T07:37:34.526Z,4,v3,,
high_school_psychology/test/16,Global-MMLU,Nhu,CA,TRA,2026-06-14T07:22:47.895Z,4,v3,,
high_school_psychology/test/17,Global-MMLU,Khang,CA,TRA,2026-06-13T14:37:33.069Z,4,v3,,
high_school_psychology/test/17,Global-MMLU,Ngoc,CA,TRA,2026-06-15T07:37:34.526Z,4,v3,,
high_school_psychology/test/17,Global-MMLU,Nhu,CA,TRA,2026-06-14T07:22:47.895Z,4,v3,,
high_school_psychology/test/18,Global-MMLU,Khang,CA,TRA,2026-06-13T14:37:33.069Z,4,v3,,
high_school_psychology/test/18,Global-MMLU,Ngoc,CA,TRA,2026-06-15T07:37:34.526Z,4,v3,,
high_school_psychology/test/18,Global-MMLU,Nhu,CA,TRA,2026-06-14T07:22:47.895Z,4,v3,,
high_school_psychology/test/19,Global-MMLU,Khang,CA,TRA,2026-06-13T14:37:33.069Z,4,v3,,
high_school_psychology/test/19,Global-MMLU,Ngoc,CA,TRA,2026-06-15T07:37:34.526Z,4,v3,,
high_school_psychology/test/19,Global-MMLU,Nhu,CA,TRA,2026-06-14T07:22:47.895Z,4,v3,,
high_school_psychology/test/20,Global-MMLU,Khang,CA,TRA,2026-06-13T14:37:33.069Z,4,v3,,
high_school_psychology/test/20,Global-MMLU,Ngoc,CA,TRA,2026-06-15T07:37:34.526Z,4,v3,,
high_school_psychology/test/20,Global-MMLU,Nhu,CA,TRA,2026-06-14T07:22:47.895Z,4,v3,,
high_school_psychology/test/21,Global-MMLU,Khang,CA,TRA,2026-06-13T14:37:33.069Z,4,v3,,
high_school_psychology/test/21,Global-MMLU,Ngoc,CA,TRA,2026-06-15T07:37:34.526Z,4,v3,,
high_school_psychology/test/21,Global-MMLU,Nhu,CA,TRA,2026-06-14T07:22:47.895Z,4,v3,,
high_school_psychology/test/22,Global-MMLU,Khang,CA,TRA,2026-06-13T14:37:33.069Z,4,v3,,
high_school_psychology/test/22,Global-MMLU,Ngoc,CA,TRA,2026-06-15T07:37:34.526Z,4,v3,,
high_school_psychology/test/22,Global-MMLU,Nhu,CA,TRA,2026-06-14T07:22:47.895Z,4,v3,,
high_school_psychology/test/23,Global-MMLU,Khang,CA,TRA,2026-06-13T14:37:33.069Z,4,v3,,
high_school_psychology/test/23,Global-MMLU,Ngoc,CA,TRA,2026-06-15T07:37:34.526Z,4,v3,,
high_school_psychology/test/23,Global-MMLU,Nhu,CA,TRA,2026-06-14T07:22:47.895Z,4,v3,,
high_school_psychology/test/24,Global-MMLU,Khang,CA,TRA,2026-06-13T14:37:33.069Z,4,v3,,
high_school_psychology/test/24,Global-MMLU,Ngoc,CA,TRA,2026-06-15T07:37:34.526Z,4,v3,,
high_school_psychology/test/24,Global-MMLU,Nhu,CA,TRA,2026-06-14T07:22:47.895Z,4,v3,,
high_school_psychology/test/25,Global-MMLU,Khang,CA,TRA,2026-06-13T14:37:33.069Z,4,v3,,
high_school_psychology/test/25,Global-MMLU,Ngoc,CA,TRA,2026-06-15T07:37:34.526Z,4,v3,,
high_school_psychology/test/25,Global-MMLU,Nhu,CA,TRA,2026-06-14T07:22:47.895Z,4,v3,,
high_school_psychology/test/26,Global-MMLU,Khang,CA,TRA,2026-06-13T14:37:33.069Z,4,v3,,
high_school_psychology/test/26,Global-MMLU,Ngoc,CA,TRA,2026-06-15T07:37:34.526Z,4,v3,,
high_school_psychology/test/26,Global-MMLU,Nhu,CA,TRA,2026-06-14T07:22:47.895Z,4,v3,,
high_school_psychology/test/27,Global-MMLU,Khang,CA,TRA,2026-06-13T14:37:33.069Z,4,v3,,
high_school_psychology/test/27,Global-MMLU,Ngoc,CA,TRA,2026-06-15T07:37:34.526Z,4,v3,,
high_school_psychology/test/27,Global-MMLU,Nhu,CA,TRA,2026-06-14T07:22:47.895Z,4,v3,,
high_school_psychology/test/28,Global-MMLU,Khang,CA,TRA,2026-06-13T14:37:33.069Z,4,v3,,
high_school_psychology/test/28,Global-MMLU,Ngoc,CA,TRA,2026-06-15T07:37:34.526Z,4,v3,,
high_school_psychology/test/28,Global-MMLU,Nhu,CA,TRA,2026-06-14T07:22:47.895Z,4,v3,,
high_school_psychology/test/29,Global-MMLU,Khang,CA,TRA,2026-06-13T14:37:33.069Z,4,v3,,
high_school_psychology/test/29,Global-MMLU,Ngoc,CA,TRA,2026-06-15T07:37:34.526Z,4,v3,,
high_school_psychology/test/29,Global-MMLU,Nhu,CA,TRA,2026-06-14T07:22:47.895Z,4,v3,,
high_school_psychology/test/30,Global-MMLU,Khang,CA,TRA,2026-06-13T14:37:33.069Z,4,v3,,
high_school_psychology/test/30,Global-MMLU,Ngoc,CA,TRA,2026-06-15T07:37:34.526Z,4,v3,,
high_school_psychology/test/30,Global-MMLU,Nhu,CA,TRA,2026-06-14T07:22:47.895Z,4,v3,,
high_school_psychology/test/31,Global-MMLU,Khang,CA,TRA,2026-06-13T14:37:33.069Z,4,v3,,
high_school_psychology/test/31,Global-MMLU,Ngoc,CA,TRA,2026-06-15T07:37:34.526Z,4,v3,,
high_school_psychology/test/31,Global-MMLU,Nhu,CA,TRA,2026-06-14T07:22:47.895Z,4,v3,,
high_school_psychology/test/32,Global-MMLU,Khang,CA,TRA,2026-06-13T14:37:33.069Z,4,v3,,
high_school_psychology/test/32,Global-MMLU,Ngoc,CA,TRA,2026-06-15T07:37:34.526Z,4,v3,,
high_school_psychology/test/32,Global-MMLU,Nhu,CA,TRA,2026-06-14T07:22:47.895Z,4,v3,,
high_school_psychology/test/33,Global-MMLU,Khang,CA,TRA,2026-06-13T14:37:33.069Z,4,v3,,
high_school_psychology/test/33,Global-MMLU,Ngoc,CA,TRA,2026-06-15T07:37:34.526Z,4,v3,,
high_school_psychology/test/33,Global-MMLU,Nhu,CA,TRA,2026-06-14T07:22:47.895Z,4,v3,,
high_school_psychology/test/34,Global-MMLU,Khang,CA,TRA,2026-06-13T14:37:33.069Z,4,v3,,
high_school_psychology/test/34,Global-MMLU,Ngoc,CA,TRA,2026-06-15T07:37:34.526Z,4,v3,,
high_school_psychology/test/34,Global-MMLU,Nhu,CA,TRA,2026-06-14T07:22:47.895Z,4,v3,,
high_school_psychology/test/35,Global-MMLU,Khang,CA,TRA,2026-06-13T14:37:33.069Z,4,v3,,
high_school_psychology/test/35,Global-MMLU,Ngoc,CA,TRA,2026-06-15T07:37:34.526Z,4,v3,,
high_school_psychology/test/35,Global-MMLU,Nhu,CA,TRA,2026-06-14T07:22:47.895Z,4,v3,,
high_school_psychology/test/36,Global-MMLU,Khang,CA,TRA,2026-06-13T14:37:33.069Z,4,v3,,
high_school_psychology/test/36,Global-MMLU,Ngoc,CA,TRA,2026-06-15T07:37:34.526Z,4,v3,,
high_school_psychology/test/36,Global-MMLU,Nhu,CA,TRA,2026-06-14T07:22:47.895Z,4,v3,,
high_school_psychology/test/37,Global-MMLU,Khang,CA,TRA,2026-06-13T14:37:33.069Z,4,v3,,
high_school_psychology/test/37,Global-MMLU,Ngoc,CA,TRA,2026-06-15T07:37:34.526Z,4,v3,,
high_school_psychology/test/37,Global-MMLU,Nhu,CA,TRA,2026-06-14T07:22:47.895Z,4,v3,,
high_school_psychology/test/38,Global-MMLU,Khang,CA,TRA,2026-06-13T14:37:33.069Z,4,v3,,
high_school_psychology/test/38,Global-MMLU,Ngoc,CA,TRA,2026-06-15T07:37:34.526Z,4,v3,,
high_school_psychology/test/38,Global-MMLU,Nhu,CA,TRA,2026-06-14T07:22:47.895Z,4,v3,,
high_school_psychology/test/39,Global-MMLU,Khang,CA,TRA,2026-06-13T14:37:33.069Z,4,v3,,
high_school_psychology/test/39,Global-MMLU,Ngoc,CA,TRA,2026-06-15T07:37:34.526Z,4,v3,,
high_school_psychology/test/39,Global-MMLU,Nhu,CA,TRA,2026-06-14T07:22:47.895Z,4,v3,,
high_school_psychology/test/40,Global-MMLU,Khang,CA,TRA,2026-06-13T14:37:33.069Z,4,v3,,
high_school_psychology/test/40,Global-MMLU,Ngoc,CA,TRA,2026-06-15T07:37:34.526Z,4,v3,,
high_school_psychology/test/40,Global-MMLU,Nhu,CA,TRA,2026-06-14T07:22:47.895Z,4,v3,,
high_school_psychology/test/41,Global-MMLU,Khang,CA,TRA,2026-06-13T14:37:33.069Z,4,v3,,
high_school_psychology/test/41,Global-MMLU,Ngoc,CA,TRA,2026-06-15T07:37:34.526Z,4,v3,,
high_school_psychology/test/41,Global-MMLU,Nhu,CA,TRA,2026-06-14T07:22:47.895Z,4,v3,,
high_school_psychology/test/42,Global-MMLU,Khang,CA,TRA,2026-06-13T14:37:33.069Z,4,v3,,
high_school_psychology/test/42,Global-MMLU,Ngoc,CA,TRA,2026-06-15T07:37:34.526Z,4,v3,,
high_school_psychology/test/42,Global-MMLU,Nhu,CA,TRA,2026-06-14T07:22:47.895Z,4,v3,,
high_school_psychology/test/43,Global-MMLU,Khang,CA,TRA,2026-06-13T14:37:33.069Z,4,v3,,
high_school_psychology/test/43,Global-MMLU,Ngoc,CA,TRA,2026-06-15T07:37:34.526Z,4,v3,,
high_school_psychology/test/43,Global-MMLU,Nhu,CA,TRA,2026-06-14T07:22:47.895Z,4,v3,,
high_school_psychology/test/44,Global-MMLU,Khang,CA,TRA,2026-06-13T14:37:33.069Z,4,v3,,
high_school_psychology/test/44,Global-MMLU,Ngoc,CA,TRA,2026-06-15T07:37:34.526Z,4,v3,,
high_school_psychology/test/44,Global-MMLU,Nhu,CA,TRA,2026-06-14T07:22:47.895Z,4,v3,,
high_school_psychology/test/45,Global-MMLU,Khang,CA,TRA,2026-06-13T14:37:33.069Z,4,v3,,
high_school_psychology/test/45,Global-MMLU,Ngoc,CA,TRA,2026-06-15T07:37:34.526Z,4,v3,,
high_school_psychology/test/45,Global-MMLU,Nhu,CA,TRA,2026-06-14T07:22:47.895Z,4,v3,,
high_school_psychology/test/46,Global-MMLU,Khang,CA,TRA,2026-06-13T14:37:33.069Z,4,v3,,
high_school_psychology/test/46,Global-MMLU,Ngoc,CA,TRA,2026-06-15T07:37:34.526Z,4,v3,,
high_school_psychology/test/46,Global-MMLU,Nhu,CA,TRA,2026-06-14T07:22:47.895Z,4,v3,,
high_school_psychology/test/47,Global-MMLU,Khang,CA,TRA,2026-06-13T14:37:33.069Z,4,v3,,
high_school_psychology/test/47,Global-MMLU,Ngoc,CA,TRA,2026-06-15T07:37:34.526Z,4,v3,,
high_school_psychology/test/47,Global-MMLU,Nhu,CA,TRA,2026-06-14T07:22:47.895Z,4,v3,,
high_school_psychology/test/48,Global-MMLU,Khang,CA,TRA,2026-06-13T14:37:33.069Z,4,v3,,
high_school_psychology/test/48,Global-MMLU,Ngoc,CA,TRA,2026-06-15T07:37:34.526Z,4,v3,,
high_school_psychology/test/48,Global-MMLU,Nhu,CA,TRA,2026-06-14T07:22:47.895Z,4,v3,,
high_school_psychology/test/49,Global-MMLU,Khang,CA,TRA,2026-06-13T14:37:33.069Z,4,v3,,
high_school_psychology/test/49,Global-MMLU,Ngoc,CA,TRA,2026-06-15T07:37:34.526Z,4,v3,,
high_school_psychology/test/49,Global-MMLU,Nhu,CA,TRA,2026-06-14T07:22:47.895Z,4,v3,,
high_school_psychology/test/50,Global-MMLU,Khang,CA,TRA,2026-06-13T14:37:33.069Z,4,v3,,
high_school_psychology/test/50,Global-MMLU,Ngoc,CA,TRA,2026-06-15T07:37:34.526Z,4,v3,,
high_school_psychology/test/50,Global-MMLU,Nhu,CA,TRA,2026-06-14T07:22:47.895Z,4,v3,,
high_school_psychology/test/51,Global-MMLU,Khang,CA,TRA,2026-06-13T14:37:33.069Z,4,v3,,
high_school_psychology/test/51,Global-MMLU,Ngoc,CA,TRA,2026-06-15T07:37:34.526Z,4,v3,,
high_school_psychology/test/51,Global-MMLU,Nhu,CA,TRA,2026-06-14T07:22:47.895Z,4,v3,,
high_school_psychology/test/52,Global-MMLU,Khang,CA,TRA,2026-06-13T14:37:33.069Z,4,v3,,
high_school_psychology/test/52,Global-MMLU,Ngoc,CA,TRA,2026-06-15T07:37:34.526Z,4,v3,,
high_school_psychology/test/52,Global-MMLU,Nhu,CA,TRA,2026-06-14T07:22:47.895Z,4,v3,,
high_school_psychology/test/53,Global-MMLU,Khang,CA,TRA,2026-06-13T14:37:33.069Z,4,v3,,
high_school_psychology/test/53,Global-MMLU,Ngoc,CA,TRA,2026-06-15T07:37:34.526Z,4,v3,,
high_school_psychology/test/53,Global-MMLU,Nhu,CA,TRA,2026-06-14T07:22:47.895Z,4,v3,,
high_school_psychology/test/54,Global-MMLU,Khang,CA,TRA,2026-06-13T14:37:33.069Z,4,v3,,
high_school_psychology/test/54,Global-MMLU,Ngoc,CA,TRA,2026-06-15T07:37:34.526Z,4,v3,,
high_school_psychology/test/54,Global-MMLU,Nhu,CA,TRA,2026-06-14T07:22:47.895Z,4,v3,,
high_school_psychology/test/55,Global-MMLU,Khang,CA,TRA,2026-06-13T14:37:33.069Z,4,v3,,
high_school_psychology/test/55,Global-MMLU,Ngoc,CA,TRA,2026-06-15T07:37:34.526Z,4,v3,,
high_school_psychology/test/55,Global-MMLU,Nhu,CA,TRA,2026-06-14T07:22:47.895Z,4,v3,,
high_school_psychology/test/56,Global-MMLU,Khang,CA,TRA,2026-06-13T14:37:33.069Z,4,v3,,
high_school_psychology/test/56,Global-MMLU,Ngoc,CA,TRA,2026-06-15T07:37:34.526Z,4,v3,,
high_school_psychology/test/56,Global-MMLU,Nhu,CA,TRA,2026-06-14T07:22:47.895Z,4,v3,,
high_school_psychology/test/57,Global-MMLU,Khang,CA,TRA,2026-06-13T14:37:33.069Z,4,v3,,
high_school_psychology/test/57,Global-MMLU,Ngoc,CA,TRA,2026-06-15T07:37:34.526Z,4,v3,,
high_school_psychology/test/57,Global-MMLU,Nhu,CA,TRA,2026-06-14T07:22:47.895Z,4,v3,,
high_school_psychology/test/58,Global-MMLU,Khang,CA,TRA,2026-06-13T14:37:33.069Z,4,v3,,
high_school_psychology/test/58,Global-MMLU,Ngoc,CA,TRA,2026-06-15T07:37:34.526Z,4,v3,,
high_school_psychology/test/58,Global-MMLU,Nhu,CA,TRA,2026-06-14T07:22:47.895Z,4,v3,,
high_school_psychology/test/59,Global-MMLU,Khang,CA,TRA,2026-06-13T14:37:33.069Z,4,v3,,
high_school_psychology/test/59,Global-MMLU,Ngoc,CA,TRA,2026-06-15T07:37:34.526Z,4,v3,,
high_school_psychology/test/59,Global-MMLU,Nhu,CA,TRA,2026-06-14T07:22:47.895Z,4,v3,,
high_school_psychology/test/60,Global-MMLU,Khang,CA,TRA,2026-06-13T14:37:33.069Z,4,v3,,
high_school_psychology/test/60,Global-MMLU,Ngoc,CA,TRA,2026-06-15T07:37:34.526Z,4,v3,,
high_school_psychology/test/60,Global-MMLU,Nhu,CA,TRA,2026-06-14T07:22:47.895Z,4,v3,,
high_school_psychology/test/61,Global-MMLU,Khang,CA,TRA,2026-06-13T14:37:33.069Z,4,v3,,
high_school_psychology/test/61,Global-MMLU,Ngoc,CA,TRA,2026-06-15T07:37:34.526Z,4,v3,,
high_school_psychology/test/61,Global-MMLU,Nhu,CA,TRA,2026-06-14T07:22:47.895Z,4,v3,,
high_school_psychology/test/62,Global-MMLU,Khang,CA,TRA,2026-06-13T14:37:33.069Z,4,v3,,
high_school_psychology/test/62,Global-MMLU,Ngoc,CA,TRA,2026-06-15T07:37:34.526Z,4,v3,,
high_school_psychology/test/62,Global-MMLU,Nhu,CA,TRA,2026-06-14T07:22:47.895Z,4,v3,,
high_school_psychology/test/63,Global-MMLU,Khang,CA,TRA,2026-06-13T14:37:33.069Z,4,v3,,
high_school_psychology/test/63,Global-MMLU,Ngoc,CA,TRA,2026-06-15T07:37:34.526Z,4,v3,,
high_school_psychology/test/63,Global-MMLU,Nhu,CA,TRA,2026-06-14T07:22:47.895Z,4,v3,,
high_school_psychology/test/64,Global-MMLU,Khang,CA,TRA,2026-06-13T14:37:33.069Z,4,v3,,
high_school_psychology/test/64,Global-MMLU,Ngoc,CA,TRA,2026-06-15T07:37:34.526Z,4,v3,,
high_school_psychology/test/64,Global-MMLU,Nhu,CA,TRA,2026-06-14T07:22:47.895Z,4,v3,,
high_school_psychology/test/65,Global-MMLU,Khang,CA,TRA,2026-06-13T14:37:33.069Z,4,v3,,
high_school_psychology/test/65,Global-MMLU,Ngoc,CA,TRA,2026-06-15T07:37:34.526Z,4,v3,,
high_school_psychology/test/65,Global-MMLU,Nhu,CA,TRA,2026-06-14T07:22:47.895Z,4,v3,,
high_school_psychology/test/66,Global-MMLU,Khang,CS-H,TRA,2026-06-13T14:37:33.069Z,4,v3,,
high_school_psychology/test/66,Global-MMLU,Ngoc,CS-H,TRA,2026-06-15T07:37:34.526Z,4,v3,,
high_school_psychology/test/66,Global-MMLU,Nhu,CS-H,TRA,2026-06-14T07:22:47.895Z,4,v3,,
high_school_psychology/test/67,Global-MMLU,Khang,CA,TRA,2026-06-13T14:37:33.069Z,4,v3,,
high_school_psychology/test/67,Global-MMLU,Ngoc,CA,TRA,2026-06-15T07:37:34.526Z,4,v3,,
high_school_psychology/test/67,Global-MMLU,Nhu,CA,TRA,2026-06-14T07:22:47.895Z,4,v3,,
high_school_psychology/test/68,Global-MMLU,Khang,CA,TRA,2026-06-13T14:37:33.069Z,4,v3,,
high_school_psychology/test/68,Global-MMLU,Ngoc,CA,TRA,2026-06-15T07:37:34.526Z,4,v3,,
high_school_psychology/test/68,Global-MMLU,Nhu,CA,TRA,2026-06-14T07:22:47.895Z,4,v3,,
high_school_psychology/test/69,Global-MMLU,Khang,CA,TRA,2026-06-13T14:37:33.069Z,4,v3,,
high_school_psychology/test/69,Global-MMLU,Ngoc,CA,TRA,2026-06-15T07:37:34.526Z,4,v3,,
high_school_psychology/test/69,Global-MMLU,Nhu,CA,TRA,2026-06-14T07:22:47.895Z,4,v3,,
high_school_psychology/test/70,Global-MMLU,Khang,CA,TRA,2026-06-13T14:37:33.069Z,4,v3,,
high_school_psychology/test/70,Global-MMLU,Ngoc,CA,TRA,2026-06-15T07:37:34.526Z,4,v3,,
high_school_psychology/test/70,Global-MMLU,Nhu,CA,TRA,2026-06-14T07:22:47.895Z,4,v3,,
high_school_psychology/test/71,Global-MMLU,Khang,CA,TRA,2026-06-13T14:37:33.070Z,4,v3,,
high_school_psychology/test/71,Global-MMLU,Ngoc,CA,TRA,2026-06-15T07:37:34.526Z,4,v3,,
high_school_psychology/test/71,Global-MMLU,Nhu,CA,TRA,2026-06-14T07:22:47.896Z,4,v3,,
high_school_psychology/test/72,Global-MMLU,Khang,CA,TRA,2026-06-13T14:37:33.070Z,4,v3,,
high_school_psychology/test/72,Global-MMLU,Ngoc,CA,TRA,2026-06-15T07:37:34.526Z,4,v3,,
high_school_psychology/test/72,Global-MMLU,Nhu,CA,TRA,2026-06-14T07:22:47.896Z,4,v3,,
high_school_psychology/test/73,Global-MMLU,Khang,CA,TRA,2026-06-13T14:37:33.070Z,4,v3,,
high_school_psychology/test/73,Global-MMLU,Ngoc,CA,TRA,2026-06-15T07:37:34.526Z,4,v3,,
high_school_psychology/test/73,Global-MMLU,Nhu,CA,TRA,2026-06-14T07:22:47.896Z,4,v3,,
high_school_psychology/test/74,Global-MMLU,Khang,CA,TRA,2026-06-13T14:37:33.070Z,4,v3,,
high_school_psychology/test/74,Global-MMLU,Ngoc,CA,TRA,2026-06-15T07:37:34.526Z,4,v3,,
high_school_psychology/test/74,Global-MMLU,Nhu,CA,TRA,2026-06-14T07:22:47.896Z,4,v3,,
high_school_psychology/test/75,Global-MMLU,Khang,CA,TRA,2026-06-13T14:37:33.070Z,4,v3,,
high_school_psychology/test/75,Global-MMLU,Ngoc,CA,TRA,2026-06-15T07:37:34.526Z,4,v3,,
high_school_psychology/test/75,Global-MMLU,Nhu,CA,TRA,2026-06-14T07:22:47.896Z,4,v3,,
high_school_psychology/test/76,Global-MMLU,Khang,CA,TRA,2026-06-13T14:37:33.070Z,4,v3,,
high_school_psychology/test/76,Global-MMLU,Ngoc,CA,TRA,2026-06-15T07:37:34.526Z,4,v3,,
high_school_psychology/test/76,Global-MMLU,Nhu,CA,TRA,2026-06-14T07:22:47.896Z,4,v3,,
high_school_psychology/test/77,Global-MMLU,Khang,CA,TRA,2026-06-13T14:37:33.070Z,4,v3,,
high_school_psychology/test/77,Global-MMLU,Ngoc,CA,TRA,2026-06-15T07:37:34.526Z,4,v3,,
high_school_psychology/test/77,Global-MMLU,Nhu,CA,TRA,2026-06-14T07:22:47.896Z,4,v3,,
high_school_psychology/test/78,Global-MMLU,Khang,CA,TRA,2026-06-13T14:37:33.070Z,4,v3,,
high_school_psychology/test/78,Global-MMLU,Ngoc,CA,TRA,2026-06-15T07:37:34.526Z,4,v3,,
high_school_psychology/test/78,Global-MMLU,Nhu,CA,TRA,2026-06-14T07:22:47.896Z,4,v3,,
high_school_psychology/test/79,Global-MMLU,Khang,CA,TRA,2026-06-13T14:37:33.070Z,4,v3,,
high_school_psychology/test/79,Global-MMLU,Ngoc,CA,TRA,2026-06-15T07:37:34.526Z,4,v3,,
high_school_psychology/test/79,Global-MMLU,Nhu,CA,TRA,2026-06-14T07:22:47.896Z,4,v3,,
high_school_psychology/test/80,Global-MMLU,Khang,CA,TRA,2026-06-13T14:37:33.070Z,4,v3,,
high_school_psychology/test/80,Global-MMLU,Ngoc,CA,TRA,2026-06-15T07:37:34.526Z,4,v3,,
high_school_psychology/test/80,Global-MMLU,Nhu,CA,TRA,2026-06-14T07:22:47.896Z,4,v3,,
high_school_psychology/test/81,Global-MMLU,Khang,CA,TRA,2026-06-13T14:37:33.070Z,4,v3,,
high_school_psychology/test/81,Global-MMLU,Ngoc,CA,TRA,2026-06-15T07:37:34.526Z,4,v3,,
high_school_psychology/test/81,Global-MMLU,Nhu,CA,TRA,2026-06-14T07:22:47.896Z,4,v3,,
high_school_psychology/test/82,Global-MMLU,Khang,CA,TRA,2026-06-13T14:37:33.070Z,4,v3,,
high_school_psychology/test/82,Global-MMLU,Ngoc,CA,TRA,2026-06-15T07:37:34.526Z,4,v3,,
high_school_psychology/test/82,Global-MMLU,Nhu,CA,TRA,2026-06-14T07:22:47.896Z,4,v3,,
high_school_psychology/test/83,Global-MMLU,Khang,CA,TRA,2026-06-13T14:37:33.070Z,4,v3,,
high_school_psychology/test/83,Global-MMLU,Ngoc,CA,TRA,2026-06-15T07:37:34.526Z,4,v3,,
high_school_psychology/test/83,Global-MMLU,Nhu,CA,TRA,2026-06-14T07:22:47.896Z,4,v3,,
high_school_psychology/test/84,Global-MMLU,Khang,CA,TRA,2026-06-13T14:37:33.070Z,4,v3,,
high_school_psychology/test/84,Global-MMLU,Ngoc,CA,TRA,2026-06-15T07:37:34.526Z,4,v3,,
high_school_psychology/test/84,Global-MMLU,Nhu,CA,TRA,2026-06-14T07:22:47.896Z,4,v3,,
high_school_psychology/test/85,Global-MMLU,Khang,CA,TRA,2026-06-13T14:37:33.070Z,4,v3,,
high_school_psychology/test/85,Global-MMLU,Ngoc,CA,TRA,2026-06-15T07:37:34.526Z,4,v3,,
high_school_psychology/test/85,Global-MMLU,Nhu,CA,TRA,2026-06-14T07:22:47.896Z,4,v3,,
high_school_psychology/test/86,Global-MMLU,Khang,CA,TRA,2026-06-13T14:37:33.070Z,4,v3,,
high_school_psychology/test/86,Global-MMLU,Ngoc,CA,TRA,2026-06-15T07:37:34.526Z,4,v3,,
high_school_psychology/test/86,Global-MMLU,Nhu,CA,TRA,2026-06-14T07:22:47.896Z,4,v3,,
high_school_psychology/test/87,Global-MMLU,Khang,CA,TRA,2026-06-13T14:37:33.070Z,4,v3,,
high_school_psychology/test/87,Global-MMLU,Ngoc,CA,TRA,2026-06-15T07:37:34.526Z,4,v3,,
high_school_psychology/test/87,Global-MMLU,Nhu,CA,TRA,2026-06-14T07:22:47.896Z,4,v3,,
high_school_psychology/test/88,Global-MMLU,Khang,CA,TRA,2026-06-13T14:37:33.070Z,4,v3,,
high_school_psychology/test/88,Global-MMLU,Ngoc,CA,TRA,2026-06-15T07:37:34.526Z,4,v3,,
high_school_psychology/test/88,Global-MMLU,Nhu,CA,TRA,2026-06-14T07:22:47.896Z,4,v3,,
high_school_psychology/test/89,Global-MMLU,Khang,CA,TRA,2026-06-13T14:37:33.070Z,4,v3,,
high_school_psychology/test/89,Global-MMLU,Ngoc,CA,TRA,2026-06-15T07:37:34.526Z,4,v3,,
high_school_psychology/test/89,Global-MMLU,Nhu,CA,TRA,2026-06-14T07:22:47.896Z,4,v3,,
high_school_psychology/test/90,Global-MMLU,Khang,CA,TRA,2026-06-13T14:37:33.070Z,4,v3,,
high_school_psychology/test/90,Global-MMLU,Ngoc,CA,TRA,2026-06-15T07:37:34.526Z,4,v3,,
high_school_psychology/test/90,Global-MMLU,Nhu,CA,TRA,2026-06-14T07:22:47.896Z,4,v3,,
high_school_psychology/test/91,Global-MMLU,Khang,CA,TRA,2026-06-13T14:37:33.070Z,4,v3,,
high_school_psychology/test/91,Global-MMLU,Ngoc,CA,TRA,2026-06-15T07:37:34.526Z,4,v3,,
high_school_psychology/test/91,Global-MMLU,Nhu,CA,TRA,2026-06-14T07:22:47.896Z,4,v3,,
high_school_psychology/test/92,Global-MMLU,Khang,CA,TRA,2026-06-13T14:37:33.070Z,4,v3,,
high_school_psychology/test/92,Global-MMLU,Ngoc,CA,TRA,2026-06-15T07:37:34.526Z,4,v3,,
high_school_psychology/test/92,Global-MMLU,Nhu,CA,TRA,2026-06-14T07:22:47.896Z,4,v3,,
high_school_psychology/test/93,Global-MMLU,Khang,CA,TRA,2026-06-13T14:37:33.070Z,4,v3,,
high_school_psychology/test/93,Global-MMLU,Ngoc,CA,TRA,2026-06-15T07:37:34.526Z,4,v3,,
high_school_psychology/test/93,Global-MMLU,Nhu,CA,TRA,2026-06-14T07:22:47.896Z,4,v3,,
high_school_psychology/test/94,Global-MMLU,Khang,CA,TRA,2026-06-13T14:37:33.070Z,4,v3,,
high_school_psychology/test/94,Global-MMLU,Ngoc,CA,TRA,2026-06-15T07:37:34.526Z,4,v3,,
high_school_psychology/test/94,Global-MMLU,Nhu,CA,TRA,2026-06-14T07:22:47.896Z,4,v3,,
high_school_psychology/test/95,Global-MMLU,Khang,CA,TRA,2026-06-13T14:37:33.070Z,4,v3,,
high_school_psychology/test/95,Global-MMLU,Ngoc,CA,TRA,2026-06-15T07:37:34.526Z,4,v3,,
high_school_psychology/test/95,Global-MMLU,Nhu,CA,TRA,2026-06-14T07:22:47.896Z,4,v3,,
high_school_psychology/test/96,Global-MMLU,Khang,CA,TRA,2026-06-13T14:37:33.070Z,4,v3,,
high_school_psychology/test/96,Global-MMLU,Ngoc,CA,TRA,2026-06-15T07:37:34.526Z,4,v3,,
high_school_psychology/test/96,Global-MMLU,Nhu,CA,TRA,2026-06-14T07:22:47.896Z,4,v3,,
high_school_psychology/test/97,Global-MMLU,Khang,CS-E,TRA,2026-06-13T14:37:33.070Z,4,v3,,
high_school_psychology/test/97,Global-MMLU,Ngoc,CA,TRA,2026-06-15T07:37:34.526Z,4,v3,,
high_school_psychology/test/97,Global-MMLU,Nhu,CA,TRA,2026-06-14T07:22:47.896Z,4,v3,,
high_school_psychology/test/98,Global-MMLU,Khang,CA,TRA,2026-06-13T14:37:33.070Z,4,v3,,
high_school_psychology/test/98,Global-MMLU,Ngoc,CA,TRA,2026-06-15T07:37:34.526Z,4,v3,,
high_school_psychology/test/98,Global-MMLU,Nhu,CA,TRA,2026-06-14T07:22:47.896Z,4,v3,,
high_school_psychology/test/99,Global-MMLU,Khang,CA,TRA,2026-06-13T14:37:33.070Z,4,v3,,
high_school_psychology/test/99,Global-MMLU,Ngoc,CA,TRA,2026-06-15T07:37:34.526Z,4,v3,,
high_school_psychology/test/99,Global-MMLU,Nhu,CA,TRA,2026-06-14T07:22:47.896Z,4,v3,,
high_school_psychology/test/100,Global-MMLU,Khang,CA,TRA,2026-06-13T14:37:33.070Z,4,v3,,
high_school_psychology/test/100,Global-MMLU,Ngoc,CA,TRA,2026-06-15T07:37:34.526Z,4,v3,,
high_school_psychology/test/100,Global-MMLU,Nhu,CA,TRA,2026-06-14T07:22:47.896Z,4,v3,,
high_school_psychology/test/101,Global-MMLU,Khang,CA,TRA,2026-06-13T14:37:33.070Z,4,v3,,
high_school_psychology/test/101,Global-MMLU,Ngoc,CA,TRA,2026-06-15T07:37:34.526Z,4,v3,,
high_school_psychology/test/101,Global-MMLU,Nhu,CA,TRA,2026-06-14T07:22:47.896Z,4,v3,,
high_school_psychology/test/102,Global-MMLU,Khang,CA,TRA,2026-06-13T14:37:33.070Z,4,v3,,
high_school_psychology/test/102,Global-MMLU,Ngoc,CA,TRA,2026-06-15T07:37:34.526Z,4,v3,,
high_school_psychology/test/102,Global-MMLU,Nhu,CA,TRA,2026-06-14T07:22:47.896Z,4,v3,,
high_school_psychology/test/103,Global-MMLU,Khang,CA,TRA,2026-06-13T14:37:33.070Z,4,v3,,
high_school_psychology/test/103,Global-MMLU,Ngoc,CA,TRA,2026-06-15T07:37:34.526Z,4,v3,,
high_school_psychology/test/103,Global-MMLU,Nhu,CA,TRA,2026-06-14T07:22:47.896Z,4,v3,,
high_school_psychology/test/104,Global-MMLU,Khang,CA,TRA,2026-06-13T14:37:33.070Z,4,v3,,
high_school_psychology/test/104,Global-MMLU,Ngoc,CA,TRA,2026-06-15T07:37:34.526Z,4,v3,,
high_school_psychology/test/104,Global-MMLU,Nhu,CA,TRA,2026-06-14T07:22:47.896Z,4,v3,,
high_school_psychology/test/105,Global-MMLU,Khang,CA,TRA,2026-06-13T14:37:33.070Z,4,v3,,
high_school_psychology/test/105,Global-MMLU,Ngoc,CA,TRA,2026-06-15T07:37:34.526Z,4,v3,,
high_school_psychology/test/105,Global-MMLU,Nhu,CA,TRA,2026-06-14T07:22:47.896Z,4,v3,,
high_school_psychology/test/106,Global-MMLU,Khang,CA,TRA,2026-06-13T14:37:33.070Z,4,v3,,
high_school_psychology/test/106,Global-MMLU,Ngoc,CA,TRA,2026-06-15T07:37:34.526Z,4,v3,,
high_school_psychology/test/106,Global-MMLU,Nhu,CA,TRA,2026-06-14T07:22:47.896Z,4,v3,,
high_school_psychology/test/107,Global-MMLU,Khang,CA,TRA,2026-06-13T14:37:33.070Z,4,v3,,
high_school_psychology/test/107,Global-MMLU,Ngoc,CA,TRA,2026-06-15T07:37:34.526Z,4,v3,,
high_school_psychology/test/107,Global-MMLU,Nhu,CA,TRA,2026-06-14T07:22:47.896Z,4,v3,,
high_school_psychology/test/108,Global-MMLU,Khang,CA,TRA,2026-06-13T14:37:33.070Z,4,v3,,
high_school_psychology/test/108,Global-MMLU,Ngoc,CA,TRA,2026-06-15T07:37:34.526Z,4,v3,,
high_school_psychology/test/108,Global-MMLU,Nhu,CA,TRA,2026-06-14T07:22:47.896Z,4,v3,,
high_school_psychology/test/109,Global-MMLU,Khang,CA,TRA,2026-06-13T14:37:33.070Z,4,v3,,
high_school_psychology/test/109,Global-MMLU,Ngoc,CA,TRA,2026-06-15T07:37:34.526Z,4,v3,,
high_school_psychology/test/109,Global-MMLU,Nhu,CA,TRA,2026-06-14T07:22:47.896Z,4,v3,,
high_school_psychology/test/110,Global-MMLU,Khang,CA,TRA,2026-06-13T14:37:33.070Z,4,v3,,
high_school_psychology/test/110,Global-MMLU,Ngoc,CA,TRA,2026-06-15T07:37:34.526Z,4,v3,,
high_school_psychology/test/110,Global-MMLU,Nhu,CA,TRA,2026-06-14T07:22:47.896Z,4,v3,,
high_school_psychology/test/111,Global-MMLU,Khang,CS-H,TRA,2026-06-13T14:37:33.070Z,4,v3,,
high_school_psychology/test/111,Global-MMLU,Ngoc,CA,TRA,2026-06-15T07:37:34.526Z,4,v3,,
high_school_psychology/test/111,Global-MMLU,Nhu,CS-H,TRA,2026-06-14T07:22:47.896Z,4,v3,,
high_school_psychology/test/112,Global-MMLU,Khang,CA,TRA,2026-06-13T14:37:33.070Z,4,v3,,
high_school_psychology/test/112,Global-MMLU,Ngoc,CA,TRA,2026-06-15T07:37:34.526Z,4,v3,,
high_school_psychology/test/112,Global-MMLU,Nhu,CA,TRA,2026-06-14T07:22:47.896Z,4,v3,,
high_school_psychology/test/113,Global-MMLU,Khang,CA,TRA,2026-06-13T14:37:33.070Z,4,v3,,
high_school_psychology/test/113,Global-MMLU,Ngoc,CA,TRA,2026-06-15T07:37:34.526Z,4,v3,,
high_school_psychology/test/113,Global-MMLU,Nhu,CA,TRA,2026-06-14T07:22:47.896Z,4,v3,,
high_school_psychology/test/114,Global-MMLU,Khang,CA,TRA,2026-06-13T14:37:33.070Z,4,v3,,
high_school_psychology/test/114,Global-MMLU,Ngoc,CA,TRA,2026-06-15T07:37:34.526Z,4,v3,,
high_school_psychology/test/114,Global-MMLU,Nhu,CA,TRA,2026-06-14T07:22:47.896Z,4,v3,,
high_school_psychology/test/115,Global-MMLU,Khang,CA,TRA,2026-06-13T14:37:33.070Z,4,v3,,
high_school_psychology/test/115,Global-MMLU,Ngoc,CA,TRA,2026-06-15T07:37:34.526Z,4,v3,,
high_school_psychology/test/115,Global-MMLU,Nhu,CA,TRA,2026-06-14T07:22:47.896Z,4,v3,,
high_school_psychology/test/116,Global-MMLU,Khang,CA,TRA,2026-06-13T14:37:33.070Z,4,v3,,
high_school_psychology/test/116,Global-MMLU,Ngoc,CA,TRA,2026-06-15T07:37:34.526Z,4,v3,,
high_school_psychology/test/116,Global-MMLU,Nhu,CA,TRA,2026-06-14T07:22:47.896Z,4,v3,,
high_school_psychology/test/117,Global-MMLU,Khang,CA,TRA,2026-06-13T14:37:33.070Z,4,v3,,
high_school_psychology/test/117,Global-MMLU,Ngoc,CA,TRA,2026-06-15T07:37:34.526Z,4,v3,,
high_school_psychology/test/117,Global-MMLU,Nhu,CA,TRA,2026-06-14T07:22:47.896Z,4,v3,,
high_school_psychology/test/118,Global-MMLU,Khang,CA,TRA,2026-06-13T14:37:33.070Z,4,v3,,
high_school_psychology/test/118,Global-MMLU,Ngoc,CA,TRA,2026-06-15T07:37:34.526Z,4,v3,,
high_school_psychology/test/118,Global-MMLU,Nhu,CA,TRA,2026-06-14T07:22:47.896Z,4,v3,,
high_school_psychology/test/119,Global-MMLU,Khang,CA,TRA,2026-06-13T14:37:33.070Z,4,v3,,
high_school_psychology/test/119,Global-MMLU,Ngoc,CA,TRA,2026-06-15T07:37:34.526Z,4,v3,,
high_school_psychology/test/119,Global-MMLU,Nhu,CA,TRA,2026-06-14T07:22:47.896Z,4,v3,,
high_school_psychology/test/120,Global-MMLU,Khang,CA,TRA,2026-06-13T14:37:33.070Z,4,v3,,
high_school_psychology/test/120,Global-MMLU,Ngoc,CA,TRA,2026-06-15T07:37:34.526Z,4,v3,,
high_school_psychology/test/120,Global-MMLU,Nhu,CA,TRA,2026-06-14T07:22:47.896Z,4,v3,,
high_school_psychology/test/121,Global-MMLU,Khang,CA,TRA,2026-06-13T14:37:33.070Z,4,v3,,
high_school_psychology/test/121,Global-MMLU,Ngoc,CA,TRA,2026-06-15T07:37:34.526Z,4,v3,,
high_school_psychology/test/121,Global-MMLU,Nhu,CA,TRA,2026-06-14T07:22:47.896Z,4,v3,,
high_school_psychology/test/122,Global-MMLU,Khang,CA,TRA,2026-06-13T14:37:33.070Z,4,v3,,
high_school_psychology/test/122,Global-MMLU,Ngoc,CA,TRA,2026-06-15T07:37:34.526Z,4,v3,,
high_school_psychology/test/122,Global-MMLU,Nhu,CA,TRA,2026-06-14T07:22:47.896Z,4,v3,,
high_school_psychology/test/123,Global-MMLU,Khang,CA,TRA,2026-06-13T14:37:33.070Z,4,v3,,
high_school_psychology/test/123,Global-MMLU,Ngoc,CA,TRA,2026-06-15T07:37:34.526Z,4,v3,,
high_school_psychology/test/123,Global-MMLU,Nhu,CA,TRA,2026-06-14T07:22:47.896Z,4,v3,,
high_school_psychology/test/124,Global-MMLU,Khang,CA,TRA,2026-06-13T14:37:33.070Z,4,v3,,
high_school_psychology/test/124,Global-MMLU,Ngoc,CA,TRA,2026-06-15T07:37:34.526Z,4,v3,,
high_school_psychology/test/124,Global-MMLU,Nhu,CA,TRA,2026-06-14T07:22:47.896Z,4,v3,,
high_school_psychology/test/125,Global-MMLU,Khang,CA,TRA,2026-06-13T14:37:33.070Z,4,v3,,
high_school_psychology/test/125,Global-MMLU,Ngoc,CA,TRA,2026-06-15T07:37:34.526Z,4,v3,,
high_school_psychology/test/125,Global-MMLU,Nhu,CA,TRA,2026-06-14T07:22:47.896Z,4,v3,,
high_school_psychology/test/126,Global-MMLU,Khang,CA,TRA,2026-06-13T14:37:33.070Z,4,v3,,
high_school_psychology/test/126,Global-MMLU,Ngoc,CA,TRA,2026-06-15T07:37:34.526Z,4,v3,,
high_school_psychology/test/126,Global-MMLU,Nhu,CA,TRA,2026-06-14T07:22:47.896Z,4,v3,,
high_school_psychology/test/127,Global-MMLU,Khang,CA,TRA,2026-06-13T14:37:33.070Z,4,v3,,
high_school_psychology/test/127,Global-MMLU,Ngoc,CA,TRA,2026-06-15T07:37:34.526Z,4,v3,,
high_school_psychology/test/127,Global-MMLU,Nhu,CA,TRA,2026-06-14T07:22:47.896Z,4,v3,,
high_school_psychology/test/128,Global-MMLU,Khang,CA,TRA,2026-06-13T14:37:33.070Z,4,v3,,
high_school_psychology/test/128,Global-MMLU,Ngoc,CA,TRA,2026-06-15T07:37:34.526Z,4,v3,,
high_school_psychology/test/128,Global-MMLU,Nhu,CA,TRA,2026-06-14T07:22:47.896Z,4,v3,,
high_school_psychology/test/129,Global-MMLU,Khang,CA,TRA,2026-06-13T14:37:33.070Z,4,v3,,
high_school_psychology/test/129,Global-MMLU,Ngoc,CA,TRA,2026-06-15T07:37:34.526Z,4,v3,,
high_school_psychology/test/129,Global-MMLU,Nhu,CA,TRA,2026-06-14T07:22:47.896Z,4,v3,,
high_school_psychology/test/130,Global-MMLU,Khang,CA,TRA,2026-06-13T14:37:33.070Z,4,v3,,
high_school_psychology/test/130,Global-MMLU,Ngoc,CA,TRA,2026-06-15T07:37:34.526Z,4,v3,,
high_school_psychology/test/130,Global-MMLU,Nhu,CA,TRA,2026-06-14T07:22:47.896Z,4,v3,,
high_school_psychology/test/131,Global-MMLU,Khang,CA,TRA,2026-06-13T14:37:33.070Z,4,v3,,
high_school_psychology/test/131,Global-MMLU,Ngoc,CA,TRA,2026-06-15T07:37:34.526Z,4,v3,,
high_school_psychology/test/131,Global-MMLU,Nhu,CA,TRA,2026-06-14T07:22:47.896Z,4,v3,,
high_school_psychology/test/132,Global-MMLU,Khang,CA,TRA,2026-06-13T14:37:33.070Z,4,v3,,
high_school_psychology/test/132,Global-MMLU,Ngoc,CA,TRA,2026-06-15T07:37:34.526Z,4,v3,,
high_school_psychology/test/132,Global-MMLU,Nhu,CA,TRA,2026-06-14T07:22:47.896Z,4,v3,,
high_school_psychology/test/133,Global-MMLU,Khang,CA,TRA,2026-06-13T14:37:33.070Z,4,v3,,
high_school_psychology/test/133,Global-MMLU,Ngoc,CA,TRA,2026-06-15T07:37:34.526Z,4,v3,,
high_school_psychology/test/133,Global-MMLU,Nhu,CA,TRA,2026-06-14T07:22:47.896Z,4,v3,,
high_school_psychology/test/134,Global-MMLU,Khang,CA,TRA,2026-06-13T14:37:33.070Z,4,v3,,
high_school_psychology/test/134,Global-MMLU,Ngoc,CA,TRA,2026-06-15T07:37:34.526Z,4,v3,,
high_school_psychology/test/134,Global-MMLU,Nhu,CA,TRA,2026-06-14T07:22:47.896Z,4,v3,,
high_school_psychology/test/135,Global-MMLU,Khang,CA,TRA,2026-06-13T14:37:33.070Z,4,v3,,
high_school_psychology/test/135,Global-MMLU,Ngoc,CA,TRA,2026-06-15T07:37:34.526Z,4,v3,,
high_school_psychology/test/135,Global-MMLU,Nhu,CA,TRA,2026-06-14T07:22:47.896Z,4,v3,,
high_school_psychology/test/136,Global-MMLU,Khang,CA,TRA,2026-06-13T14:37:33.070Z,4,v3,,
high_school_psychology/test/136,Global-MMLU,Ngoc,CA,TRA,2026-06-15T07:37:34.526Z,4,v3,,
high_school_psychology/test/136,Global-MMLU,Nhu,CA,TRA,2026-06-14T07:22:47.896Z,4,v3,,
high_school_psychology/test/137,Global-MMLU,Khang,CA,TRA,2026-06-13T14:37:33.070Z,4,v3,,
high_school_psychology/test/137,Global-MMLU,Ngoc,CA,TRA,2026-06-15T07:37:34.526Z,4,v3,,
high_school_psychology/test/137,Global-MMLU,Nhu,CA,TRA,2026-06-14T07:22:47.896Z,4,v3,,
high_school_psychology/test/138,Global-MMLU,Khang,CA,TRA,2026-06-13T14:37:33.070Z,4,v3,,
high_school_psychology/test/138,Global-MMLU,Ngoc,CA,TRA,2026-06-15T07:37:34.526Z,4,v3,,
high_school_psychology/test/138,Global-MMLU,Nhu,CA,TRA,2026-06-14T07:22:47.896Z,4,v3,,
high_school_psychology/test/139,Global-MMLU,Khang,CA,TRA,2026-06-13T14:37:33.070Z,4,v3,,
high_school_psychology/test/139,Global-MMLU,Ngoc,CA,TRA,2026-06-15T07:37:34.526Z,4,v3,,
high_school_psychology/test/139,Global-MMLU,Nhu,CA,TRA,2026-06-14T07:22:47.896Z,4,v3,,
high_school_psychology/test/140,Global-MMLU,Khang,CA,TRA,2026-06-13T14:37:33.070Z,4,v3,,
high_school_psychology/test/140,Global-MMLU,Ngoc,CA,TRA,2026-06-15T07:37:34.526Z,4,v3,,
high_school_psychology/test/140,Global-MMLU,Nhu,CA,TRA,2026-06-14T07:22:47.896Z,4,v3,,
high_school_psychology/test/141,Global-MMLU,Khang,CA,TRA,2026-06-13T14:37:33.070Z,4,v3,,
high_school_psychology/test/141,Global-MMLU,Ngoc,CA,TRA,2026-06-15T07:37:34.526Z,4,v3,,
high_school_psychology/test/141,Global-MMLU,Nhu,CA,TRA,2026-06-14T07:22:47.896Z,4,v3,,
high_school_psychology/test/142,Global-MMLU,Khang,CA,TRA,2026-06-13T14:37:33.070Z,4,v3,,
high_school_psychology/test/142,Global-MMLU,Ngoc,CA,TRA,2026-06-15T07:37:34.526Z,4,v3,,
high_school_psychology/test/142,Global-MMLU,Nhu,CA,TRA,2026-06-14T07:22:47.896Z,4,v3,,
high_school_psychology/test/143,Global-MMLU,Khang,CA,TRA,2026-06-13T14:37:33.070Z,4,v3,,
high_school_psychology/test/143,Global-MMLU,Ngoc,CA,TRA,2026-06-15T07:37:34.526Z,4,v3,,
high_school_psychology/test/143,Global-MMLU,Nhu,CA,TRA,2026-06-14T07:22:47.896Z,4,v3,,
high_school_psychology/test/144,Global-MMLU,Khang,CA,TRA,2026-06-13T14:37:33.070Z,4,v3,,
high_school_psychology/test/144,Global-MMLU,Ngoc,CA,TRA,2026-06-15T07:37:34.526Z,4,v3,,
high_school_psychology/test/144,Global-MMLU,Nhu,CA,TRA,2026-06-14T07:22:47.896Z,4,v3,,
high_school_psychology/test/145,Global-MMLU,Khang,CA,TRA,2026-06-13T14:37:33.070Z,4,v3,,
high_school_psychology/test/145,Global-MMLU,Ngoc,CA,TRA,2026-06-15T07:37:34.526Z,4,v3,,
high_school_psychology/test/145,Global-MMLU,Nhu,CA,TRA,2026-06-14T07:22:47.896Z,4,v3,,
high_school_psychology/test/146,Global-MMLU,Khang,CA,TRA,2026-06-13T14:37:33.070Z,4,v3,,
high_school_psychology/test/146,Global-MMLU,Ngoc,CA,TRA,2026-06-15T07:37:34.526Z,4,v3,,
high_school_psychology/test/146,Global-MMLU,Nhu,CA,TRA,2026-06-14T07:22:47.896Z,4,v3,,
high_school_psychology/test/147,Global-MMLU,Khang,CA,TRA,2026-06-13T14:37:33.070Z,4,v3,,
high_school_psychology/test/147,Global-MMLU,Ngoc,CA,TRA,2026-06-15T07:37:34.526Z,4,v3,,
high_school_psychology/test/147,Global-MMLU,Nhu,CA,TRA,2026-06-14T07:22:47.896Z,4,v3,,
high_school_psychology/test/148,Global-MMLU,Khang,CA,TRA,2026-06-13T14:37:33.070Z,4,v3,,
high_school_psychology/test/148,Global-MMLU,Ngoc,CA,TRA,2026-06-15T07:37:34.526Z,4,v3,,
high_school_psychology/test/148,Global-MMLU,Nhu,CA,TRA,2026-06-14T07:22:47.896Z,4,v3,,
high_school_psychology/test/149,Global-MMLU,Khang,CA,TRA,2026-06-13T14:37:33.070Z,4,v3,,
high_school_psychology/test/149,Global-MMLU,Ngoc,CA,TRA,2026-06-15T07:37:34.526Z,4,v3,,
high_school_psychology/test/149,Global-MMLU,Nhu,CA,TRA,2026-06-14T07:22:47.896Z,4,v3,,
high_school_psychology/test/150,Global-MMLU,Khang,CA,TRA,2026-06-13T14:37:33.070Z,4,v3,,
high_school_psychology/test/150,Global-MMLU,Ngoc,CA,TRA,2026-06-15T07:37:34.526Z,4,v3,,
high_school_psychology/test/150,Global-MMLU,Nhu,CA,TRA,2026-06-14T07:22:47.896Z,4,v3,,
high_school_psychology/test/151,Global-MMLU,Khang,CA,TRA,2026-06-13T14:37:33.070Z,4,v3,,
high_school_psychology/test/151,Global-MMLU,Ngoc,CA,TRA,2026-06-15T07:37:34.526Z,4,v3,,
high_school_psychology/test/151,Global-MMLU,Nhu,CA,TRA,2026-06-14T07:22:47.896Z,4,v3,,
high_school_psychology/test/152,Global-MMLU,Khang,CA,TRA,2026-06-13T14:37:33.070Z,4,v3,,
high_school_psychology/test/152,Global-MMLU,Ngoc,CA,TRA,2026-06-15T07:37:34.526Z,4,v3,,
high_school_psychology/test/152,Global-MMLU,Nhu,CA,TRA,2026-06-14T07:22:47.896Z,4,v3,,
high_school_psychology/test/153,Global-MMLU,Khang,CA,TRA,2026-06-13T14:37:33.070Z,4,v3,,
high_school_psychology/test/153,Global-MMLU,Ngoc,CA,TRA,2026-06-15T07:37:34.526Z,4,v3,,
high_school_psychology/test/153,Global-MMLU,Nhu,CA,TRA,2026-06-14T07:22:47.896Z,4,v3,,
high_school_psychology/test/154,Global-MMLU,Khang,CA,TRA,2026-06-13T14:37:33.070Z,4,v3,,
high_school_psychology/test/154,Global-MMLU,Ngoc,CA,TRA,2026-06-15T07:37:34.526Z,4,v3,,
high_school_psychology/test/154,Global-MMLU,Nhu,CA,TRA,2026-06-14T07:22:47.896Z,4,v3,,
high_school_psychology/test/155,Global-MMLU,Khang,CA,TRA,2026-06-13T14:37:33.070Z,4,v3,,
high_school_psychology/test/155,Global-MMLU,Ngoc,CA,TRA,2026-06-15T07:37:34.526Z,4,v3,,
high_school_psychology/test/155,Global-MMLU,Nhu,CA,TRA,2026-06-14T07:22:47.896Z,4,v3,,
high_school_psychology/test/156,Global-MMLU,Khang,CA,TRA,2026-06-13T14:37:33.070Z,4,v3,,
high_school_psychology/test/156,Global-MMLU,Ngoc,CA,TRA,2026-06-15T07:37:34.526Z,4,v3,,
high_school_psychology/test/156,Global-MMLU,Nhu,CA,TRA,2026-06-14T07:22:47.896Z,4,v3,,
high_school_psychology/test/157,Global-MMLU,Khang,CA,TRA,2026-06-13T14:37:33.070Z,4,v3,,
high_school_psychology/test/157,Global-MMLU,Ngoc,CA,TRA,2026-06-15T07:37:34.526Z,4,v3,,
high_school_psychology/test/157,Global-MMLU,Nhu,CA,TRA,2026-06-14T07:22:47.896Z,4,v3,,
high_school_psychology/test/158,Global-MMLU,Khang,CA,TRA,2026-06-13T14:37:33.070Z,4,v3,,
high_school_psychology/test/158,Global-MMLU,Ngoc,CA,TRA,2026-06-15T07:37:34.526Z,4,v3,,
high_school_psychology/test/158,Global-MMLU,Nhu,CA,TRA,2026-06-14T07:22:47.896Z,4,v3,,
high_school_psychology/test/159,Global-MMLU,Khang,CA,TRA,2026-06-13T14:37:33.070Z,4,v3,,
high_school_psychology/test/159,Global-MMLU,Ngoc,CA,TRA,2026-06-15T07:37:34.526Z,4,v3,,
high_school_psychology/test/159,Global-MMLU,Nhu,CA,TRA,2026-06-14T07:22:47.896Z,4,v3,,
high_school_psychology/test/160,Global-MMLU,Khang,CA,TRA,2026-06-13T14:37:33.070Z,4,v3,,
high_school_psychology/test/160,Global-MMLU,Ngoc,CA,TRA,2026-06-15T07:37:34.526Z,4,v3,,
high_school_psychology/test/160,Global-MMLU,Nhu,CA,TRA,2026-06-14T07:22:47.896Z,4,v3,,
high_school_psychology/test/161,Global-MMLU,Khang,CA,TRA,2026-06-13T14:37:33.070Z,4,v3,,
high_school_psychology/test/161,Global-MMLU,Ngoc,CA,TRA,2026-06-15T07:37:34.526Z,4,v3,,
high_school_psychology/test/161,Global-MMLU,Nhu,CA,TRA,2026-06-14T07:22:47.896Z,4,v3,,
high_school_psychology/test/162,Global-MMLU,Khang,CA,TRA,2026-06-13T14:37:33.070Z,4,v3,,
high_school_psychology/test/162,Global-MMLU,Ngoc,CA,TRA,2026-06-15T07:37:34.526Z,4,v3,,
high_school_psychology/test/162,Global-MMLU,Nhu,CA,TRA,2026-06-14T07:22:47.896Z,4,v3,,
high_school_psychology/test/163,Global-MMLU,Khang,CA,TRA,2026-06-13T14:37:33.070Z,4,v3,,
high_school_psychology/test/163,Global-MMLU,Ngoc,CS-E,TRA,2026-06-15T07:37:34.526Z,4,v3,,
high_school_psychology/test/163,Global-MMLU,Nhu,CA,TRA,2026-06-14T07:22:47.896Z,4,v3,,
high_school_psychology/test/164,Global-MMLU,Khang,CA,TRA,2026-06-13T14:37:33.070Z,4,v3,,
high_school_psychology/test/164,Global-MMLU,Ngoc,CA,TRA,2026-06-15T07:37:34.526Z,4,v3,,
high_school_psychology/test/164,Global-MMLU,Nhu,CA,TRA,2026-06-14T07:22:47.896Z,4,v3,,
high_school_psychology/test/165,Global-MMLU,Khang,CA,TRA,2026-06-13T14:37:33.070Z,4,v3,,
high_school_psychology/test/165,Global-MMLU,Ngoc,CA,TRA,2026-06-15T07:37:34.526Z,4,v3,,
high_school_psychology/test/165,Global-MMLU,Nhu,CA,TRA,2026-06-14T07:22:47.896Z,4,v3,,
high_school_psychology/test/166,Global-MMLU,Khang,CA,TRA,2026-06-13T14:37:33.070Z,4,v3,,
high_school_psychology/test/166,Global-MMLU,Ngoc,CA,TRA,2026-06-15T07:37:34.526Z,4,v3,,
high_school_psychology/test/166,Global-MMLU,Nhu,CA,TRA,2026-06-14T07:22:47.896Z,4,v3,,
high_school_psychology/test/167,Global-MMLU,Khang,CA,TRA,2026-06-13T14:37:33.070Z,4,v3,,
high_school_psychology/test/167,Global-MMLU,Ngoc,CA,TRA,2026-06-15T07:37:34.526Z,4,v3,,
high_school_psychology/test/167,Global-MMLU,Nhu,CA,TRA,2026-06-14T07:22:47.896Z,4,v3,,
high_school_psychology/test/168,Global-MMLU,Khang,CA,TRA,2026-06-13T14:37:33.070Z,4,v3,,
high_school_psychology/test/168,Global-MMLU,Ngoc,CS-L,TRA,2026-06-15T07:37:34.526Z,4,v3,,
high_school_psychology/test/168,Global-MMLU,Nhu,CS-L,TRA,2026-06-14T07:22:47.896Z,4,v3,,
high_school_psychology/test/169,Global-MMLU,Khang,CA,TRA,2026-06-13T14:37:33.070Z,4,v3,,
high_school_psychology/test/169,Global-MMLU,Ngoc,CA,TRA,2026-06-15T07:37:34.526Z,4,v3,,
high_school_psychology/test/169,Global-MMLU,Nhu,CA,TRA,2026-06-14T07:22:47.896Z,4,v3,,
high_school_psychology/test/170,Global-MMLU,Khang,CA,TRA,2026-06-13T14:37:33.070Z,4,v3,,
high_school_psychology/test/170,Global-MMLU,Ngoc,CA,TRA,2026-06-15T07:37:34.526Z,4,v3,,
high_school_psychology/test/170,Global-MMLU,Nhu,CA,TRA,2026-06-14T07:22:47.896Z,4,v3,,
high_school_psychology/test/171,Global-MMLU,Khang,CA,TRA,2026-06-13T14:37:33.070Z,4,v3,,
high_school_psychology/test/171,Global-MMLU,Ngoc,CA,TRA,2026-06-15T07:37:34.526Z,4,v3,,
high_school_psychology/test/171,Global-MMLU,Nhu,CA,TRA,2026-06-14T07:22:47.896Z,4,v3,,
high_school_psychology/test/172,Global-MMLU,Khang,CA,TRA,2026-06-13T14:37:33.070Z,4,v3,,
high_school_psychology/test/172,Global-MMLU,Ngoc,CA,TRA,2026-06-15T07:37:34.526Z,4,v3,,
high_school_psychology/test/172,Global-MMLU,Nhu,CA,TRA,2026-06-14T07:22:47.896Z,4,v3,,
high_school_psychology/test/173,Global-MMLU,Khang,CA,TRA,2026-06-13T14:37:33.070Z,4,v3,,
high_school_psychology/test/173,Global-MMLU,Ngoc,CA,TRA,2026-06-15T07:37:34.526Z,4,v3,,
high_school_psychology/test/173,Global-MMLU,Nhu,CA,TRA,2026-06-14T07:22:47.896Z,4,v3,,
high_school_psychology/test/174,Global-MMLU,Khang,CA,TRA,2026-06-13T14:37:33.070Z,4,v3,,
high_school_psychology/test/174,Global-MMLU,Ngoc,CA,TRA,2026-06-15T07:37:34.526Z,4,v3,,
high_school_psychology/test/174,Global-MMLU,Nhu,CA,TRA,2026-06-14T07:22:47.896Z,4,v3,,
high_school_psychology/test/175,Global-MMLU,Khang,CA,TRA,2026-06-13T14:37:33.070Z,4,v3,,
high_school_psychology/test/175,Global-MMLU,Ngoc,CA,TRA,2026-06-15T07:37:34.526Z,4,v3,,
high_school_psychology/test/175,Global-MMLU,Nhu,CA,TRA,2026-06-14T07:22:47.896Z,4,v3,,
859,MMLU-ProX,Dong,CS-E,TRA,2026-05-16T14:31:43.777Z,1,v2,,
859,MMLU-ProX,vy,CS-E,TRA,2026-05-20T15:16:02.605Z,1,v2,,
859,MMLU-ProX,Nhu,CS-E,TRA,2026-05-18T20:11:23.579Z,1,v2,,
860,MMLU-ProX,Dong,CS-E,TRA,2026-05-16T14:31:43.777Z,1,v2,,
860,MMLU-ProX,vy,CS-E,TRA,2026-05-20T15:16:02.605Z,1,v2,,
860,MMLU-ProX,Nhu,CS-E,TRA,2026-05-18T20:11:23.579Z,1,v2,,
861,MMLU-ProX,Dong,CS-E,TRA,2026-05-16T14:31:43.777Z,1,v2,,
861,MMLU-ProX,vy,CS-E,TRA,2026-05-20T15:16:02.605Z,1,v2,,
861,MMLU-ProX,Nhu,CS-E,TRA,2026-05-18T20:11:23.579Z,1,v2,,
862,MMLU-ProX,Dong,CS-E,TRA,2026-05-16T14:31:43.777Z,1,v2,,
862,MMLU-ProX,vy,CS-E,TRA,2026-05-20T15:16:02.605Z,1,v2,,
862,MMLU-ProX,Nhu,CS-E,TRA,2026-05-18T20:11:23.579Z,1,v2,,
863,MMLU-ProX,Dong,CA,TRA,2026-05-16T14:31:43.777Z,1,v2,,
863,MMLU-ProX,vy,CS-E,TRA,2026-05-20T15:16:02.605Z,1,v2,,
863,MMLU-ProX,Nhu,CA,TRA,2026-05-18T20:11:23.579Z,1,v2,,
864,MMLU-ProX,Dong,CS-E,TRA,2026-05-16T14:31:43.777Z,1,v2,,
864,MMLU-ProX,vy,CS-E,TRA,2026-05-20T15:16:02.605Z,1,v2,,
864,MMLU-ProX,Nhu,CS-E,TRA,2026-05-18T20:11:23.579Z,1,v2,,
865,MMLU-ProX,Dong,CS-E,TRA,2026-05-16T14:31:43.777Z,1,v2,,
865,MMLU-ProX,vy,CS-E,TRA,2026-05-20T15:16:02.605Z,1,v2,,
865,MMLU-ProX,Nhu,CS-E,TRA,2026-05-18T20:11:23.579Z,1,v2,,
866,MMLU-ProX,Dong,CS-E,TRA,2026-05-16T14:31:43.777Z,1,v2,,
866,MMLU-ProX,vy,CS-E,TRA,2026-05-20T15:16:02.605Z,1,v2,,
866,MMLU-ProX,Nhu,CS-E,TRA,2026-05-18T20:11:23.579Z,1,v2,,
867,MMLU-ProX,Dong,CS-E,TRA,2026-05-16T14:31:43.777Z,1,v2,,
867,MMLU-ProX,vy,CS-E,TRA,2026-05-20T15:16:02.605Z,1,v2,,
867,MMLU-ProX,Nhu,CS-E,TRA,2026-05-18T20:11:23.579Z,1,v2,,
868,MMLU-ProX,Dong,CS-E,TRA,2026-05-16T14:31:43.777Z,1,v2,,
868,MMLU-ProX,vy,CS-E,TRA,2026-05-20T15:16:02.605Z,1,v2,,
868,MMLU-ProX,Nhu,CS-E,TRA,2026-05-18T20:11:23.579Z,1,v2,,
869,MMLU-ProX,Dong,CS-E,TRA,2026-05-16T14:31:43.777Z,1,v2,,
869,MMLU-ProX,vy,CS-E,TRA,2026-05-20T15:16:02.605Z,1,v2,,
869,MMLU-ProX,Nhu,CS-E,TRA,2026-05-18T20:11:23.579Z,1,v2,,
870,MMLU-ProX,Dong,CS-E,TRA,2026-05-16T14:31:43.777Z,1,v2,,
870,MMLU-ProX,vy,CS-E,TRA,2026-05-20T15:16:02.605Z,1,v2,,
870,MMLU-ProX,Nhu,CS-E,TRA,2026-05-18T20:11:23.579Z,1,v2,,
871,MMLU-ProX,Dong,CS-E,TRA,2026-05-16T14:31:43.777Z,1,v2,,
871,MMLU-ProX,vy,CS-E,TRA,2026-05-20T15:16:02.605Z,1,v2,,
871,MMLU-ProX,Nhu,CS-E,TRA,2026-05-18T20:11:23.579Z,1,v2,,
872,MMLU-ProX,Dong,CS-E,TRA,2026-05-16T14:31:43.777Z,1,v2,,
872,MMLU-ProX,vy,CS-E,TRA,2026-05-20T15:16:02.605Z,1,v2,,
872,MMLU-ProX,Nhu,CS-E,TRA,2026-05-18T20:11:23.579Z,1,v2,,
873,MMLU-ProX,Dong,CS-E,TRA,2026-05-16T14:31:43.777Z,1,v2,,
873,MMLU-ProX,vy,CS-E,TRA,2026-05-20T15:16:02.605Z,1,v2,,
873,MMLU-ProX,Nhu,CS-E,TRA,2026-05-18T20:11:23.579Z,1,v2,,
874,MMLU-ProX,Dong,CS-E,TRA,2026-05-16T14:31:43.777Z,1,v2,,
874,MMLU-ProX,vy,CS-E,TRA,2026-05-20T15:16:02.605Z,1,v2,,
874,MMLU-ProX,Nhu,CS-E,TRA,2026-05-18T20:11:23.579Z,1,v2,,
875,MMLU-ProX,Dong,CS-E,TRA,2026-05-16T14:31:43.777Z,1,v2,,
875,MMLU-ProX,vy,CS-E,TRA,2026-05-20T15:16:02.605Z,1,v2,,
875,MMLU-ProX,Nhu,CS-E,TRA,2026-05-18T20:11:23.579Z,1,v2,,
876,MMLU-ProX,Dong,CS-E,TRA,2026-05-16T14:31:43.777Z,1,v2,,
876,MMLU-ProX,vy,CS-E,TRA,2026-05-20T15:16:02.605Z,1,v2,,
876,MMLU-ProX,Nhu,CS-E,TRA,2026-05-18T20:11:23.579Z,1,v2,,
877,MMLU-ProX,Dong,CA,TRA,2026-05-16T14:31:43.777Z,1,v2,,
877,MMLU-ProX,vy,CS-E,TRA,2026-05-20T15:16:02.605Z,1,v2,,
877,MMLU-ProX,Nhu,CS-E,TRA,2026-05-18T20:11:23.579Z,1,v2,,
878,MMLU-ProX,Dong,CA,TRA,2026-05-16T14:31:43.777Z,1,v2,,
878,MMLU-ProX,vy,CS-E,TRA,2026-05-20T15:16:02.605Z,1,v2,,
878,MMLU-ProX,Nhu,CS-E,TRA,2026-05-18T20:11:23.579Z,1,v2,,
879,MMLU-ProX,Dong,CA,TRA,2026-05-16T14:31:43.777Z,1,v2,,
879,MMLU-ProX,vy,CS-E,TRA,2026-05-20T15:16:02.605Z,1,v2,,
879,MMLU-ProX,Nhu,CS-E,TRA,2026-05-18T20:11:23.579Z,1,v2,,
880,MMLU-ProX,Dong,CA,TRA,2026-05-16T14:31:43.777Z,1,v2,,
880,MMLU-ProX,vy,CS-E,TRA,2026-05-20T15:16:02.606Z,1,v2,,
880,MMLU-ProX,Nhu,CS-E,TRA,2026-05-18T20:11:23.579Z,1,v2,,
881,MMLU-ProX,Dong,CA,TRA,2026-05-16T14:31:43.777Z,1,v2,,
881,MMLU-ProX,vy,CS-E,TRA,2026-05-20T15:16:02.606Z,1,v2,,
881,MMLU-ProX,Nhu,CS-E,TRA,2026-05-18T20:11:23.579Z,1,v2,,
882,MMLU-ProX,Dong,CS-E,TRA,2026-05-16T14:31:43.777Z,1,v2,,
882,MMLU-ProX,vy,CS-E,TRA,2026-05-20T15:16:02.606Z,1,v2,,
882,MMLU-ProX,Nhu,CS-E,TRA,2026-05-18T20:11:23.579Z,1,v2,,
883,MMLU-ProX,Dong,CS-E,TRA,2026-05-16T14:31:43.777Z,1,v2,,
883,MMLU-ProX,vy,CS-E,TRA,2026-05-20T15:16:02.606Z,1,v2,,
883,MMLU-ProX,Nhu,CS-E,TRA,2026-05-18T20:11:23.579Z,1,v2,,
884,MMLU-ProX,Dong,CS-E,TRA,2026-05-16T14:31:43.777Z,1,v2,,
884,MMLU-ProX,vy,CS-E,TRA,2026-05-20T15:16:02.606Z,1,v2,,
884,MMLU-ProX,Nhu,CS-E,TRA,2026-05-18T20:11:23.579Z,1,v2,,
885,MMLU-ProX,Dong,CA,TRA,2026-05-16T14:31:43.777Z,1,v2,,
885,MMLU-ProX,vy,CS-E,TRA,2026-05-20T15:16:02.606Z,1,v2,,
885,MMLU-ProX,Nhu,CS-E,TRA,2026-05-18T20:11:23.579Z,1,v2,,
886,MMLU-ProX,Dong,CS-E,TRA,2026-05-16T14:31:43.777Z,1,v2,,
886,MMLU-ProX,vy,CS-E,TRA,2026-05-20T15:16:02.606Z,1,v2,,
886,MMLU-ProX,Nhu,CS-E,TRA,2026-05-18T20:11:23.579Z,1,v2,,
887,MMLU-ProX,Dong,CS-E,TRA,2026-05-16T14:31:43.777Z,1,v2,,
887,MMLU-ProX,vy,CS-E,TRA,2026-05-20T15:16:02.606Z,1,v2,,
887,MMLU-ProX,Nhu,CS-E,TRA,2026-05-18T20:11:23.579Z,1,v2,,
888,MMLU-ProX,Dong,CS-E,TRA,2026-05-16T14:31:43.777Z,1,v2,,
888,MMLU-ProX,vy,CS-E,TRA,2026-05-20T15:16:02.606Z,1,v2,,
888,MMLU-ProX,Nhu,CS-E,TRA,2026-05-18T20:11:23.579Z,1,v2,,
889,MMLU-ProX,Dong,CS-E,TRA,2026-05-16T14:31:43.777Z,1,v2,,
889,MMLU-ProX,vy,CS-E,TRA,2026-05-20T15:16:02.606Z,1,v2,,
889,MMLU-ProX,Nhu,CS-E,TRA,2026-05-18T20:11:23.579Z,1,v2,,
890,MMLU-ProX,Dong,CS-E,TRA,2026-05-16T14:31:43.777Z,1,v2,,
890,MMLU-ProX,vy,CS-E,TRA,2026-05-20T15:16:02.606Z,1,v2,,
890,MMLU-ProX,Nhu,CS-E,TRA,2026-05-18T20:11:23.579Z,1,v2,,
891,MMLU-ProX,Dong,CA,TRA,2026-05-16T14:31:43.777Z,1,v2,,
891,MMLU-ProX,vy,CS-E,TRA,2026-05-20T15:16:02.606Z,1,v2,,
891,MMLU-ProX,Nhu,CS-E,TRA,2026-05-18T20:11:23.579Z,1,v2,,
892,MMLU-ProX,Dong,CS-E,TRA,2026-05-16T14:31:43.777Z,1,v2,,
892,MMLU-ProX,vy,CS-E,TRA,2026-05-20T15:16:02.606Z,1,v2,,
892,MMLU-ProX,Nhu,CS-E,TRA,2026-05-18T20:11:23.579Z,1,v2,,
893,MMLU-ProX,Dong,CS-E,TRA,2026-05-16T14:31:43.777Z,1,v2,,
893,MMLU-ProX,vy,CS-E,TRA,2026-05-20T15:16:02.606Z,1,v2,,
893,MMLU-ProX,Nhu,CS-E,TRA,2026-05-18T20:11:23.579Z,1,v2,,
894,MMLU-ProX,Dong,CS-E,TRA,2026-05-16T14:31:43.777Z,1,v2,,
894,MMLU-ProX,vy,CS-E,TRA,2026-05-20T15:16:02.606Z,1,v2,,
894,MMLU-ProX,Nhu,CS-E,TRA,2026-05-18T20:11:23.579Z,1,v2,,
895,MMLU-ProX,Dong,CS-E,TRA,2026-05-16T14:31:43.777Z,1,v2,,
895,MMLU-ProX,vy,CS-E,TRA,2026-05-20T15:16:02.606Z,1,v2,,
895,MMLU-ProX,Nhu,CS-E,TRA,2026-05-18T20:11:23.579Z,1,v2,,
896,MMLU-ProX,Dong,CS-E,TRA,2026-05-16T14:31:43.777Z,1,v2,,
896,MMLU-ProX,vy,CS-E,TRA,2026-05-20T15:16:02.606Z,1,v2,,
896,MMLU-ProX,Nhu,CS-E,TRA,2026-05-18T20:11:23.579Z,1,v2,,
897,MMLU-ProX,Dong,CS-E,TRA,2026-05-16T14:31:43.777Z,1,v2,,
897,MMLU-ProX,vy,CS-E,TRA,2026-05-20T15:16:02.606Z,1,v2,,
897,MMLU-ProX,Nhu,CS-E,TRA,2026-05-18T20:11:23.579Z,1,v2,,
898,MMLU-ProX,Dong,CS-E,TRA,2026-05-16T14:31:43.777Z,1,v2,,
898,MMLU-ProX,vy,CS-E,TRA,2026-05-20T15:16:02.606Z,1,v2,,
898,MMLU-ProX,Nhu,CS-E,TRA,2026-05-18T20:11:23.579Z,1,v2,,
899,MMLU-ProX,Dong,CS-E,TRA,2026-05-16T14:31:43.777Z,1,v2,,
899,MMLU-ProX,vy,CA,TRA,2026-05-20T15:16:02.606Z,1,v2,,
899,MMLU-ProX,Nhu,CS-E,TRA,2026-05-18T20:11:23.579Z,1,v2,,
900,MMLU-ProX,Dong,CS-E,TRA,2026-05-16T14:31:43.777Z,1,v2,,
900,MMLU-ProX,vy,CS-E,TRA,2026-05-20T15:16:02.606Z,1,v2,,
900,MMLU-ProX,Nhu,CS-E,TRA,2026-05-18T20:11:23.579Z,1,v2,,
901,MMLU-ProX,Dong,CS-E,TRA,2026-05-16T14:31:43.777Z,1,v2,,
901,MMLU-ProX,vy,CS-E,TRA,2026-05-20T15:16:02.606Z,1,v2,,
901,MMLU-ProX,Nhu,CS-E,TRA,2026-05-18T20:11:23.579Z,1,v2,,
902,MMLU-ProX,Dong,CS-E,TRA,2026-05-16T14:31:43.777Z,1,v2,,
902,MMLU-ProX,vy,CS-E,TRA,2026-05-20T15:16:02.606Z,1,v2,,
902,MMLU-ProX,Nhu,CS-E,TRA,2026-05-18T20:11:23.579Z,1,v2,,
903,MMLU-ProX,Dong,CS-E,TRA,2026-05-16T14:31:43.777Z,1,v2,,
903,MMLU-ProX,vy,CS-E,TRA,2026-05-20T15:16:02.606Z,1,v2,,
903,MMLU-ProX,Nhu,CS-E,TRA,2026-05-18T20:11:23.579Z,1,v2,,
904,MMLU-ProX,Dong,CS-E,TRA,2026-05-16T14:31:43.777Z,1,v2,,
904,MMLU-ProX,vy,CS-E,TRA,2026-05-20T15:16:02.606Z,1,v2,,
904,MMLU-ProX,Nhu,CS-E,TRA,2026-05-18T20:11:23.579Z,1,v2,,
905,MMLU-ProX,Dong,CS-E,TRA,2026-05-16T14:31:43.777Z,1,v2,,
905,MMLU-ProX,vy,CS-E,TRA,2026-05-20T15:16:02.606Z,1,v2,,
905,MMLU-ProX,Nhu,CS-E,TRA,2026-05-18T20:11:23.579Z,1,v2,,
906,MMLU-ProX,Dong,CS-E,TRA,2026-05-16T14:31:43.777Z,1,v2,,
906,MMLU-ProX,vy,CS-E,TRA,2026-05-20T15:16:02.606Z,1,v2,,
906,MMLU-ProX,Nhu,CS-E,TRA,2026-05-18T20:11:23.579Z,1,v2,,
907,MMLU-ProX,Dong,CS-E,TRA,2026-05-16T14:31:43.777Z,1,v2,,
907,MMLU-ProX,vy,CA,TRA,2026-05-20T15:16:02.606Z,1,v2,,
907,MMLU-ProX,Nhu,CS-E,TRA,2026-05-18T20:11:23.579Z,1,v2,,
908,MMLU-ProX,Dong,CS-E,TRA,2026-05-16T14:31:43.777Z,1,v2,,
908,MMLU-ProX,vy,CA,TRA,2026-05-20T15:16:02.606Z,1,v2,,
908,MMLU-ProX,Nhu,CS-E,TRA,2026-05-18T20:11:23.579Z,1,v2,,
909,MMLU-ProX,Dong,CS-E,TRA,2026-05-16T14:31:43.777Z,1,v2,,
909,MMLU-ProX,vy,CS-E,TRA,2026-05-20T15:16:02.606Z,1,v2,,
909,MMLU-ProX,Nhu,CS-E,TRA,2026-05-18T20:11:23.579Z,1,v2,,
910,MMLU-ProX,Dong,CS-E,TRA,2026-05-16T14:31:43.777Z,1,v2,,
910,MMLU-ProX,vy,CS-E,TRA,2026-05-20T15:16:02.606Z,1,v2,,
910,MMLU-ProX,Nhu,CS-E,TRA,2026-05-18T20:11:23.579Z,1,v2,,
911,MMLU-ProX,Dong,CS-E,TRA,2026-05-16T14:31:43.777Z,1,v2,,
911,MMLU-ProX,vy,CS-E,TRA,2026-05-20T15:16:02.606Z,1,v2,,
911,MMLU-ProX,Nhu,CS-E,TRA,2026-05-18T20:11:23.579Z,1,v2,,
912,MMLU-ProX,Dong,CS-E,TRA,2026-05-16T14:31:43.777Z,1,v2,,
912,MMLU-ProX,vy,CS-E,TRA,2026-05-20T15:16:02.606Z,1,v2,,
912,MMLU-ProX,Nhu,CS-E,TRA,2026-05-18T20:11:23.579Z,1,v2,,
913,MMLU-ProX,Dong,CS-E,TRA,2026-05-16T14:31:43.777Z,1,v2,,
913,MMLU-ProX,vy,CS-E,TRA,2026-05-20T15:16:02.606Z,1,v2,,
913,MMLU-ProX,Nhu,CS-E,TRA,2026-05-18T20:11:23.579Z,1,v2,,
914,MMLU-ProX,Dong,CS-E,TRA,2026-05-16T14:31:43.777Z,1,v2,,
914,MMLU-ProX,vy,CS-E,TRA,2026-05-20T15:16:02.606Z,1,v2,,
914,MMLU-ProX,Nhu,CS-E,TRA,2026-05-18T20:11:23.579Z,1,v2,,
915,MMLU-ProX,Dong,CS-E,TRA,2026-05-16T14:31:43.777Z,1,v2,,
915,MMLU-ProX,vy,CS-E,TRA,2026-05-20T15:16:02.606Z,1,v2,,
915,MMLU-ProX,Nhu,CS-E,TRA,2026-05-18T20:11:23.579Z,1,v2,,
916,MMLU-ProX,Dong,CS-E,TRA,2026-05-16T14:31:43.777Z,1,v2,,
916,MMLU-ProX,vy,CS-E,TRA,2026-05-20T15:16:02.606Z,1,v2,,
916,MMLU-ProX,Nhu,CS-E,TRA,2026-05-18T20:11:23.579Z,1,v2,,
917,MMLU-ProX,Dong,CS-E,TRA,2026-05-16T14:31:43.777Z,1,v2,,
917,MMLU-ProX,vy,CS-E,TRA,2026-05-20T15:16:02.606Z,1,v2,,
917,MMLU-ProX,Nhu,CS-E,TRA,2026-05-18T20:11:23.579Z,1,v2,,
918,MMLU-ProX,Dong,CS-E,TRA,2026-05-16T14:31:43.777Z,1,v2,,
918,MMLU-ProX,vy,CS-E,TRA,2026-05-20T15:16:02.606Z,1,v2,,
918,MMLU-ProX,Nhu,CS-E,TRA,2026-05-18T20:11:23.579Z,1,v2,,
919,MMLU-ProX,Dong,CS-E,TRA,2026-05-16T14:31:43.777Z,1,v2,,
919,MMLU-ProX,vy,CS-E,TRA,2026-05-20T15:16:02.606Z,1,v2,,
919,MMLU-ProX,Nhu,CS-E,TRA,2026-05-18T20:11:23.579Z,1,v2,,
920,MMLU-ProX,Dong,CS-E,TRA,2026-05-16T14:31:43.777Z,1,v2,,
920,MMLU-ProX,vy,CS-E,TRA,2026-05-20T15:16:02.606Z,1,v2,,
920,MMLU-ProX,Nhu,CS-E,TRA,2026-05-18T20:11:23.579Z,1,v2,,
921,MMLU-ProX,Dong,CA,TRA,2026-05-16T14:31:43.777Z,1,v2,,
921,MMLU-ProX,vy,CS-E,TRA,2026-05-20T15:16:02.606Z,1,v2,,
921,MMLU-ProX,Nhu,CS-E,TRA,2026-05-18T20:11:23.579Z,1,v2,,
922,MMLU-ProX,Dong,CS-E,TRA,2026-05-16T14:31:43.777Z,1,v2,,
922,MMLU-ProX,vy,CS-E,TRA,2026-05-20T15:16:02.606Z,1,v2,,
922,MMLU-ProX,Nhu,CS-E,TRA,2026-05-18T20:11:23.579Z,1,v2,,
923,MMLU-ProX,Dong,CS-E,TRA,2026-05-16T14:31:43.777Z,1,v2,,
923,MMLU-ProX,vy,CS-E,TRA,2026-05-20T15:16:02.606Z,1,v2,,
923,MMLU-ProX,Nhu,CS-E,TRA,2026-05-18T20:11:23.579Z,1,v2,,
924,MMLU-ProX,Dong,CS-E,TRA,2026-05-16T14:31:43.777Z,1,v2,,
924,MMLU-ProX,vy,CS-E,TRA,2026-05-20T15:16:02.606Z,1,v2,,
924,MMLU-ProX,Nhu,CS-E,TRA,2026-05-18T20:11:23.579Z,1,v2,,
925,MMLU-ProX,Dong,CS-E,TRA,2026-05-16T14:31:43.777Z,1,v2,,
925,MMLU-ProX,vy,CS-E,TRA,2026-05-20T15:16:02.606Z,1,v2,,
925,MMLU-ProX,Nhu,CS-E,TRA,2026-05-18T20:11:23.579Z,1,v2,,
926,MMLU-ProX,Dong,CS-E,TRA,2026-05-16T14:31:43.777Z,1,v2,,
926,MMLU-ProX,vy,CA,TRA,2026-05-20T15:16:02.606Z,1,v2,,
926,MMLU-ProX,Nhu,CS-E,TRA,2026-05-18T20:11:23.579Z,1,v2,,
927,MMLU-ProX,Dong,CS-E,TRA,2026-05-16T14:31:43.777Z,1,v2,,
927,MMLU-ProX,vy,CS-E,TRA,2026-05-20T15:16:02.606Z,1,v2,,
927,MMLU-ProX,Nhu,CS-E,TRA,2026-05-18T20:11:23.579Z,1,v2,,
928,MMLU-ProX,Dong,CS-E,TRA,2026-05-16T14:31:43.777Z,1,v2,,
928,MMLU-ProX,vy,CS-E,TRA,2026-05-20T15:16:02.606Z,1,v2,,
928,MMLU-ProX,Nhu,CS-E,TRA,2026-05-18T20:11:23.579Z,1,v2,,
929,MMLU-ProX,Dong,CS-E,TRA,2026-05-16T14:31:43.777Z,1,v2,,
929,MMLU-ProX,vy,CS-E,TRA,2026-05-20T15:16:02.606Z,1,v2,,
929,MMLU-ProX,Nhu,CS-E,TRA,2026-05-18T20:11:23.579Z,1,v2,,
930,MMLU-ProX,Dong,CS-E,TRA,2026-05-16T14:31:43.777Z,1,v2,,
930,MMLU-ProX,vy,CS-E,TRA,2026-05-20T15:16:02.606Z,1,v2,,
930,MMLU-ProX,Nhu,CS-E,TRA,2026-05-18T20:11:23.579Z,1,v2,,
931,MMLU-ProX,Dong,CS-E,TRA,2026-05-16T14:31:43.777Z,1,v2,,
931,MMLU-ProX,vy,CS-E,TRA,2026-05-20T15:16:02.606Z,1,v2,,
931,MMLU-ProX,Nhu,CS-E,TRA,2026-05-18T20:11:23.579Z,1,v2,,
932,MMLU-ProX,Dong,CS-E,TRA,2026-05-16T14:31:43.777Z,1,v2,,
932,MMLU-ProX,vy,CS-E,TRA,2026-05-20T15:16:02.606Z,1,v2,,
932,MMLU-ProX,Nhu,CS-E,TRA,2026-05-18T20:11:23.579Z,1,v2,,
933,MMLU-ProX,Dong,CS-E,TRA,2026-05-16T14:31:43.777Z,1,v2,,
933,MMLU-ProX,vy,CS-E,TRA,2026-05-20T15:16:02.606Z,1,v2,,
933,MMLU-ProX,Nhu,CS-E,TRA,2026-05-18T20:11:23.579Z,1,v2,,
934,MMLU-ProX,Dong,CS-E,TRA,2026-05-16T14:31:43.777Z,1,v2,,
934,MMLU-ProX,vy,CS-E,TRA,2026-05-20T15:16:02.606Z,1,v2,,
934,MMLU-ProX,Nhu,CS-E,TRA,2026-05-18T20:11:23.579Z,1,v2,,
935,MMLU-ProX,Dong,CS-E,TRA,2026-05-16T14:31:43.777Z,1,v2,,
935,MMLU-ProX,vy,CS-E,TRA,2026-05-20T15:16:02.606Z,1,v2,,
935,MMLU-ProX,Nhu,CS-E,TRA,2026-05-18T20:11:23.579Z,1,v2,,
936,MMLU-ProX,Dong,CS-E,TRA,2026-05-16T14:31:43.777Z,1,v2,,
936,MMLU-ProX,vy,CS-E,TRA,2026-05-20T15:16:02.606Z,1,v2,,
936,MMLU-ProX,Nhu,CS-E,TRA,2026-05-18T20:11:23.579Z,1,v2,,
937,MMLU-ProX,Dong,CS-E,TRA,2026-05-16T14:31:43.777Z,1,v2,,
937,MMLU-ProX,vy,CA,TRA,2026-05-20T15:16:02.606Z,1,v2,,
937,MMLU-ProX,Nhu,CS-E,TRA,2026-05-18T20:11:23.579Z,1,v2,,
938,MMLU-ProX,Dong,CS-E,TRA,2026-05-16T14:31:43.777Z,1,v2,,
938,MMLU-ProX,vy,CS-E,TRA,2026-05-20T15:16:02.606Z,1,v2,,
938,MMLU-ProX,Nhu,CS-E,TRA,2026-05-18T20:11:23.579Z,1,v2,,
939,MMLU-ProX,Dong,CS-E,TRA,2026-05-16T14:31:43.777Z,1,v2,,
939,MMLU-ProX,vy,CS-E,TRA,2026-05-20T15:16:02.606Z,1,v2,,
939,MMLU-ProX,Nhu,CS-E,TRA,2026-05-18T20:11:23.579Z,1,v2,,
940,MMLU-ProX,Dong,CS-E,TRA,2026-05-16T14:31:43.777Z,1,v2,,
940,MMLU-ProX,vy,CS-E,TRA,2026-05-20T15:16:02.606Z,1,v2,,
940,MMLU-ProX,Nhu,CS-E,TRA,2026-05-18T20:11:23.579Z,1,v2,,
941,MMLU-ProX,Dong,CS-E,TRA,2026-05-16T14:31:43.777Z,1,v2,,
941,MMLU-ProX,vy,CS-E,TRA,2026-05-20T15:16:02.606Z,1,v2,,
941,MMLU-ProX,Nhu,CS-E,TRA,2026-05-18T20:11:23.579Z,1,v2,,
942,MMLU-ProX,Dong,CS-E,TRA,2026-05-16T14:31:43.777Z,1,v2,,
942,MMLU-ProX,vy,CS-E,TRA,2026-05-20T15:16:02.606Z,1,v2,,
942,MMLU-ProX,Nhu,CS-E,TRA,2026-05-18T20:11:23.579Z,1,v2,,
943,MMLU-ProX,Dong,CS-E,TRA,2026-05-16T14:31:43.777Z,1,v2,,
943,MMLU-ProX,vy,CS-E,TRA,2026-05-20T15:16:02.606Z,1,v2,,
943,MMLU-ProX,Nhu,CS-E,TRA,2026-05-18T20:11:23.579Z,1,v2,,
944,MMLU-ProX,Dong,CS-E,TRA,2026-05-16T14:31:43.777Z,1,v2,,
944,MMLU-ProX,vy,CS-E,TRA,2026-05-20T15:16:02.606Z,1,v2,,
944,MMLU-ProX,Nhu,CS-E,TRA,2026-05-18T20:11:23.579Z,1,v2,,
945,MMLU-ProX,Dong,CS-E,TRA,2026-05-16T14:31:43.777Z,1,v2,,
945,MMLU-ProX,vy,CS-E,TRA,2026-05-20T15:16:02.606Z,1,v2,,
945,MMLU-ProX,Nhu,CS-E,TRA,2026-05-18T20:11:23.579Z,1,v2,,
946,MMLU-ProX,Dong,CS-E,TRA,2026-05-16T14:31:43.777Z,1,v2,,
946,MMLU-ProX,vy,CS-E,TRA,2026-05-20T15:16:02.606Z,1,v2,,
946,MMLU-ProX,Nhu,CS-E,TRA,2026-05-18T20:11:23.579Z,1,v2,,
947,MMLU-ProX,Dong,CS-E,TRA,2026-05-16T14:31:43.777Z,1,v2,,
947,MMLU-ProX,vy,CS-E,TRA,2026-05-20T15:16:02.606Z,1,v2,,
947,MMLU-ProX,Nhu,CS-E,TRA,2026-05-18T20:11:23.579Z,1,v2,,
948,MMLU-ProX,Dong,CS-E,TRA,2026-05-16T14:31:43.777Z,1,v2,,
948,MMLU-ProX,vy,CS-E,TRA,2026-05-20T15:16:02.606Z,1,v2,,
948,MMLU-ProX,Nhu,CS-E,TRA,2026-05-18T20:11:23.579Z,1,v2,,
949,MMLU-ProX,Dong,CS-E,TRA,2026-05-16T14:31:43.777Z,1,v2,,
949,MMLU-ProX,vy,CA,TRA,2026-05-20T15:16:02.606Z,1,v2,,
949,MMLU-ProX,Nhu,CS-E,TRA,2026-05-18T20:11:23.579Z,1,v2,,
950,MMLU-ProX,Dong,CS-E,TRA,2026-05-16T14:31:43.777Z,1,v2,,
950,MMLU-ProX,vy,CS-E,TRA,2026-05-20T15:16:02.606Z,1,v2,,
950,MMLU-ProX,Nhu,CS-E,TRA,2026-05-18T20:11:23.579Z,1,v2,,
951,MMLU-ProX,Dong,CA,TRA,2026-05-16T14:31:43.777Z,1,v2,,
951,MMLU-ProX,vy,CS-E,TRA,2026-05-20T15:16:02.606Z,1,v2,,
951,MMLU-ProX,Nhu,CS-E,TRA,2026-05-18T20:11:23.579Z,1,v2,,
952,MMLU-ProX,Dong,CA,TRA,2026-05-16T14:31:43.777Z,1,v2,,
952,MMLU-ProX,vy,CA,TRA,2026-05-20T15:16:02.606Z,1,v2,,
952,MMLU-ProX,Nhu,CA,TRA,2026-05-18T20:11:23.579Z,1,v2,,
953,MMLU-ProX,Dong,CS-E,TRA,2026-05-16T14:31:43.777Z,1,v2,,
953,MMLU-ProX,vy,CA,TRA,2026-05-20T15:16:02.606Z,1,v2,,
953,MMLU-ProX,Nhu,CS-E,TRA,2026-05-18T20:11:23.579Z,1,v2,,
954,MMLU-ProX,Dong,CA,TRA,2026-05-16T14:31:43.777Z,1,v2,,
954,MMLU-ProX,vy,CS-E,TRA,2026-05-20T15:16:02.606Z,1,v2,,
954,MMLU-ProX,Nhu,CS-E,TRA,2026-05-18T20:11:23.579Z,1,v2,,
955,MMLU-ProX,Dong,CA,TRA,2026-05-16T14:31:43.777Z,1,v2,,
955,MMLU-ProX,vy,CS-E,TRA,2026-05-20T15:16:02.606Z,1,v2,,
955,MMLU-ProX,Nhu,CS-E,TRA,2026-05-18T20:11:23.579Z,1,v2,,
956,MMLU-ProX,Dong,CA,TRA,2026-05-16T14:31:43.777Z,1,v2,,
956,MMLU-ProX,vy,CA,TRA,2026-05-20T15:16:02.606Z,1,v2,,
956,MMLU-ProX,Nhu,CA,TRA,2026-05-18T20:11:23.579Z,1,v2,,
957,MMLU-ProX,Dong,CS-E,TRA,2026-05-16T14:31:43.777Z,1,v2,,
957,MMLU-ProX,vy,CS-E,TRA,2026-05-20T15:16:02.606Z,1,v2,,
957,MMLU-ProX,Nhu,CS-E,TRA,2026-05-18T20:11:23.579Z,1,v2,,
958,MMLU-ProX,Dong,CS-E,TRA,2026-05-16T14:31:43.777Z,1,v2,,
958,MMLU-ProX,vy,CS-E,TRA,2026-05-20T15:16:02.606Z,1,v2,,
958,MMLU-ProX,Nhu,CS-E,TRA,2026-05-18T20:11:23.579Z,1,v2,,
959,MMLU-ProX,Dong,CS-E,TRA,2026-05-17T09:06:09.659Z,1,v2,,
959,MMLU-ProX,vy,CS-E,TRA,2026-05-20T15:16:02.606Z,1,v2,,
959,MMLU-ProX,Nhu,CS-E,TRA,2026-05-18T20:11:23.580Z,1,v2,,
960,MMLU-ProX,Dong,CS-E,TRA,2026-05-17T09:06:09.659Z,1,v2,,
960,MMLU-ProX,vy,CS-E,TRA,2026-05-20T15:16:02.606Z,1,v2,,
960,MMLU-ProX,Nhu,CS-E,TRA,2026-05-18T20:11:23.580Z,1,v2,,
961,MMLU-ProX,Dong,CS-E,TRA,2026-05-17T09:06:09.659Z,1,v2,,
961,MMLU-ProX,vy,CS-E,TRA,2026-05-20T15:16:02.606Z,1,v2,,
961,MMLU-ProX,Nhu,CS-E,TRA,2026-05-18T20:11:23.580Z,1,v2,,
962,MMLU-ProX,Dong,CS-E,TRA,2026-05-17T09:06:09.659Z,1,v2,,
962,MMLU-ProX,vy,CS-E,TRA,2026-05-20T15:16:02.606Z,1,v2,,
962,MMLU-ProX,Nhu,CS-E,TRA,2026-05-18T20:11:23.580Z,1,v2,,
963,MMLU-ProX,Dong,CS-E,TRA,2026-05-17T09:06:09.659Z,1,v2,,
963,MMLU-ProX,vy,CS-E,TRA,2026-05-20T15:16:02.606Z,1,v2,,
963,MMLU-ProX,Nhu,CS-E,TRA,2026-05-18T20:11:23.580Z,1,v2,,
964,MMLU-ProX,Dong,CS-E,TRA,2026-05-17T09:06:09.659Z,1,v2,,
964,MMLU-ProX,vy,CS-E,TRA,2026-05-20T15:16:02.606Z,1,v2,,
964,MMLU-ProX,Nhu,CS-E,TRA,2026-05-18T20:11:23.580Z,1,v2,,
965,MMLU-ProX,Dong,CS-E,TRA,2026-05-17T09:06:09.659Z,1,v2,,
965,MMLU-ProX,vy,CA,TRA,2026-05-20T15:16:02.606Z,1,v2,,
965,MMLU-ProX,Nhu,CS-E,TRA,2026-05-18T20:11:23.580Z,1,v2,,
966,MMLU-ProX,Dong,CS-E,TRA,2026-05-17T09:06:09.659Z,1,v2,,
966,MMLU-ProX,vy,CS-E,TRA,2026-05-20T15:16:02.606Z,1,v2,,
966,MMLU-ProX,Nhu,CS-E,TRA,2026-05-18T20:11:23.580Z,1,v2,,
967,MMLU-ProX,Dong,CS-E,TRA,2026-05-17T09:06:09.659Z,1,v2,,
967,MMLU-ProX,vy,CS-E,TRA,2026-05-20T15:16:02.606Z,1,v2,,
967,MMLU-ProX,Nhu,CS-E,TRA,2026-05-18T20:11:23.580Z,1,v2,,
968,MMLU-ProX,Dong,CS-E,TRA,2026-05-17T09:06:09.659Z,1,v2,,
968,MMLU-ProX,vy,CS-E,TRA,2026-05-20T15:16:02.606Z,1,v2,,
968,MMLU-ProX,Nhu,CS-E,TRA,2026-05-18T20:11:23.580Z,1,v2,,
969,MMLU-ProX,Dong,CS-E,TRA,2026-05-17T09:06:09.659Z,1,v2,,
969,MMLU-ProX,vy,CS-E,TRA,2026-05-20T15:16:02.606Z,1,v2,,
969,MMLU-ProX,Nhu,CS-E,TRA,2026-05-18T20:11:23.580Z,1,v2,,
970,MMLU-ProX,Dong,CS-E,TRA,2026-05-17T09:06:09.659Z,1,v2,,
970,MMLU-ProX,vy,CS-E,TRA,2026-05-20T15:16:02.606Z,1,v2,,
970,MMLU-ProX,Nhu,CS-E,TRA,2026-05-18T20:11:23.580Z,1,v2,,
971,MMLU-ProX,Dong,CS-E,TRA,2026-05-17T09:06:09.659Z,1,v2,,
971,MMLU-ProX,vy,CS-E,TRA,2026-05-20T15:16:02.606Z,1,v2,,
971,MMLU-ProX,Nhu,CS-E,TRA,2026-05-18T20:11:23.580Z,1,v2,,
972,MMLU-ProX,Dong,CS-E,TRA,2026-05-17T09:06:09.659Z,1,v2,,
972,MMLU-ProX,vy,CS-E,TRA,2026-05-20T15:16:02.606Z,1,v2,,
972,MMLU-ProX,Nhu,CS-E,TRA,2026-05-18T20:11:23.580Z,1,v2,,
973,MMLU-ProX,Dong,CS-E,TRA,2026-05-17T09:06:09.659Z,1,v2,,
973,MMLU-ProX,vy,CS-E,TRA,2026-05-20T15:16:02.606Z,1,v2,,
973,MMLU-ProX,Nhu,CS-E,TRA,2026-05-18T20:11:23.580Z,1,v2,,
974,MMLU-ProX,Dong,CS-E,TRA,2026-05-17T09:06:09.659Z,1,v2,,
974,MMLU-ProX,vy,CS-E,TRA,2026-05-20T15:16:02.606Z,1,v2,,
974,MMLU-ProX,Nhu,CS-E,TRA,2026-05-18T20:11:23.580Z,1,v2,,
975,MMLU-ProX,Dong,CS-E,TRA,2026-05-17T09:06:09.659Z,1,v2,,
975,MMLU-ProX,vy,CS-E,TRA,2026-05-20T15:16:02.606Z,1,v2,,
975,MMLU-ProX,Nhu,CS-E,TRA,2026-05-18T20:11:23.580Z,1,v2,,
976,MMLU-ProX,Dong,CS-E,TRA,2026-05-17T09:06:09.659Z,1,v2,,
976,MMLU-ProX,vy,CS-E,TRA,2026-05-20T15:16:02.606Z,1,v2,,
976,MMLU-ProX,Nhu,CS-E,TRA,2026-05-18T20:11:23.580Z,1,v2,,
977,MMLU-ProX,Dong,CS-E,TRA,2026-05-17T09:06:09.659Z,1,v2,,
977,MMLU-ProX,vy,CS-E,TRA,2026-05-20T15:16:02.606Z,1,v2,,
977,MMLU-ProX,Nhu,CS-E,TRA,2026-05-18T20:11:23.580Z,1,v2,,
978,MMLU-ProX,Dong,CS-E,TRA,2026-05-17T09:06:09.659Z,1,v2,,
978,MMLU-ProX,vy,CS-E,TRA,2026-05-20T15:16:02.606Z,1,v2,,
978,MMLU-ProX,Nhu,CS-E,TRA,2026-05-18T20:11:23.580Z,1,v2,,
979,MMLU-ProX,Dong,CS-E,TRA,2026-05-17T09:06:09.659Z,1,v2,,
979,MMLU-ProX,vy,CS-E,TRA,2026-05-20T15:16:02.606Z,1,v2,,
979,MMLU-ProX,Nhu,CS-E,TRA,2026-05-18T20:11:23.580Z,1,v2,,
980,MMLU-ProX,Dong,CS-E,TRA,2026-05-17T09:06:09.659Z,1,v2,,
980,MMLU-ProX,vy,CS-E,TRA,2026-05-20T15:16:02.606Z,1,v2,,
980,MMLU-ProX,Nhu,CS-E,TRA,2026-05-18T20:11:23.580Z,1,v2,,
981,MMLU-ProX,Dong,CS-E,TRA,2026-05-17T09:06:09.659Z,1,v2,,
981,MMLU-ProX,vy,CA,TRA,2026-05-20T15:16:02.606Z,1,v2,,
981,MMLU-ProX,Nhu,CS-E,TRA,2026-05-18T20:11:23.580Z,1,v2,,
982,MMLU-ProX,Dong,CS-E,TRA,2026-05-17T09:06:09.659Z,1,v2,,
982,MMLU-ProX,vy,CA,TRA,2026-05-20T15:16:02.606Z,1,v2,,
982,MMLU-ProX,Nhu,CS-E,TRA,2026-05-18T20:11:23.580Z,1,v2,,
983,MMLU-ProX,Dong,CS-E,TRA,2026-05-17T09:06:09.659Z,1,v2,,
983,MMLU-ProX,vy,CS-E,TRA,2026-05-20T15:16:02.606Z,1,v2,,
983,MMLU-ProX,Nhu,CS-E,TRA,2026-05-18T20:11:23.580Z,1,v2,,
984,MMLU-ProX,Dong,CS-E,TRA,2026-05-17T09:06:09.659Z,1,v2,,
984,MMLU-ProX,vy,CS-E,TRA,2026-05-20T15:16:02.606Z,1,v2,,
984,MMLU-ProX,Nhu,CS-E,TRA,2026-05-18T20:11:23.580Z,1,v2,,
985,MMLU-ProX,Dong,CS-E,TRA,2026-05-17T09:06:09.659Z,1,v2,,
985,MMLU-ProX,vy,CS-E,TRA,2026-05-20T15:16:02.606Z,1,v2,,
985,MMLU-ProX,Nhu,CS-E,TRA,2026-05-18T20:11:23.580Z,1,v2,,
986,MMLU-ProX,Dong,CS-E,TRA,2026-05-17T09:06:09.659Z,1,v2,,
986,MMLU-ProX,vy,CA,TRA,2026-05-20T15:16:02.606Z,1,v2,,
986,MMLU-ProX,Nhu,CS-E,TRA,2026-05-18T20:11:23.580Z,1,v2,,
987,MMLU-ProX,Dong,CS-E,TRA,2026-05-17T09:06:09.659Z,1,v2,,
987,MMLU-ProX,vy,CS-E,TRA,2026-05-20T15:16:02.606Z,1,v2,,
987,MMLU-ProX,Nhu,CS-E,TRA,2026-05-18T20:11:23.580Z,1,v2,,
988,MMLU-ProX,Dong,CS-E,TRA,2026-05-17T09:06:09.659Z,1,v2,,
988,MMLU-ProX,vy,CS-E,TRA,2026-05-20T15:16:02.606Z,1,v2,,
988,MMLU-ProX,Nhu,CS-E,TRA,2026-05-18T20:11:23.580Z,1,v2,,
989,MMLU-ProX,Dong,CS-E,TRA,2026-05-17T09:06:09.659Z,1,v2,,
989,MMLU-ProX,vy,CA,TRA,2026-05-20T15:16:02.606Z,1,v2,,
989,MMLU-ProX,Nhu,CS-E,TRA,2026-05-18T20:11:23.580Z,1,v2,,
990,MMLU-ProX,Dong,CS-E,TRA,2026-05-17T09:06:09.659Z,1,v2,,
990,MMLU-ProX,vy,CS-E,TRA,2026-05-20T15:16:02.606Z,1,v2,,
990,MMLU-ProX,Nhu,CS-E,TRA,2026-05-18T20:11:23.580Z,1,v2,,
991,MMLU-ProX,Dong,CS-E,TRA,2026-05-17T09:06:09.659Z,1,v2,,
991,MMLU-ProX,vy,CS-E,TRA,2026-05-20T15:16:02.606Z,1,v2,,
991,MMLU-ProX,Nhu,CS-E,TRA,2026-05-18T20:11:23.580Z,1,v2,,
992,MMLU-ProX,Dong,CS-E,TRA,2026-05-17T09:06:09.659Z,1,v2,,
992,MMLU-ProX,vy,CA,TRA,2026-05-20T15:16:02.606Z,1,v2,,
992,MMLU-ProX,Nhu,CS-E,TRA,2026-05-18T20:11:23.580Z,1,v2,,
993,MMLU-ProX,Dong,CS-E,TRA,2026-05-17T09:06:09.659Z,1,v2,,
993,MMLU-ProX,vy,CS-E,TRA,2026-05-20T15:16:02.606Z,1,v2,,
993,MMLU-ProX,Nhu,CS-E,TRA,2026-05-18T20:11:23.580Z,1,v2,,
994,MMLU-ProX,Dong,CS-E,TRA,2026-05-17T09:06:09.659Z,1,v2,,
994,MMLU-ProX,vy,CS-E,TRA,2026-05-20T15:16:02.606Z,1,v2,,
994,MMLU-ProX,Nhu,CS-E,TRA,2026-05-18T20:11:23.580Z,1,v2,,
995,MMLU-ProX,Dong,CS-E,TRA,2026-05-17T09:06:09.659Z,1,v2,,
995,MMLU-ProX,vy,CA,TRA,2026-05-20T15:16:02.606Z,1,v2,,
995,MMLU-ProX,Nhu,CS-E,TRA,2026-05-18T20:11:23.580Z,1,v2,,
996,MMLU-ProX,Dong,CS-E,TRA,2026-05-17T09:06:09.659Z,1,v2,,
996,MMLU-ProX,vy,CS-E,TRA,2026-05-20T15:16:02.606Z,1,v2,,
996,MMLU-ProX,Nhu,CS-E,TRA,2026-05-18T20:11:23.580Z,1,v2,,
997,MMLU-ProX,Dong,CS-E,TRA,2026-05-17T09:06:09.659Z,1,v2,,
997,MMLU-ProX,vy,CA,TRA,2026-05-20T15:16:02.606Z,1,v2,,
997,MMLU-ProX,Nhu,CS-E,TRA,2026-05-18T20:11:23.580Z,1,v2,,
998,MMLU-ProX,Dong,CS-E,TRA,2026-05-17T09:06:09.659Z,1,v2,,
998,MMLU-ProX,vy,CA,TRA,2026-05-20T15:16:02.606Z,1,v2,,
998,MMLU-ProX,Nhu,CS-E,TRA,2026-05-18T20:11:23.580Z,1,v2,,
999,MMLU-ProX,Dong,CS-E,TRA,2026-05-17T09:06:09.659Z,1,v2,,
999,MMLU-ProX,vy,CS-E,TRA,2026-05-20T15:16:02.606Z,1,v2,,
999,MMLU-ProX,Nhu,CS-E,TRA,2026-05-18T20:11:23.580Z,1,v2,,
1000,MMLU-ProX,Dong,CS-E,TRA,2026-05-17T09:06:09.659Z,1,v2,,
1000,MMLU-ProX,vy,CS-E,TRA,2026-05-20T15:16:02.606Z,1,v2,,
1000,MMLU-ProX,Nhu,CS-E,TRA,2026-05-18T20:11:23.580Z,1,v2,,
1001,MMLU-ProX,Dong,CS-E,TRA,2026-05-17T09:06:09.659Z,1,v2,,
1001,MMLU-ProX,vy,CA,TRA,2026-05-20T15:16:02.606Z,1,v2,,
1001,MMLU-ProX,Nhu,CS-E,TRA,2026-05-18T20:11:23.580Z,1,v2,,
1002,MMLU-ProX,Dong,CS-E,TRA,2026-05-17T09:06:09.659Z,1,v2,,
1002,MMLU-ProX,vy,CS-E,TRA,2026-05-20T15:16:02.606Z,1,v2,,
1002,MMLU-ProX,Nhu,CS-E,TRA,2026-05-18T20:11:23.580Z,1,v2,,
1003,MMLU-ProX,Dong,CS-E,TRA,2026-05-17T09:06:09.659Z,1,v2,,
1003,MMLU-ProX,vy,CS-E,TRA,2026-05-20T15:16:02.606Z,1,v2,,
1003,MMLU-ProX,Nhu,CS-E,TRA,2026-05-18T20:11:23.580Z,1,v2,,
1004,MMLU-ProX,Dong,CS-E,TRA,2026-05-17T09:06:09.659Z,1,v2,,
1004,MMLU-ProX,vy,CS-E,TRA,2026-05-20T15:16:02.606Z,1,v2,,
1004,MMLU-ProX,Nhu,CS-E,TRA,2026-05-18T20:11:23.580Z,1,v2,,
1005,MMLU-ProX,Dong,CS-E,TRA,2026-05-17T09:06:09.659Z,1,v2,,
1005,MMLU-ProX,vy,CS-E,TRA,2026-05-20T15:16:02.606Z,1,v2,,
1005,MMLU-ProX,Nhu,CS-E,TRA,2026-05-18T20:11:23.580Z,1,v2,,
1006,MMLU-ProX,Dong,CS-E,TRA,2026-05-17T09:06:09.659Z,1,v2,,
1006,MMLU-ProX,vy,CS-E,TRA,2026-05-20T15:16:02.606Z,1,v2,,
1006,MMLU-ProX,Nhu,CS-E,TRA,2026-05-18T20:11:23.580Z,1,v2,,
1007,MMLU-ProX,Dong,CS-E,TRA,2026-05-17T09:06:09.659Z,1,v2,,
1007,MMLU-ProX,vy,CS-E,TRA,2026-05-20T15:16:02.606Z,1,v2,,
1007,MMLU-ProX,Nhu,CS-E,TRA,2026-05-18T20:11:23.580Z,1,v2,,
1008,MMLU-ProX,Dong,CS-E,TRA,2026-05-17T09:06:09.659Z,1,v2,,
1008,MMLU-ProX,vy,CS-E,TRA,2026-05-20T15:16:02.606Z,1,v2,,
1008,MMLU-ProX,Nhu,CS-E,TRA,2026-05-18T20:11:23.580Z,1,v2,,
1009,MMLU-ProX,Dong,CS-E,TRA,2026-05-17T09:06:09.659Z,1,v2,,
1009,MMLU-ProX,vy,CS-E,TRA,2026-05-20T15:16:02.606Z,1,v2,,
1009,MMLU-ProX,Nhu,CS-E,TRA,2026-05-18T20:11:23.580Z,1,v2,,
1010,MMLU-ProX,Dong,CS-E,TRA,2026-05-17T09:06:09.659Z,1,v2,,
1010,MMLU-ProX,vy,CA,TRA,2026-05-20T15:16:02.606Z,1,v2,,
1010,MMLU-ProX,Nhu,CS-E,TRA,2026-05-18T20:11:23.580Z,1,v2,,
1011,MMLU-ProX,Dong,CS-E,TRA,2026-05-17T09:06:09.659Z,1,v2,,
1011,MMLU-ProX,vy,CS-E,TRA,2026-05-20T15:16:02.606Z,1,v2,,
1011,MMLU-ProX,Nhu,CS-E,TRA,2026-05-18T20:11:23.580Z,1,v2,,
1012,MMLU-ProX,Dong,CS-E,TRA,2026-05-17T09:06:09.659Z,1,v2,,
1012,MMLU-ProX,vy,CS-E,TRA,2026-05-20T15:16:02.606Z,1,v2,,
1012,MMLU-ProX,Nhu,CS-E,TRA,2026-05-18T20:11:23.580Z,1,v2,,
1013,MMLU-ProX,Dong,CS-E,TRA,2026-05-17T09:06:09.659Z,1,v2,,
1013,MMLU-ProX,vy,CA,TRA,2026-05-20T15:16:02.606Z,1,v2,,
1013,MMLU-ProX,Nhu,CS-E,TRA,2026-05-18T20:11:23.580Z,1,v2,,
1014,MMLU-ProX,Dong,CS-E,TRA,2026-05-17T09:06:09.659Z,1,v2,,
1014,MMLU-ProX,vy,CS-E,TRA,2026-05-20T15:16:02.606Z,1,v2,,
1014,MMLU-ProX,Nhu,CS-E,TRA,2026-05-18T20:11:23.580Z,1,v2,,
1015,MMLU-ProX,Dong,CS-E,TRA,2026-05-17T09:06:09.659Z,1,v2,,
1015,MMLU-ProX,vy,CA,TRA,2026-05-20T15:16:02.606Z,1,v2,,
1015,MMLU-ProX,Nhu,CS-E,TRA,2026-05-18T20:11:23.580Z,1,v2,,
1016,MMLU-ProX,Dong,CS-E,TRA,2026-05-17T09:06:09.659Z,1,v2,,
1016,MMLU-ProX,vy,CA,TRA,2026-05-20T15:16:02.606Z,1,v2,,
1016,MMLU-ProX,Nhu,CA,TRA,2026-05-18T20:11:23.580Z,1,v2,,
1017,MMLU-ProX,Dong,CS-E,TRA,2026-05-17T09:06:09.659Z,1,v2,,
1017,MMLU-ProX,vy,CS-E,TRA,2026-05-20T15:16:02.606Z,1,v2,,
1017,MMLU-ProX,Nhu,CS-E,TRA,2026-05-18T20:11:23.580Z,1,v2,,
1018,MMLU-ProX,Dong,CS-E,TRA,2026-05-17T09:06:09.659Z,1,v2,,
1018,MMLU-ProX,vy,CS-E,TRA,2026-05-20T15:16:02.606Z,1,v2,,
1018,MMLU-ProX,Nhu,CS-E,TRA,2026-05-18T20:11:23.580Z,1,v2,,
1019,MMLU-ProX,Dong,CA,TRA,2026-05-17T09:06:09.659Z,1,v2,,
1019,MMLU-ProX,vy,CS-E,TRA,2026-05-20T15:16:02.606Z,1,v2,,
1019,MMLU-ProX,Nhu,CA,TRA,2026-05-18T20:11:23.580Z,1,v2,,
1020,MMLU-ProX,Dong,CA,TRA,2026-05-17T09:06:09.659Z,1,v2,,
1020,MMLU-ProX,vy,CS-E,TRA,2026-05-20T15:16:02.606Z,1,v2,,
1020,MMLU-ProX,Nhu,CA,TRA,2026-05-18T20:11:23.580Z,1,v2,,
1021,MMLU-ProX,Dong,CA,TRA,2026-05-17T09:06:09.659Z,1,v2,,
1021,MMLU-ProX,vy,CS-E,TRA,2026-05-20T15:16:02.606Z,1,v2,,
1021,MMLU-ProX,Nhu,CS-E,TRA,2026-05-18T20:11:23.580Z,1,v2,,
1022,MMLU-ProX,Dong,CA,TRA,2026-05-17T09:06:09.659Z,1,v2,,
1022,MMLU-ProX,vy,CA,TRA,2026-05-20T15:16:02.606Z,1,v2,,
1022,MMLU-ProX,Nhu,CS-H,TRA,2026-05-18T20:11:23.580Z,1,v2,,
1023,MMLU-ProX,Dong,CA,TRA,2026-05-17T09:06:09.659Z,1,v2,,
1023,MMLU-ProX,vy,CS-E,TRA,2026-05-20T15:16:02.606Z,1,v2,,
1023,MMLU-ProX,Nhu,CS-E,TRA,2026-05-18T20:11:23.580Z,1,v2,,
1024,MMLU-ProX,Dong,CA,TRA,2026-05-17T09:06:09.659Z,1,v2,,
1024,MMLU-ProX,vy,CA,TRA,2026-05-20T15:16:02.606Z,1,v2,,
1024,MMLU-ProX,Nhu,CS-E,TRA,2026-05-18T20:11:23.580Z,1,v2,,
1025,MMLU-ProX,Dong,CS-E,TRA,2026-05-17T09:06:09.659Z,1,v2,,
1025,MMLU-ProX,vy,CS-E,TRA,2026-05-20T15:16:02.606Z,1,v2,,
1025,MMLU-ProX,Nhu,CS-E,TRA,2026-05-18T20:11:23.580Z,1,v2,,
1026,MMLU-ProX,Dong,CS-E,TRA,2026-05-17T09:06:09.659Z,1,v2,,
1026,MMLU-ProX,vy,CS-E,TRA,2026-05-20T15:16:02.606Z,1,v2,,
1026,MMLU-ProX,Nhu,CS-E,TRA,2026-05-18T20:11:23.580Z,1,v2,,
1027,MMLU-ProX,Dong,CS-E,TRA,2026-05-17T09:06:09.659Z,1,v2,,
1027,MMLU-ProX,vy,CS-E,TRA,2026-05-20T15:16:02.606Z,1,v2,,
1027,MMLU-ProX,Nhu,CS-E,TRA,2026-05-18T20:11:23.580Z,1,v2,,
1028,MMLU-ProX,Dong,CS-E,TRA,2026-05-17T09:06:09.659Z,1,v2,,
1028,MMLU-ProX,vy,CS-E,TRA,2026-05-20T15:16:02.606Z,1,v2,,
1028,MMLU-ProX,Nhu,CS-E,TRA,2026-05-18T20:11:23.580Z,1,v2,,
1029,MMLU-ProX,Dong,CS-E,TRA,2026-05-17T09:06:09.659Z,1,v2,,
1029,MMLU-ProX,vy,CS-E,TRA,2026-05-20T15:16:02.606Z,1,v2,,
1029,MMLU-ProX,Nhu,CS-E,TRA,2026-05-18T20:11:23.580Z,1,v2,,
1030,MMLU-ProX,Dong,CS-E,TRA,2026-05-17T09:06:09.659Z,1,v2,,
1030,MMLU-ProX,vy,CS-E,TRA,2026-05-20T15:16:02.606Z,1,v2,,
1030,MMLU-ProX,Nhu,CS-E,TRA,2026-05-18T20:11:23.580Z,1,v2,,
1031,MMLU-ProX,Dong,CS-E,TRA,2026-05-17T09:06:09.659Z,1,v2,,
1031,MMLU-ProX,vy,CS-E,TRA,2026-05-20T15:16:02.606Z,1,v2,,
1031,MMLU-ProX,Nhu,CS-E,TRA,2026-05-18T20:11:23.580Z,1,v2,,
1032,MMLU-ProX,Dong,CS-E,TRA,2026-05-17T09:06:09.659Z,1,v2,,
1032,MMLU-ProX,vy,CS-E,TRA,2026-05-20T15:16:02.606Z,1,v2,,
1032,MMLU-ProX,Nhu,CS-E,TRA,2026-05-18T20:11:23.580Z,1,v2,,
1033,MMLU-ProX,Dong,CS-E,TRA,2026-05-17T09:06:09.659Z,1,v2,,
1033,MMLU-ProX,vy,CA,TRA,2026-05-20T15:16:02.606Z,1,v2,,
1033,MMLU-ProX,Nhu,CS-E,TRA,2026-05-18T20:11:23.580Z,1,v2,,
1034,MMLU-ProX,Dong,CS-E,TRA,2026-05-17T09:06:09.659Z,1,v2,,
1034,MMLU-ProX,vy,CS-E,TRA,2026-05-20T15:16:02.606Z,1,v2,,
1034,MMLU-ProX,Nhu,CS-E,TRA,2026-05-18T20:11:23.580Z,1,v2,,
1035,MMLU-ProX,Dong,CS-E,TRA,2026-05-17T09:06:09.659Z,1,v2,,
1035,MMLU-ProX,vy,CS-E,TRA,2026-05-20T15:16:02.606Z,1,v2,,
1035,MMLU-ProX,Nhu,CS-E,TRA,2026-05-18T20:11:23.580Z,1,v2,,
1036,MMLU-ProX,Dong,CS-E,TRA,2026-05-17T09:06:09.659Z,1,v2,,
1036,MMLU-ProX,vy,CA,TRA,2026-05-20T15:16:02.606Z,1,v2,,
1036,MMLU-ProX,Nhu,CS-E,TRA,2026-05-18T20:11:23.580Z,1,v2,,
1037,MMLU-ProX,Dong,CS-E,TRA,2026-05-17T09:06:09.659Z,1,v2,,
1037,MMLU-ProX,vy,CS-E,TRA,2026-05-20T15:16:02.606Z,1,v2,,
1037,MMLU-ProX,Nhu,CS-E,TRA,2026-05-18T20:11:23.580Z,1,v2,,
1038,MMLU-ProX,Dong,CS-E,TRA,2026-05-17T09:06:09.659Z,1,v2,,
1038,MMLU-ProX,vy,CA,TRA,2026-05-20T15:16:02.606Z,1,v2,,
1038,MMLU-ProX,Nhu,CS-E,TRA,2026-05-18T20:11:23.580Z,1,v2,,
1039,MMLU-ProX,Dong,CS-E,TRA,2026-05-17T09:06:09.659Z,1,v2,,
1039,MMLU-ProX,vy,CS-E,TRA,2026-05-20T15:16:02.606Z,1,v2,,
1039,MMLU-ProX,Nhu,CS-E,TRA,2026-05-18T20:11:23.580Z,1,v2,,
1040,MMLU-ProX,Dong,CS-E,TRA,2026-05-17T09:06:09.659Z,1,v2,,
1040,MMLU-ProX,vy,CS-E,TRA,2026-05-20T15:16:02.606Z,1,v2,,
1040,MMLU-ProX,Nhu,CS-E,TRA,2026-05-18T20:11:23.580Z,1,v2,,
1041,MMLU-ProX,Dong,CS-E,TRA,2026-05-17T09:06:09.659Z,1,v2,,
1041,MMLU-ProX,vy,CS-E,TRA,2026-05-20T15:16:02.606Z,1,v2,,
1041,MMLU-ProX,Nhu,CS-E,TRA,2026-05-18T20:11:23.580Z,1,v2,,
1042,MMLU-ProX,Dong,CS-E,TRA,2026-05-17T09:06:09.659Z,1,v2,,
1042,MMLU-ProX,vy,CS-E,TRA,2026-05-20T15:16:02.606Z,1,v2,,
1042,MMLU-ProX,Nhu,CS-E,TRA,2026-05-18T20:11:23.580Z,1,v2,,
1043,MMLU-ProX,Dong,CS-E,TRA,2026-05-17T09:06:09.659Z,1,v2,,
1043,MMLU-ProX,vy,CA,TRA,2026-05-20T15:16:02.606Z,1,v2,,
1043,MMLU-ProX,Nhu,CS-E,TRA,2026-05-18T20:11:23.580Z,1,v2,,
1044,MMLU-ProX,Dong,CS-E,TRA,2026-05-17T09:06:09.659Z,1,v2,,
1044,MMLU-ProX,vy,CA,TRA,2026-05-20T15:16:02.606Z,1,v2,,
1044,MMLU-ProX,Nhu,CS-E,TRA,2026-05-18T20:11:23.580Z,1,v2,,
1045,MMLU-ProX,Dong,CS-E,TRA,2026-05-17T09:06:09.659Z,1,v2,,
1045,MMLU-ProX,vy,CS-E,TRA,2026-05-20T15:16:02.606Z,1,v2,,
1045,MMLU-ProX,Nhu,CS-E,TRA,2026-05-18T20:11:23.580Z,1,v2,,
1046,MMLU-ProX,Dong,CS-E,TRA,2026-05-17T09:06:09.659Z,1,v2,,
1046,MMLU-ProX,vy,CA,TRA,2026-05-20T15:16:02.606Z,1,v2,,
1046,MMLU-ProX,Nhu,CS-E,TRA,2026-05-18T20:11:23.580Z,1,v2,,
1047,MMLU-ProX,Dong,CS-E,TRA,2026-05-17T09:06:09.659Z,1,v2,,
1047,MMLU-ProX,vy,CS-E,TRA,2026-05-20T15:16:02.606Z,1,v2,,
1047,MMLU-ProX,Nhu,CS-E,TRA,2026-05-18T20:11:23.580Z,1,v2,,
1048,MMLU-ProX,Dong,CS-E,TRA,2026-05-17T09:06:09.659Z,1,v2,,
1048,MMLU-ProX,vy,CS-E,TRA,2026-05-20T15:16:02.606Z,1,v2,,
1048,MMLU-ProX,Nhu,CS-E,TRA,2026-05-18T20:11:23.580Z,1,v2,,
1049,MMLU-ProX,Dong,CS-E,TRA,2026-05-17T09:06:09.659Z,1,v2,,
1049,MMLU-ProX,vy,CS-E,TRA,2026-05-20T15:16:02.606Z,1,v2,,
1049,MMLU-ProX,Nhu,CS-E,TRA,2026-05-18T20:11:23.580Z,1,v2,,
1050,MMLU-ProX,Dong,CS-E,TRA,2026-05-17T09:06:09.659Z,1,v2,,
1050,MMLU-ProX,vy,CS-E,TRA,2026-05-20T15:16:02.606Z,1,v2,,
1050,MMLU-ProX,Nhu,CS-E,TRA,2026-05-18T20:11:23.580Z,1,v2,,
1051,MMLU-ProX,Dong,CS-E,TRA,2026-05-17T09:06:09.659Z,1,v2,,
1051,MMLU-ProX,vy,CS-E,TRA,2026-05-20T15:16:02.606Z,1,v2,,
1051,MMLU-ProX,Nhu,CS-E,TRA,2026-05-18T20:11:23.580Z,1,v2,,
1052,MMLU-ProX,Dong,CS-E,TRA,2026-05-17T09:06:09.659Z,1,v2,,
1052,MMLU-ProX,vy,CS-E,TRA,2026-05-20T15:16:02.606Z,1,v2,,
1052,MMLU-ProX,Nhu,CS-E,TRA,2026-05-18T20:11:23.580Z,1,v2,,
1053,MMLU-ProX,Dong,CS-E,TRA,2026-05-17T09:06:09.659Z,1,v2,,
1053,MMLU-ProX,vy,CS-E,TRA,2026-05-20T15:16:02.606Z,1,v2,,
1053,MMLU-ProX,Nhu,CS-E,TRA,2026-05-18T20:11:23.580Z,1,v2,,
1054,MMLU-ProX,Dong,CS-E,TRA,2026-05-17T09:06:09.659Z,1,v2,,
1054,MMLU-ProX,vy,CS-E,TRA,2026-05-20T15:16:02.606Z,1,v2,,
1054,MMLU-ProX,Nhu,CS-E,TRA,2026-05-18T20:11:23.580Z,1,v2,,
1055,MMLU-ProX,Dong,CS-E,TRA,2026-05-17T09:06:09.659Z,1,v2,,
1055,MMLU-ProX,vy,CS-E,TRA,2026-05-20T15:16:02.606Z,1,v2,,
1055,MMLU-ProX,Nhu,CS-E,TRA,2026-05-18T20:11:23.580Z,1,v2,,
1056,MMLU-ProX,Dong,CS-E,TRA,2026-05-17T09:06:09.659Z,1,v2,,
1056,MMLU-ProX,vy,CS-E,TRA,2026-05-20T15:16:02.606Z,1,v2,,
1056,MMLU-ProX,Nhu,CS-E,TRA,2026-05-18T20:11:23.580Z,1,v2,,
1057,MMLU-ProX,Dong,CS-E,TRA,2026-05-17T09:06:09.659Z,1,v2,,
1057,MMLU-ProX,vy,CA,TRA,2026-05-20T15:16:02.606Z,1,v2,,
1057,MMLU-ProX,Nhu,CS-E,TRA,2026-05-18T20:11:23.580Z,1,v2,,
1058,MMLU-ProX,Dong,CS-E,TRA,2026-05-17T09:06:09.659Z,1,v2,,
1058,MMLU-ProX,vy,CA,TRA,2026-05-20T15:16:02.606Z,1,v2,,
1058,MMLU-ProX,Nhu,CS-E,TRA,2026-05-18T20:11:23.580Z,1,v2,,
1059,MMLU-ProX,Dong,CS-E,TRA,2026-05-18T08:29:14.525Z,1,v2,,
1059,MMLU-ProX,vy,CS-E,TRA,2026-05-20T15:16:02.606Z,1,v2,,
1059,MMLU-ProX,Nhu,CS-E,TRA,2026-05-18T20:11:23.581Z,1,v2,,
1060,MMLU-ProX,Dong,CS-E,TRA,2026-05-18T08:29:14.525Z,1,v2,,
1060,MMLU-ProX,vy,CS-E,TRA,2026-05-20T15:16:02.606Z,1,v2,,
1060,MMLU-ProX,Nhu,CS-E,TRA,2026-05-18T20:11:23.581Z,1,v2,,
1061,MMLU-ProX,Dong,CS-E,TRA,2026-05-18T08:29:14.525Z,1,v2,,
1061,MMLU-ProX,vy,CS-E,TRA,2026-05-20T15:16:02.606Z,1,v2,,
1061,MMLU-ProX,Nhu,CS-E,TRA,2026-05-18T20:11:23.581Z,1,v2,,
1062,MMLU-ProX,Dong,CS-E,TRA,2026-05-18T08:29:14.525Z,1,v2,,
1062,MMLU-ProX,vy,CS-E,TRA,2026-05-20T15:16:02.606Z,1,v2,,
1062,MMLU-ProX,Nhu,CS-E,TRA,2026-05-18T20:11:23.581Z,1,v2,,
1063,MMLU-ProX,Dong,CS-E,TRA,2026-05-18T08:29:14.525Z,1,v2,,
1063,MMLU-ProX,vy,CS-E,TRA,2026-05-20T15:16:02.606Z,1,v2,,
1063,MMLU-ProX,Nhu,CS-E,TRA,2026-05-18T20:11:23.581Z,1,v2,,
1064,MMLU-ProX,Dong,CS-E,TRA,2026-05-18T08:29:14.525Z,1,v2,,
1064,MMLU-ProX,vy,CS-E,TRA,2026-05-20T15:16:02.606Z,1,v2,,
1064,MMLU-ProX,Nhu,CS-E,TRA,2026-05-18T20:11:23.581Z,1,v2,,
1065,MMLU-ProX,Dong,CS-E,TRA,2026-05-18T08:29:14.525Z,1,v2,,
1065,MMLU-ProX,vy,CS-E,TRA,2026-05-20T15:16:02.606Z,1,v2,,
1065,MMLU-ProX,Nhu,CS-E,TRA,2026-05-18T20:11:23.581Z,1,v2,,
1066,MMLU-ProX,Dong,CS-E,TRA,2026-05-18T08:29:14.525Z,1,v2,,
1066,MMLU-ProX,vy,CA,TRA,2026-05-20T15:16:02.606Z,1,v2,,
1066,MMLU-ProX,Nhu,CS-E,TRA,2026-05-18T20:11:23.581Z,1,v2,,
1067,MMLU-ProX,Dong,CS-E,TRA,2026-05-18T08:29:14.525Z,1,v2,,
1067,MMLU-ProX,vy,CS-E,TRA,2026-05-20T15:16:02.606Z,1,v2,,
1067,MMLU-ProX,Nhu,CS-E,TRA,2026-05-18T20:11:23.581Z,1,v2,,
1068,MMLU-ProX,Dong,CS-E,TRA,2026-05-18T08:29:14.525Z,1,v2,,
1068,MMLU-ProX,vy,CS-E,TRA,2026-05-20T15:16:02.606Z,1,v2,,
1068,MMLU-ProX,Nhu,CS-E,TRA,2026-05-18T20:11:23.581Z,1,v2,,
1069,MMLU-ProX,Dong,CS-E,TRA,2026-05-18T08:29:14.525Z,1,v2,,
1069,MMLU-ProX,vy,CS-E,TRA,2026-05-20T15:16:02.606Z,1,v2,,
1069,MMLU-ProX,Nhu,CS-E,TRA,2026-05-18T20:11:23.581Z,1,v2,,
1070,MMLU-ProX,Dong,CS-E,TRA,2026-05-18T08:29:14.525Z,1,v2,,
1070,MMLU-ProX,vy,CS-E,TRA,2026-05-20T15:16:02.606Z,1,v2,,
1070,MMLU-ProX,Nhu,CS-E,TRA,2026-05-18T20:11:23.581Z,1,v2,,
1071,MMLU-ProX,Dong,CS-E,TRA,2026-05-18T08:29:14.525Z,1,v2,,
1071,MMLU-ProX,vy,CS-E,TRA,2026-05-20T15:16:02.606Z,1,v2,,
1071,MMLU-ProX,Nhu,CS-E,TRA,2026-05-18T20:11:23.581Z,1,v2,,
1072,MMLU-ProX,Dong,CS-E,TRA,2026-05-18T08:29:14.525Z,1,v2,,
1072,MMLU-ProX,vy,CA,TRA,2026-05-20T15:16:02.606Z,1,v2,,
1072,MMLU-ProX,Nhu,CS-E,TRA,2026-05-18T20:11:23.581Z,1,v2,,
1073,MMLU-ProX,Dong,CS-E,TRA,2026-05-18T08:29:14.525Z,1,v2,,
1073,MMLU-ProX,vy,CS-E,TRA,2026-05-20T15:16:02.606Z,1,v2,,
1073,MMLU-ProX,Nhu,CS-E,TRA,2026-05-18T20:11:23.581Z,1,v2,,
1074,MMLU-ProX,Dong,CS-E,TRA,2026-05-18T08:29:14.525Z,1,v2,,
1074,MMLU-ProX,vy,CS-E,TRA,2026-05-20T15:16:02.606Z,1,v2,,
1074,MMLU-ProX,Nhu,CS-E,TRA,2026-05-18T20:11:23.581Z,1,v2,,
1075,MMLU-ProX,Dong,CS-E,TRA,2026-05-18T08:29:14.525Z,1,v2,,
1075,MMLU-ProX,vy,CS-E,TRA,2026-05-20T15:16:02.606Z,1,v2,,
1075,MMLU-ProX,Nhu,CS-E,TRA,2026-05-18T20:11:23.581Z,1,v2,,
1076,MMLU-ProX,Dong,CS-E,TRA,2026-05-18T08:29:14.525Z,1,v2,,
1076,MMLU-ProX,vy,CS-E,TRA,2026-05-20T15:16:02.606Z,1,v2,,
1076,MMLU-ProX,Nhu,CS-E,TRA,2026-05-18T20:11:23.581Z,1,v2,,
1077,MMLU-ProX,Dong,CS-E,TRA,2026-05-18T08:29:14.525Z,1,v2,,
1077,MMLU-ProX,vy,CS-E,TRA,2026-05-20T15:16:02.606Z,1,v2,,
1077,MMLU-ProX,Nhu,CS-E,TRA,2026-05-18T20:11:23.581Z,1,v2,,
1078,MMLU-ProX,Dong,CS-E,TRA,2026-05-18T08:29:14.525Z,1,v2,,
1078,MMLU-ProX,vy,CS-E,TRA,2026-05-20T15:16:02.606Z,1,v2,,
1078,MMLU-ProX,Nhu,CS-E,TRA,2026-05-18T20:11:23.581Z,1,v2,,
1079,MMLU-ProX,Dong,CS-E,TRA,2026-05-18T08:29:14.525Z,1,v2,,
1079,MMLU-ProX,vy,CA,TRA,2026-05-20T15:16:02.606Z,1,v2,,
1079,MMLU-ProX,Nhu,CS-E,TRA,2026-05-18T20:11:23.581Z,1,v2,,
1080,MMLU-ProX,Dong,CS-E,TRA,2026-05-18T08:29:14.525Z,1,v2,,
1080,MMLU-ProX,vy,CS-E,TRA,2026-05-20T15:16:02.606Z,1,v2,,
1080,MMLU-ProX,Nhu,CS-E,TRA,2026-05-18T20:11:23.581Z,1,v2,,
1081,MMLU-ProX,Dong,CS-E,TRA,2026-05-18T08:29:14.525Z,1,v2,,
1081,MMLU-ProX,vy,CS-E,TRA,2026-05-20T15:16:02.606Z,1,v2,,
1081,MMLU-ProX,Nhu,CS-E,TRA,2026-05-18T20:11:23.581Z,1,v2,,
1082,MMLU-ProX,Dong,CA,TRA,2026-05-18T08:29:14.525Z,1,v2,,
1082,MMLU-ProX,vy,CS-E,TRA,2026-05-20T15:16:02.606Z,1,v2,,
1082,MMLU-ProX,Nhu,CS-E,TRA,2026-05-18T20:11:23.581Z,1,v2,,
1083,MMLU-ProX,Dong,CA,TRA,2026-05-18T08:29:14.525Z,1,v2,,
1083,MMLU-ProX,vy,CS-E,TRA,2026-05-20T15:16:02.606Z,1,v2,,
1083,MMLU-ProX,Nhu,CS-E,TRA,2026-05-18T20:11:23.581Z,1,v2,,
1084,MMLU-ProX,Dong,CA,TRA,2026-05-18T08:29:14.525Z,1,v2,,
1084,MMLU-ProX,vy,CS-H,TRA,2026-05-20T15:16:02.606Z,1,v2,,
1084,MMLU-ProX,Nhu,CS-H,TRA,2026-05-18T20:11:23.581Z,1,v2,,
1085,MMLU-ProX,Dong,CA,TRA,2026-05-18T08:29:14.525Z,1,v2,,
1085,MMLU-ProX,vy,CS-E,TRA,2026-05-20T15:16:02.606Z,1,v2,,
1085,MMLU-ProX,Nhu,CS-E,TRA,2026-05-18T20:11:23.581Z,1,v2,,
1086,MMLU-ProX,Dong,CA,TRA,2026-05-18T08:29:14.525Z,1,v2,,
1086,MMLU-ProX,vy,CS-E,TRA,2026-05-20T15:16:02.606Z,1,v2,,
1086,MMLU-ProX,Nhu,CS-E,TRA,2026-05-18T20:11:23.581Z,1,v2,,
1087,MMLU-ProX,Dong,CS-E,TRA,2026-05-18T08:29:14.525Z,1,v2,,
1087,MMLU-ProX,vy,CS-E,TRA,2026-05-20T15:16:02.606Z,1,v2,,
1087,MMLU-ProX,Nhu,CS-E,TRA,2026-05-18T20:11:23.581Z,1,v2,,
1088,MMLU-ProX,Dong,CS-E,TRA,2026-05-18T08:29:14.525Z,1,v2,,
1088,MMLU-ProX,vy,CS-E,TRA,2026-05-20T15:16:02.606Z,1,v2,,
1088,MMLU-ProX,Nhu,CS-E,TRA,2026-05-18T20:11:23.581Z,1,v2,,
1089,MMLU-ProX,Dong,CS-E,TRA,2026-05-18T08:29:14.525Z,1,v2,,
1089,MMLU-ProX,vy,CS-E,TRA,2026-05-20T15:16:02.606Z,1,v2,,
1089,MMLU-ProX,Nhu,CS-E,TRA,2026-05-18T20:11:23.581Z,1,v2,,
1090,MMLU-ProX,Dong,CS-E,TRA,2026-05-18T08:29:14.525Z,1,v2,,
1090,MMLU-ProX,vy,CS-E,TRA,2026-05-20T15:16:02.606Z,1,v2,,
1090,MMLU-ProX,Nhu,CS-E,TRA,2026-05-18T20:11:23.581Z,1,v2,,
1091,MMLU-ProX,Dong,CS-E,TRA,2026-05-18T08:29:14.525Z,1,v2,,
1091,MMLU-ProX,vy,CA,TRA,2026-05-20T15:16:02.606Z,1,v2,,
1091,MMLU-ProX,Nhu,CS-E,TRA,2026-05-18T20:11:23.581Z,1,v2,,
1092,MMLU-ProX,Dong,CS-E,TRA,2026-05-18T08:29:14.525Z,1,v2,,
1092,MMLU-ProX,vy,CS-E,TRA,2026-05-20T15:16:02.606Z,1,v2,,
1092,MMLU-ProX,Nhu,CS-E,TRA,2026-05-18T20:11:23.581Z,1,v2,,
1093,MMLU-ProX,Dong,CS-E,TRA,2026-05-18T08:29:14.525Z,1,v2,,
1093,MMLU-ProX,vy,CA,TRA,2026-05-20T15:16:02.606Z,1,v2,,
1093,MMLU-ProX,Nhu,CS-E,TRA,2026-05-18T20:11:23.581Z,1,v2,,
1094,MMLU-ProX,Dong,CA,TRA,2026-05-18T08:29:14.525Z,1,v2,,
1094,MMLU-ProX,vy,CA,TRA,2026-05-20T15:16:02.606Z,1,v2,,
1094,MMLU-ProX,Nhu,CS-E,TRA,2026-05-18T20:11:23.581Z,1,v2,,
1095,MMLU-ProX,Dong,CS-E,TRA,2026-05-18T08:29:14.525Z,1,v2,,
1095,MMLU-ProX,vy,CS-E,TRA,2026-05-20T15:16:02.606Z,1,v2,,
1095,MMLU-ProX,Nhu,CS-E,TRA,2026-05-18T20:11:23.581Z,1,v2,,
1096,MMLU-ProX,Dong,CS-E,TRA,2026-05-18T08:29:14.525Z,1,v2,,
1096,MMLU-ProX,vy,CS-E,TRA,2026-05-20T15:16:02.606Z,1,v2,,
1096,MMLU-ProX,Nhu,CS-E,TRA,2026-05-18T20:11:23.581Z,1,v2,,
1097,MMLU-ProX,Dong,CS-E,TRA,2026-05-18T08:29:14.525Z,1,v2,,
1097,MMLU-ProX,vy,CS-E,TRA,2026-05-20T15:16:02.606Z,1,v2,,
1097,MMLU-ProX,Nhu,CS-E,TRA,2026-05-18T20:11:23.581Z,1,v2,,
1098,MMLU-ProX,Dong,CS-E,TRA,2026-05-18T08:29:14.525Z,1,v2,,
1098,MMLU-ProX,vy,CA,TRA,2026-05-20T15:16:02.606Z,1,v2,,
1098,MMLU-ProX,Nhu,CS-E,TRA,2026-05-18T20:11:23.581Z,1,v2,,
1099,MMLU-ProX,Dong,CS-E,TRA,2026-05-18T08:29:14.525Z,1,v2,,
1099,MMLU-ProX,vy,CS-E,TRA,2026-05-20T15:16:02.606Z,1,v2,,
1099,MMLU-ProX,Nhu,CS-E,TRA,2026-05-18T20:11:23.581Z,1,v2,,
1100,MMLU-ProX,Dong,CS-E,TRA,2026-05-18T08:29:14.525Z,1,v2,,
1100,MMLU-ProX,vy,CS-E,TRA,2026-05-20T15:16:02.606Z,1,v2,,
1100,MMLU-ProX,Nhu,CS-E,TRA,2026-05-18T20:11:23.581Z,1,v2,,
1101,MMLU-ProX,Dong,CS-E,TRA,2026-05-18T08:29:14.525Z,1,v2,,
1101,MMLU-ProX,vy,CS-E,TRA,2026-05-20T15:16:02.606Z,1,v2,,
1101,MMLU-ProX,Nhu,CS-E,TRA,2026-05-18T20:11:23.581Z,1,v2,,
1102,MMLU-ProX,Dong,CS-E,TRA,2026-05-18T08:29:14.525Z,1,v2,,
1102,MMLU-ProX,vy,CS-E,TRA,2026-05-20T15:16:02.606Z,1,v2,,
1102,MMLU-ProX,Nhu,CS-E,TRA,2026-05-18T20:11:23.581Z,1,v2,,
1103,MMLU-ProX,Dong,CS-E,TRA,2026-05-18T08:29:14.525Z,1,v2,,
1103,MMLU-ProX,vy,CS-E,TRA,2026-05-20T15:16:02.606Z,1,v2,,
1103,MMLU-ProX,Nhu,CS-E,TRA,2026-05-18T20:11:23.581Z,1,v2,,
1104,MMLU-ProX,Dong,CS-E,TRA,2026-05-18T08:29:14.525Z,1,v2,,
1104,MMLU-ProX,vy,CS-E,TRA,2026-05-20T15:16:02.606Z,1,v2,,
1104,MMLU-ProX,Nhu,CS-E,TRA,2026-05-18T20:11:23.581Z,1,v2,,
1105,MMLU-ProX,Dong,CS-E,TRA,2026-05-18T08:29:14.525Z,1,v2,,
1105,MMLU-ProX,vy,CS-E,TRA,2026-05-20T15:16:02.606Z,1,v2,,
1105,MMLU-ProX,Nhu,CS-E,TRA,2026-05-18T20:11:23.581Z,1,v2,,
1106,MMLU-ProX,Dong,CS-E,TRA,2026-05-18T08:29:14.525Z,1,v2,,
1106,MMLU-ProX,vy,CS-E,TRA,2026-05-20T15:16:02.606Z,1,v2,,
1106,MMLU-ProX,Nhu,CS-E,TRA,2026-05-18T20:11:23.581Z,1,v2,,
1107,MMLU-ProX,Dong,CS-E,TRA,2026-05-18T08:29:14.525Z,1,v2,,
1107,MMLU-ProX,vy,CA,TRA,2026-05-20T15:16:02.606Z,1,v2,,
1107,MMLU-ProX,Nhu,CS-E,TRA,2026-05-18T20:11:23.581Z,1,v2,,
1108,MMLU-ProX,Dong,CA,TRA,2026-05-18T08:29:14.525Z,1,v2,,
1108,MMLU-ProX,vy,CA,TRA,2026-05-20T15:16:02.606Z,1,v2,,
1108,MMLU-ProX,Nhu,CS-E,TRA,2026-05-18T20:11:23.581Z,1,v2,,
1109,MMLU-ProX,Dong,CS-E,TRA,2026-05-18T08:29:14.525Z,1,v2,,
1109,MMLU-ProX,vy,CA,TRA,2026-05-20T15:16:02.606Z,1,v2,,
1109,MMLU-ProX,Nhu,CS-E,TRA,2026-05-18T20:11:23.581Z,1,v2,,
1110,MMLU-ProX,Dong,CS-E,TRA,2026-05-18T08:29:14.525Z,1,v2,,
1110,MMLU-ProX,vy,CS-E,TRA,2026-05-20T15:16:02.606Z,1,v2,,
1110,MMLU-ProX,Nhu,CS-E,TRA,2026-05-18T20:11:23.581Z,1,v2,,
1111,MMLU-ProX,Dong,CS-E,TRA,2026-05-18T08:29:14.525Z,1,v2,,
1111,MMLU-ProX,vy,CS-E,TRA,2026-05-20T15:16:02.606Z,1,v2,,
1111,MMLU-ProX,Nhu,CS-E,TRA,2026-05-18T20:11:23.581Z,1,v2,,
1112,MMLU-ProX,Dong,CS-E,TRA,2026-05-18T08:29:14.525Z,1,v2,,
1112,MMLU-ProX,vy,CA,TRA,2026-05-20T15:16:02.606Z,1,v2,,
1112,MMLU-ProX,Nhu,CS-E,TRA,2026-05-18T20:11:23.581Z,1,v2,,
1113,MMLU-ProX,Dong,CS-E,TRA,2026-05-18T08:29:14.525Z,1,v2,,
1113,MMLU-ProX,vy,CS-E,TRA,2026-05-20T15:16:02.606Z,1,v2,,
1113,MMLU-ProX,Nhu,CS-E,TRA,2026-05-18T20:11:23.581Z,1,v2,,
1114,MMLU-ProX,Dong,CS-E,TRA,2026-05-18T08:29:14.525Z,1,v2,,
1114,MMLU-ProX,vy,CS-E,TRA,2026-05-20T15:16:02.606Z,1,v2,,
1114,MMLU-ProX,Nhu,CS-E,TRA,2026-05-18T20:11:23.581Z,1,v2,,
1115,MMLU-ProX,Dong,CS-E,TRA,2026-05-18T08:29:14.525Z,1,v2,,
1115,MMLU-ProX,vy,CA,TRA,2026-05-20T15:16:02.606Z,1,v2,,
1115,MMLU-ProX,Nhu,CS-E,TRA,2026-05-18T20:11:23.581Z,1,v2,,
1116,MMLU-ProX,Dong,CS-E,TRA,2026-05-18T08:29:14.525Z,1,v2,,
1116,MMLU-ProX,vy,CA,TRA,2026-05-20T15:16:02.606Z,1,v2,,
1116,MMLU-ProX,Nhu,CS-E,TRA,2026-05-18T20:11:23.581Z,1,v2,,
1117,MMLU-ProX,Dong,CS-E,TRA,2026-05-18T08:29:14.525Z,1,v2,,
1117,MMLU-ProX,vy,CS-E,TRA,2026-05-20T15:16:02.606Z,1,v2,,
1117,MMLU-ProX,Nhu,CS-E,TRA,2026-05-18T20:11:23.581Z,1,v2,,
1118,MMLU-ProX,Dong,CS-E,TRA,2026-05-18T08:29:14.525Z,1,v2,,
1118,MMLU-ProX,vy,CS-E,TRA,2026-05-20T15:16:02.606Z,1,v2,,
1118,MMLU-ProX,Nhu,CS-E,TRA,2026-05-18T20:11:23.581Z,1,v2,,
1119,MMLU-ProX,Dong,CS-E,TRA,2026-05-18T08:29:14.525Z,1,v2,,
1119,MMLU-ProX,vy,CS-E,TRA,2026-05-20T15:16:02.606Z,1,v2,,
1119,MMLU-ProX,Nhu,CS-E,TRA,2026-05-18T20:11:23.581Z,1,v2,,
1120,MMLU-ProX,Dong,CS-E,TRA,2026-05-18T08:29:14.525Z,1,v2,,
1120,MMLU-ProX,vy,CA,TRA,2026-05-20T15:16:02.606Z,1,v2,,
1120,MMLU-ProX,Nhu,CS-E,TRA,2026-05-18T20:11:23.581Z,1,v2,,
1121,MMLU-ProX,Dong,CS-E,TRA,2026-05-18T08:29:14.525Z,1,v2,,
1121,MMLU-ProX,vy,CS-E,TRA,2026-05-20T15:16:02.606Z,1,v2,,
1121,MMLU-ProX,Nhu,CS-E,TRA,2026-05-18T20:11:23.581Z,1,v2,,
1122,MMLU-ProX,Dong,CS-E,TRA,2026-05-18T08:29:14.525Z,1,v2,,
1122,MMLU-ProX,vy,CS-E,TRA,2026-05-20T15:16:02.606Z,1,v2,,
1122,MMLU-ProX,Nhu,CS-E,TRA,2026-05-18T20:11:23.581Z,1,v2,,
1123,MMLU-ProX,Dong,CS-E,TRA,2026-05-18T08:29:14.525Z,1,v2,,
1123,MMLU-ProX,vy,CS-E,TRA,2026-05-20T15:16:02.606Z,1,v2,,
1123,MMLU-ProX,Nhu,CS-E,TRA,2026-05-18T20:11:23.581Z,1,v2,,
1124,MMLU-ProX,Dong,CS-E,TRA,2026-05-18T08:29:14.525Z,1,v2,,
1124,MMLU-ProX,vy,CS-E,TRA,2026-05-20T15:16:02.606Z,1,v2,,
1124,MMLU-ProX,Nhu,CS-E,TRA,2026-05-18T20:11:23.581Z,1,v2,,
1125,MMLU-ProX,Dong,CS-E,TRA,2026-05-18T08:29:14.525Z,1,v2,,
1125,MMLU-ProX,vy,CS-E,TRA,2026-05-20T15:16:02.606Z,1,v2,,
1125,MMLU-ProX,Nhu,CS-E,TRA,2026-05-18T20:11:23.581Z,1,v2,,
1126,MMLU-ProX,Dong,CS-E,TRA,2026-05-18T08:29:14.525Z,1,v2,,
1126,MMLU-ProX,vy,CS-E,TRA,2026-05-20T15:16:02.606Z,1,v2,,
1126,MMLU-ProX,Nhu,CS-E,TRA,2026-05-18T20:11:23.581Z,1,v2,,
1127,MMLU-ProX,Dong,CS-E,TRA,2026-05-18T08:29:14.525Z,1,v2,,
1127,MMLU-ProX,vy,CS-E,TRA,2026-05-20T15:16:02.606Z,1,v2,,
1127,MMLU-ProX,Nhu,CS-E,TRA,2026-05-18T20:11:23.581Z,1,v2,,
1128,MMLU-ProX,Dong,CS-E,TRA,2026-05-18T08:29:14.525Z,1,v2,,
1128,MMLU-ProX,vy,CS-E,TRA,2026-05-20T15:16:02.606Z,1,v2,,
1128,MMLU-ProX,Nhu,CS-E,TRA,2026-05-18T20:11:23.581Z,1,v2,,
1129,MMLU-ProX,Dong,CS-E,TRA,2026-05-18T08:29:14.525Z,1,v2,,
1129,MMLU-ProX,vy,CA,TRA,2026-05-20T15:16:02.606Z,1,v2,,
1129,MMLU-ProX,Nhu,CS-E,TRA,2026-05-18T20:11:23.581Z,1,v2,,
1130,MMLU-ProX,Dong,CS-E,TRA,2026-05-18T08:29:14.525Z,1,v2,,
1130,MMLU-ProX,vy,CA,TRA,2026-05-20T15:16:02.606Z,1,v2,,
1130,MMLU-ProX,Nhu,CS-E,TRA,2026-05-18T20:11:23.581Z,1,v2,,
1131,MMLU-ProX,Dong,CS-E,TRA,2026-05-18T08:29:14.525Z,1,v2,,
1131,MMLU-ProX,vy,CS-E,TRA,2026-05-20T15:16:02.606Z,1,v2,,
1131,MMLU-ProX,Nhu,CS-E,TRA,2026-05-18T20:11:23.581Z,1,v2,,
1132,MMLU-ProX,Dong,CS-E,TRA,2026-05-18T08:29:14.525Z,1,v2,,
1132,MMLU-ProX,vy,CA,TRA,2026-05-20T15:16:02.606Z,1,v2,,
1132,MMLU-ProX,Nhu,CS-E,TRA,2026-05-18T20:11:23.581Z,1,v2,,
1133,MMLU-ProX,Dong,CS-E,TRA,2026-05-18T08:29:14.525Z,1,v2,,
1133,MMLU-ProX,vy,CS-E,TRA,2026-05-20T15:16:02.606Z,1,v2,,
1133,MMLU-ProX,Nhu,CS-E,TRA,2026-05-18T20:11:23.581Z,1,v2,,
1134,MMLU-ProX,Dong,CA,TRA,2026-05-18T08:29:14.525Z,1,v2,,
1134,MMLU-ProX,vy,CS-E,TRA,2026-05-20T15:16:02.606Z,1,v2,,
1134,MMLU-ProX,Nhu,CS-E,TRA,2026-05-18T20:11:23.581Z,1,v2,,
1135,MMLU-ProX,Dong,CS-E,TRA,2026-05-18T08:29:14.525Z,1,v2,,
1135,MMLU-ProX,vy,CA,TRA,2026-05-20T15:16:02.606Z,1,v2,,
1135,MMLU-ProX,Nhu,CS-E,TRA,2026-05-18T20:11:23.581Z,1,v2,,
1136,MMLU-ProX,Dong,CS-E,TRA,2026-05-18T08:29:14.525Z,1,v2,,
1136,MMLU-ProX,vy,CS-E,TRA,2026-05-20T15:16:02.606Z,1,v2,,
1136,MMLU-ProX,Nhu,CS-E,TRA,2026-05-18T20:11:23.581Z,1,v2,,
1137,MMLU-ProX,Dong,CS-E,TRA,2026-05-18T08:29:14.525Z,1,v2,,
1137,MMLU-ProX,vy,CS-E,TRA,2026-05-20T15:16:02.606Z,1,v2,,
1137,MMLU-ProX,Nhu,CS-E,TRA,2026-05-18T20:11:23.581Z,1,v2,,
1138,MMLU-ProX,Dong,CS-E,TRA,2026-05-18T08:29:14.525Z,1,v2,,
1138,MMLU-ProX,vy,CS-E,TRA,2026-05-20T15:16:02.606Z,1,v2,,
1138,MMLU-ProX,Nhu,CS-E,TRA,2026-05-18T20:11:23.581Z,1,v2,,
1139,MMLU-ProX,Dong,CS-E,TRA,2026-05-18T08:29:14.525Z,1,v2,,
1139,MMLU-ProX,vy,CS-E,TRA,2026-05-20T15:16:02.606Z,1,v2,,
1139,MMLU-ProX,Nhu,CS-E,TRA,2026-05-18T20:11:23.581Z,1,v2,,
1140,MMLU-ProX,Dong,CS-E,TRA,2026-05-18T08:29:14.525Z,1,v2,,
1140,MMLU-ProX,vy,CS-E,TRA,2026-05-20T15:16:02.606Z,1,v2,,
1140,MMLU-ProX,Nhu,CS-E,TRA,2026-05-18T20:11:23.581Z,1,v2,,
1141,MMLU-ProX,Dong,CS-E,TRA,2026-05-18T08:29:14.525Z,1,v2,,
1141,MMLU-ProX,vy,CS-E,TRA,2026-05-20T15:16:02.606Z,1,v2,,
1141,MMLU-ProX,Nhu,CS-E,TRA,2026-05-18T20:11:23.581Z,1,v2,,
1142,MMLU-ProX,Dong,CS-E,TRA,2026-05-18T08:29:14.525Z,1,v2,,
1142,MMLU-ProX,vy,CS-E,TRA,2026-05-20T15:16:02.606Z,1,v2,,
1142,MMLU-ProX,Nhu,CS-E,TRA,2026-05-18T20:11:23.581Z,1,v2,,
1143,MMLU-ProX,Dong,CS-E,TRA,2026-05-18T08:29:14.525Z,1,v2,,
1143,MMLU-ProX,vy,CS-E,TRA,2026-05-20T15:16:02.606Z,1,v2,,
1143,MMLU-ProX,Nhu,CS-E,TRA,2026-05-18T20:11:23.581Z,1,v2,,
1144,MMLU-ProX,Dong,CS-E,TRA,2026-05-18T08:29:14.525Z,1,v2,,
1144,MMLU-ProX,vy,CS-E,TRA,2026-05-20T15:16:02.606Z,1,v2,,
1144,MMLU-ProX,Nhu,CS-E,TRA,2026-05-18T20:11:23.581Z,1,v2,,
1145,MMLU-ProX,Dong,CS-E,TRA,2026-05-18T08:29:14.525Z,1,v2,,
1145,MMLU-ProX,vy,CS-E,TRA,2026-05-20T15:16:02.606Z,1,v2,,
1145,MMLU-ProX,Nhu,CS-E,TRA,2026-05-18T20:11:23.581Z,1,v2,,
1146,MMLU-ProX,Dong,CS-E,TRA,2026-05-18T08:29:14.525Z,1,v2,,
1146,MMLU-ProX,vy,CS-E,TRA,2026-05-20T15:16:02.606Z,1,v2,,
1146,MMLU-ProX,Nhu,CS-E,TRA,2026-05-18T20:11:23.581Z,1,v2,,
1147,MMLU-ProX,Dong,CA,TRA,2026-05-18T08:29:14.525Z,1,v2,,
1147,MMLU-ProX,vy,CA,TRA,2026-05-20T15:16:02.606Z,1,v2,,
1147,MMLU-ProX,Nhu,CA,TRA,2026-05-18T20:11:23.581Z,1,v2,,
1148,MMLU-ProX,Dong,CA,TRA,2026-05-18T08:29:14.525Z,1,v2,,
1148,MMLU-ProX,vy,CS-E,TRA,2026-05-20T15:16:02.606Z,1,v2,,
1148,MMLU-ProX,Nhu,CA,TRA,2026-05-18T20:11:23.581Z,1,v2,,
1149,MMLU-ProX,Dong,CA,TRA,2026-05-18T08:29:14.525Z,1,v2,,
1149,MMLU-ProX,vy,CA,TRA,2026-05-20T15:16:02.606Z,1,v2,,
1149,MMLU-ProX,Nhu,CA,TRA,2026-05-18T20:11:23.581Z,1,v2,,
1150,MMLU-ProX,Dong,CS-E,TRA,2026-05-18T08:29:14.525Z,1,v2,,
1150,MMLU-ProX,vy,CS-E,TRA,2026-05-20T15:16:02.606Z,1,v2,,
1150,MMLU-ProX,Nhu,CS-E,TRA,2026-05-18T20:11:23.581Z,1,v2,,
1151,MMLU-ProX,Dong,CS-E,TRA,2026-05-18T08:29:14.525Z,1,v2,,
1151,MMLU-ProX,vy,CA,TRA,2026-05-20T15:16:02.606Z,1,v2,,
1151,MMLU-ProX,Nhu,CS-E,TRA,2026-05-18T20:11:23.581Z,1,v2,,
1152,MMLU-ProX,Dong,CS-E,TRA,2026-05-18T08:29:14.525Z,1,v2,,
1152,MMLU-ProX,vy,CS-E,TRA,2026-05-20T15:16:02.606Z,1,v2,,
1152,MMLU-ProX,Nhu,CS-E,TRA,2026-05-18T20:11:23.581Z,1,v2,,
1153,MMLU-ProX,Dong,CS-E,TRA,2026-05-18T08:29:14.525Z,1,v2,,
1153,MMLU-ProX,vy,CS-E,TRA,2026-05-20T15:16:02.606Z,1,v2,,
1153,MMLU-ProX,Nhu,CS-E,TRA,2026-05-18T20:11:23.581Z,1,v2,,
1154,MMLU-ProX,Dong,CS-E,TRA,2026-05-18T08:29:14.525Z,1,v2,,
1154,MMLU-ProX,vy,CS-E,TRA,2026-05-20T15:16:02.606Z,1,v2,,
1154,MMLU-ProX,Nhu,CS-E,TRA,2026-05-18T20:11:23.581Z,1,v2,,
1155,MMLU-ProX,Dong,CS-E,TRA,2026-05-18T08:29:14.525Z,1,v2,,
1155,MMLU-ProX,vy,CS-E,TRA,2026-05-20T15:16:02.606Z,1,v2,,
1155,MMLU-ProX,Nhu,CS-E,TRA,2026-05-18T20:11:23.581Z,1,v2,,
1156,MMLU-ProX,Dong,CS-E,TRA,2026-05-18T08:29:14.525Z,1,v2,,
1156,MMLU-ProX,vy,CS-E,TRA,2026-05-20T15:16:02.606Z,1,v2,,
1156,MMLU-ProX,Nhu,CS-E,TRA,2026-05-18T20:11:23.581Z,1,v2,,
1157,MMLU-ProX,Dong,CS-E,TRA,2026-05-18T08:29:14.525Z,1,v2,,
1157,MMLU-ProX,vy,CS-E,TRA,2026-05-20T15:16:02.606Z,1,v2,,
1157,MMLU-ProX,Nhu,CS-E,TRA,2026-05-18T20:11:23.581Z,1,v2,,
1158,MMLU-ProX,Dong,CS-E,TRA,2026-05-18T08:29:14.525Z,1,v2,,
1158,MMLU-ProX,vy,CA,TRA,2026-05-20T15:16:02.606Z,1,v2,,
1158,MMLU-ProX,Nhu,CS-E,TRA,2026-05-18T20:11:23.581Z,1,v2,,
1159,MMLU-ProX,Dong,CS-E,TRA,2026-05-19T03:08:03.033Z,1,v2,,
1159,MMLU-ProX,vy,CA,TRA,2026-05-20T15:16:02.606Z,1,v2,,
1159,MMLU-ProX,Nhu,CS-E,TRA,2026-05-18T20:11:23.582Z,1,v2,,
1160,MMLU-ProX,Dong,CS-E,TRA,2026-05-19T03:08:03.033Z,1,v2,,
1160,MMLU-ProX,vy,CS-E,TRA,2026-05-20T15:16:02.606Z,1,v2,,
1160,MMLU-ProX,Nhu,CS-E,TRA,2026-05-18T20:11:23.582Z,1,v2,,
1161,MMLU-ProX,Dong,CS-E,TRA,2026-05-19T03:08:03.033Z,1,v2,,
1161,MMLU-ProX,vy,CA,TRA,2026-05-20T15:16:02.606Z,1,v2,,
1161,MMLU-ProX,Nhu,CS-E,TRA,2026-05-18T20:11:23.582Z,1,v2,,
1162,MMLU-ProX,Dong,CS-E,TRA,2026-05-19T03:08:03.033Z,1,v2,,
1162,MMLU-ProX,vy,CS-E,TRA,2026-05-20T15:16:02.606Z,1,v2,,
1162,MMLU-ProX,Nhu,CS-E,TRA,2026-05-18T20:11:23.582Z,1,v2,,
1163,MMLU-ProX,Dong,CS-E,TRA,2026-05-19T03:08:03.033Z,1,v2,,
1163,MMLU-ProX,vy,CS-E,TRA,2026-05-20T15:16:02.606Z,1,v2,,
1163,MMLU-ProX,Nhu,CS-E,TRA,2026-05-18T20:11:23.582Z,1,v2,,
1164,MMLU-ProX,Dong,CS-E,TRA,2026-05-19T03:08:03.033Z,1,v2,,
1164,MMLU-ProX,vy,CA,TRA,2026-05-20T15:16:02.606Z,1,v2,,
1164,MMLU-ProX,Nhu,CS-E,TRA,2026-05-18T20:11:23.582Z,1,v2,,
1165,MMLU-ProX,Dong,CS-E,TRA,2026-05-19T03:08:03.033Z,1,v2,,
1165,MMLU-ProX,vy,CS-E,TRA,2026-05-20T15:16:02.606Z,1,v2,,
1165,MMLU-ProX,Nhu,CS-E,TRA,2026-05-18T20:11:23.582Z,1,v2,,
1166,MMLU-ProX,Dong,CS-E,TRA,2026-05-19T03:08:03.033Z,1,v2,,
1166,MMLU-ProX,vy,CS-E,TRA,2026-05-20T15:16:02.606Z,1,v2,,
1166,MMLU-ProX,Nhu,CS-E,TRA,2026-05-18T20:11:23.582Z,1,v2,,
1167,MMLU-ProX,Dong,CS-E,TRA,2026-05-19T03:08:03.033Z,1,v2,,
1167,MMLU-ProX,vy,CA,TRA,2026-05-20T15:16:02.606Z,1,v2,,
1167,MMLU-ProX,Nhu,CS-E,TRA,2026-05-18T20:11:23.582Z,1,v2,,
1168,MMLU-ProX,Dong,CS-E,TRA,2026-05-19T03:08:03.033Z,1,v2,,
1168,MMLU-ProX,vy,CS-E,TRA,2026-05-20T15:16:02.606Z,1,v2,,
1168,MMLU-ProX,Nhu,CS-E,TRA,2026-05-18T20:11:23.582Z,1,v2,,
1169,MMLU-ProX,Dong,CS-E,TRA,2026-05-19T03:08:03.033Z,1,v2,,
1169,MMLU-ProX,vy,CS-E,TRA,2026-05-20T15:16:02.606Z,1,v2,,
1169,MMLU-ProX,Nhu,CS-E,TRA,2026-05-18T20:11:23.582Z,1,v2,,
1170,MMLU-ProX,Dong,CS-E,TRA,2026-05-19T03:08:03.033Z,1,v2,,
1170,MMLU-ProX,vy,CA,TRA,2026-05-20T15:16:02.606Z,1,v2,,
1170,MMLU-ProX,Nhu,CS-E,TRA,2026-05-18T20:11:23.582Z,1,v2,,
1171,MMLU-ProX,Dong,CS-E,TRA,2026-05-19T03:08:03.033Z,1,v2,,
1171,MMLU-ProX,vy,CS-E,TRA,2026-05-20T15:16:02.606Z,1,v2,,
1171,MMLU-ProX,Nhu,CS-E,TRA,2026-05-18T20:11:23.582Z,1,v2,,
1172,MMLU-ProX,Dong,CS-E,TRA,2026-05-19T03:08:03.033Z,1,v2,,
1172,MMLU-ProX,vy,CS-E,TRA,2026-05-20T15:16:02.606Z,1,v2,,
1172,MMLU-ProX,Nhu,CS-E,TRA,2026-05-18T20:11:23.582Z,1,v2,,
1173,MMLU-ProX,Dong,CS-E,TRA,2026-05-19T03:08:03.033Z,1,v2,,
1173,MMLU-ProX,vy,CS-E,TRA,2026-05-20T15:16:02.606Z,1,v2,,
1173,MMLU-ProX,Nhu,CS-E,TRA,2026-05-18T20:11:23.582Z,1,v2,,
1174,MMLU-ProX,Dong,CS-E,TRA,2026-05-19T03:08:03.033Z,1,v2,,
1174,MMLU-ProX,vy,CS-E,TRA,2026-05-20T15:16:02.606Z,1,v2,,
1174,MMLU-ProX,Nhu,CS-E,TRA,2026-05-18T20:11:23.582Z,1,v2,,
1175,MMLU-ProX,Dong,CS-E,TRA,2026-05-19T03:08:03.033Z,1,v2,,
1175,MMLU-ProX,vy,CS-E,TRA,2026-05-20T15:16:02.606Z,1,v2,,
1175,MMLU-ProX,Nhu,CS-E,TRA,2026-05-18T20:11:23.582Z,1,v2,,
1176,MMLU-ProX,Dong,CS-E,TRA,2026-05-19T03:08:03.033Z,1,v2,,
1176,MMLU-ProX,vy,CS-E,TRA,2026-05-20T15:16:02.606Z,1,v2,,
1176,MMLU-ProX,Nhu,CS-E,TRA,2026-05-18T20:11:23.582Z,1,v2,,
1177,MMLU-ProX,Dong,CS-E,TRA,2026-05-19T03:08:03.033Z,1,v2,,
1177,MMLU-ProX,vy,CS-E,TRA,2026-05-20T15:16:02.606Z,1,v2,,
1177,MMLU-ProX,Nhu,CS-E,TRA,2026-05-18T20:11:23.582Z,1,v2,,
1178,MMLU-ProX,Dong,CS-E,TRA,2026-05-19T03:08:03.033Z,1,v2,,
1178,MMLU-ProX,vy,CS-E,TRA,2026-05-20T15:16:02.606Z,1,v2,,
1178,MMLU-ProX,Nhu,CS-E,TRA,2026-05-18T20:11:23.582Z,1,v2,,
1179,MMLU-ProX,Dong,CS-E,TRA,2026-05-19T03:08:03.033Z,1,v2,,
1179,MMLU-ProX,vy,CS-E,TRA,2026-05-20T15:16:02.606Z,1,v2,,
1179,MMLU-ProX,Nhu,CS-E,TRA,2026-05-18T20:11:23.582Z,1,v2,,
1180,MMLU-ProX,Dong,CS-E,TRA,2026-05-19T03:08:03.033Z,1,v2,,
1180,MMLU-ProX,vy,CA,TRA,2026-05-20T15:16:02.606Z,1,v2,,
1180,MMLU-ProX,Nhu,CS-E,TRA,2026-05-18T20:11:23.582Z,1,v2,,
1181,MMLU-ProX,Dong,CS-E,TRA,2026-05-19T03:08:03.033Z,1,v2,,
1181,MMLU-ProX,vy,CS-E,TRA,2026-05-20T15:16:02.606Z,1,v2,,
1181,MMLU-ProX,Nhu,CS-E,TRA,2026-05-18T20:11:23.582Z,1,v2,,
1182,MMLU-ProX,Dong,CS-E,TRA,2026-05-19T03:08:03.033Z,1,v2,,
1182,MMLU-ProX,vy,CS-E,TRA,2026-05-20T15:16:02.606Z,1,v2,,
1182,MMLU-ProX,Nhu,CS-E,TRA,2026-05-18T20:11:23.582Z,1,v2,,
1183,MMLU-ProX,Dong,CS-E,TRA,2026-05-19T03:08:03.033Z,1,v2,,
1183,MMLU-ProX,vy,CS-E,TRA,2026-05-20T15:16:02.606Z,1,v2,,
1183,MMLU-ProX,Nhu,CS-E,TRA,2026-05-18T20:11:23.582Z,1,v2,,
1184,MMLU-ProX,Dong,CS-E,TRA,2026-05-19T03:08:03.033Z,1,v2,,
1184,MMLU-ProX,vy,CS-E,TRA,2026-05-20T15:16:02.606Z,1,v2,,
1184,MMLU-ProX,Nhu,CS-E,TRA,2026-05-18T20:11:23.582Z,1,v2,,
1185,MMLU-ProX,Dong,CS-E,TRA,2026-05-19T03:08:03.033Z,1,v2,,
1185,MMLU-ProX,vy,CA,TRA,2026-05-20T15:16:02.606Z,1,v2,,
1185,MMLU-ProX,Nhu,CS-E,TRA,2026-05-18T20:11:23.582Z,1,v2,,
1186,MMLU-ProX,Dong,CS-E,TRA,2026-05-19T03:08:03.033Z,1,v2,,
1186,MMLU-ProX,vy,CS-E,TRA,2026-05-20T15:16:02.606Z,1,v2,,
1186,MMLU-ProX,Nhu,CS-E,TRA,2026-05-18T20:11:23.582Z,1,v2,,
1187,MMLU-ProX,Dong,CS-E,TRA,2026-05-19T03:08:03.033Z,1,v2,,
1187,MMLU-ProX,vy,CS-E,TRA,2026-05-20T15:16:02.606Z,1,v2,,
1187,MMLU-ProX,Nhu,CS-E,TRA,2026-05-18T20:11:23.582Z,1,v2,,
1188,MMLU-ProX,Dong,CS-E,TRA,2026-05-19T03:08:03.033Z,1,v2,,
1188,MMLU-ProX,vy,CA,TRA,2026-05-20T15:16:02.606Z,1,v2,,
1188,MMLU-ProX,Nhu,CS-E,TRA,2026-05-18T20:11:23.582Z,1,v2,,
1189,MMLU-ProX,Dong,CS-E,TRA,2026-05-19T03:08:03.033Z,1,v2,,
1189,MMLU-ProX,vy,CS-E,TRA,2026-05-20T15:16:02.606Z,1,v2,,
1189,MMLU-ProX,Nhu,CS-E,TRA,2026-05-18T20:11:23.582Z,1,v2,,
1190,MMLU-ProX,Dong,CS-E,TRA,2026-05-19T03:08:03.033Z,1,v2,,
1190,MMLU-ProX,vy,CS-E,TRA,2026-05-20T15:16:02.606Z,1,v2,,
1190,MMLU-ProX,Nhu,CS-E,TRA,2026-05-18T20:11:23.582Z,1,v2,,
1191,MMLU-ProX,Dong,CS-E,TRA,2026-05-19T03:08:03.033Z,1,v2,,
1191,MMLU-ProX,vy,CS-E,TRA,2026-05-20T15:16:02.606Z,1,v2,,
1191,MMLU-ProX,Nhu,CS-E,TRA,2026-05-18T20:11:23.582Z,1,v2,,
1192,MMLU-ProX,Dong,CS-E,TRA,2026-05-19T03:08:03.033Z,1,v2,,
1192,MMLU-ProX,vy,CS-E,TRA,2026-05-20T15:16:02.606Z,1,v2,,
1192,MMLU-ProX,Nhu,CS-E,TRA,2026-05-18T20:11:23.582Z,1,v2,,
1193,MMLU-ProX,Dong,CS-E,TRA,2026-05-19T03:08:03.033Z,1,v2,,
1193,MMLU-ProX,vy,CS-E,TRA,2026-05-20T15:16:02.606Z,1,v2,,
1193,MMLU-ProX,Nhu,CS-E,TRA,2026-05-18T20:11:23.582Z,1,v2,,
1194,MMLU-ProX,Dong,CS-E,TRA,2026-05-19T03:08:03.033Z,1,v2,,
1194,MMLU-ProX,vy,CS-E,TRA,2026-05-20T15:16:02.606Z,1,v2,,
1194,MMLU-ProX,Nhu,CS-E,TRA,2026-05-18T20:11:23.582Z,1,v2,,
1195,MMLU-ProX,Dong,CS-E,TRA,2026-05-19T03:08:03.033Z,1,v2,,
1195,MMLU-ProX,vy,CS-E,TRA,2026-05-20T15:16:02.606Z,1,v2,,
1195,MMLU-ProX,Nhu,CS-E,TRA,2026-05-18T20:11:23.582Z,1,v2,,
1196,MMLU-ProX,Dong,CS-E,TRA,2026-05-19T03:08:03.033Z,1,v2,,
1196,MMLU-ProX,vy,CS-E,TRA,2026-05-20T15:16:02.606Z,1,v2,,
1196,MMLU-ProX,Nhu,CS-E,TRA,2026-05-18T20:11:23.582Z,1,v2,,
1197,MMLU-ProX,Dong,CS-E,TRA,2026-05-19T03:08:03.033Z,1,v2,,
1197,MMLU-ProX,vy,CA,TRA,2026-05-20T15:16:02.606Z,1,v2,,
1197,MMLU-ProX,Nhu,CS-E,TRA,2026-05-18T20:11:23.582Z,1,v2,,
1198,MMLU-ProX,Dong,CS-E,TRA,2026-05-19T03:08:03.033Z,1,v2,,
1198,MMLU-ProX,vy,CA,TRA,2026-05-20T15:16:02.606Z,1,v2,,
1198,MMLU-ProX,Nhu,CS-E,TRA,2026-05-18T20:11:23.582Z,1,v2,,
1199,MMLU-ProX,Dong,CS-E,TRA,2026-05-19T03:08:03.033Z,1,v2,,
1199,MMLU-ProX,vy,CA,TRA,2026-05-20T15:16:02.606Z,1,v2,,
1199,MMLU-ProX,Nhu,CS-E,TRA,2026-05-18T20:11:23.582Z,1,v2,,
1200,MMLU-ProX,Dong,CS-E,TRA,2026-05-19T03:08:03.033Z,1,v2,,
1200,MMLU-ProX,vy,CS-E,TRA,2026-05-20T15:16:02.606Z,1,v2,,
1200,MMLU-ProX,Nhu,CS-E,TRA,2026-05-18T20:11:23.582Z,1,v2,,
1201,MMLU-ProX,Dong,CS-E,TRA,2026-05-19T03:08:03.033Z,1,v2,,
1201,MMLU-ProX,vy,CS-E,TRA,2026-05-20T15:16:02.606Z,1,v2,,
1201,MMLU-ProX,Nhu,CS-E,TRA,2026-05-18T20:11:23.582Z,1,v2,,
1202,MMLU-ProX,Dong,CS-E,TRA,2026-05-19T03:08:03.033Z,1,v2,,
1202,MMLU-ProX,vy,CA,TRA,2026-05-20T15:16:02.606Z,1,v2,,
1202,MMLU-ProX,Nhu,CS-E,TRA,2026-05-18T20:11:23.582Z,1,v2,,
1203,MMLU-ProX,Dong,CS-E,TRA,2026-05-19T03:08:03.033Z,1,v2,,
1203,MMLU-ProX,vy,CA,TRA,2026-05-20T15:16:02.606Z,1,v2,,
1203,MMLU-ProX,Nhu,CS-E,TRA,2026-05-18T20:11:23.582Z,1,v2,,
1204,MMLU-ProX,Dong,CS-E,TRA,2026-05-19T03:08:03.033Z,1,v2,,
1204,MMLU-ProX,vy,CS-E,TRA,2026-05-20T15:16:02.606Z,1,v2,,
1204,MMLU-ProX,Nhu,CS-E,TRA,2026-05-18T20:11:23.582Z,1,v2,,
1205,MMLU-ProX,Dong,CS-E,TRA,2026-05-19T03:08:03.033Z,1,v2,,
1205,MMLU-ProX,vy,CS-E,TRA,2026-05-20T15:16:02.606Z,1,v2,,
1205,MMLU-ProX,Nhu,CS-E,TRA,2026-05-18T20:11:23.582Z,1,v2,,
1206,MMLU-ProX,Dong,CS-E,TRA,2026-05-19T03:08:03.033Z,1,v2,,
1206,MMLU-ProX,vy,CA,TRA,2026-05-20T15:16:02.606Z,1,v2,,
1206,MMLU-ProX,Nhu,CS-E,TRA,2026-05-18T20:11:23.582Z,1,v2,,
1207,MMLU-ProX,Dong,CS-E,TRA,2026-05-19T03:08:03.033Z,1,v2,,
1207,MMLU-ProX,vy,CS-E,TRA,2026-05-20T15:16:02.606Z,1,v2,,
1207,MMLU-ProX,Nhu,CS-E,TRA,2026-05-18T20:11:23.582Z,1,v2,,
1208,MMLU-ProX,Dong,CS-E,TRA,2026-05-19T03:08:03.033Z,1,v2,,
1208,MMLU-ProX,vy,CS-E,TRA,2026-05-20T15:16:02.606Z,1,v2,,
1208,MMLU-ProX,Nhu,CS-E,TRA,2026-05-18T20:11:23.582Z,1,v2,,
1209,MMLU-ProX,Dong,CS-E,TRA,2026-05-19T03:08:03.033Z,1,v2,,
1209,MMLU-ProX,vy,CS-E,TRA,2026-05-20T15:16:02.606Z,1,v2,,
1209,MMLU-ProX,Nhu,CS-E,TRA,2026-05-18T20:11:23.582Z,1,v2,,
1210,MMLU-ProX,Dong,CS-E,TRA,2026-05-19T03:08:03.033Z,1,v2,,
1210,MMLU-ProX,vy,CS-E,TRA,2026-05-20T15:16:02.606Z,1,v2,,
1210,MMLU-ProX,Nhu,CS-E,TRA,2026-05-18T20:11:23.582Z,1,v2,,
1211,MMLU-ProX,Dong,CS-E,TRA,2026-05-19T03:08:03.033Z,1,v2,,
1211,MMLU-ProX,vy,CS-E,TRA,2026-05-20T15:16:02.606Z,1,v2,,
1211,MMLU-ProX,Nhu,CS-E,TRA,2026-05-18T20:11:23.582Z,1,v2,,
1212,MMLU-ProX,Dong,CS-E,TRA,2026-05-19T03:08:03.033Z,1,v2,,
1212,MMLU-ProX,vy,CS-E,TRA,2026-05-20T15:16:02.606Z,1,v2,,
1212,MMLU-ProX,Nhu,CS-E,TRA,2026-05-18T20:11:23.582Z,1,v2,,
1213,MMLU-ProX,Dong,CS-E,TRA,2026-05-19T03:08:03.033Z,1,v2,,
1213,MMLU-ProX,vy,CS-E,TRA,2026-05-20T15:16:02.606Z,1,v2,,
1213,MMLU-ProX,Nhu,CS-E,TRA,2026-05-18T20:11:23.582Z,1,v2,,
1214,MMLU-ProX,Dong,CS-E,TRA,2026-05-19T03:08:03.033Z,1,v2,,
1214,MMLU-ProX,vy,CA,TRA,2026-05-20T15:16:02.606Z,1,v2,,
1214,MMLU-ProX,Nhu,CS-E,TRA,2026-05-18T20:11:23.582Z,1,v2,,
1215,MMLU-ProX,Dong,CS-E,TRA,2026-05-19T03:08:03.033Z,1,v2,,
1215,MMLU-ProX,vy,CS-E,TRA,2026-05-20T15:16:02.606Z,1,v2,,
1215,MMLU-ProX,Nhu,CS-E,TRA,2026-05-18T20:11:23.582Z,1,v2,,
1216,MMLU-ProX,Dong,CS-E,TRA,2026-05-19T03:08:03.033Z,1,v2,,
1216,MMLU-ProX,vy,CS-E,TRA,2026-05-20T15:16:02.607Z,1,v2,,
1216,MMLU-ProX,Nhu,CS-E,TRA,2026-05-18T20:11:23.582Z,1,v2,,
1217,MMLU-ProX,Dong,CS-E,TRA,2026-05-19T03:08:03.033Z,1,v2,,
1217,MMLU-ProX,vy,CA,TRA,2026-05-20T15:16:02.607Z,1,v2,,
1217,MMLU-ProX,Nhu,CS-E,TRA,2026-05-18T20:11:23.582Z,1,v2,,
1218,MMLU-ProX,Dong,CS-E,TRA,2026-05-19T03:08:03.033Z,1,v2,,
1218,MMLU-ProX,vy,CS-E,TRA,2026-05-20T15:16:02.607Z,1,v2,,
1218,MMLU-ProX,Nhu,CS-E,TRA,2026-05-18T20:11:23.582Z,1,v2,,
1219,MMLU-ProX,Dong,CS-E,TRA,2026-05-19T03:08:03.033Z,1,v2,,
1219,MMLU-ProX,vy,CS-E,TRA,2026-05-20T15:16:02.607Z,1,v2,,
1219,MMLU-ProX,Nhu,CS-E,TRA,2026-05-18T20:11:23.582Z,1,v2,,
1220,MMLU-ProX,Dong,CS-E,TRA,2026-05-19T03:08:03.033Z,1,v2,,
1220,MMLU-ProX,vy,CS-E,TRA,2026-05-20T15:16:02.607Z,1,v2,,
1220,MMLU-ProX,Nhu,CS-E,TRA,2026-05-18T20:11:23.582Z,1,v2,,
1221,MMLU-ProX,Dong,CS-E,TRA,2026-05-19T03:08:03.033Z,1,v2,,
1221,MMLU-ProX,vy,CS-E,TRA,2026-05-20T15:16:02.607Z,1,v2,,
1221,MMLU-ProX,Nhu,CS-E,TRA,2026-05-18T20:11:23.582Z,1,v2,,
1222,MMLU-ProX,Dong,CS-E,TRA,2026-05-19T03:08:03.033Z,1,v2,,
1222,MMLU-ProX,vy,CA,TRA,2026-05-20T15:16:02.607Z,1,v2,,
1222,MMLU-ProX,Nhu,CS-E,TRA,2026-05-18T20:11:23.582Z,1,v2,,
1223,MMLU-ProX,Dong,CS-E,TRA,2026-05-19T03:08:03.033Z,1,v2,,
1223,MMLU-ProX,vy,CS-E,TRA,2026-05-20T15:16:02.607Z,1,v2,,
1223,MMLU-ProX,Nhu,CS-E,TRA,2026-05-18T20:11:23.582Z,1,v2,,
1224,MMLU-ProX,Dong,CS-E,TRA,2026-05-19T03:08:03.033Z,1,v2,,
1224,MMLU-ProX,vy,CS-E,TRA,2026-05-20T15:16:02.607Z,1,v2,,
1224,MMLU-ProX,Nhu,CS-E,TRA,2026-05-18T20:11:23.582Z,1,v2,,
1225,MMLU-ProX,Dong,CS-E,TRA,2026-05-19T03:08:03.033Z,1,v2,,
1225,MMLU-ProX,vy,CS-E,TRA,2026-05-20T15:16:02.607Z,1,v2,,
1225,MMLU-ProX,Nhu,CS-E,TRA,2026-05-18T20:11:23.582Z,1,v2,,
1226,MMLU-ProX,Dong,CA,TRA,2026-05-19T03:08:03.033Z,1,v2,,
1226,MMLU-ProX,vy,CA,TRA,2026-05-20T15:16:02.607Z,1,v2,,
1226,MMLU-ProX,Nhu,CS-E,TRA,2026-05-18T20:11:23.582Z,1,v2,,
1227,MMLU-ProX,Dong,CA,TRA,2026-05-19T03:08:03.033Z,1,v2,,
1227,MMLU-ProX,vy,CA,TRA,2026-05-20T15:16:02.607Z,1,v2,,
1227,MMLU-ProX,Nhu,CS-E,TRA,2026-05-18T20:11:23.582Z,1,v2,,
1228,MMLU-ProX,Dong,CS-E,TRA,2026-05-19T03:08:03.033Z,1,v2,,
1228,MMLU-ProX,vy,CA,TRA,2026-05-20T15:16:02.607Z,1,v2,,
1228,MMLU-ProX,Nhu,CS-E,TRA,2026-05-18T20:11:23.582Z,1,v2,,
1229,MMLU-ProX,Dong,CA,TRA,2026-05-19T03:08:03.033Z,1,v2,,
1229,MMLU-ProX,vy,CS-E,TRA,2026-05-20T15:16:02.607Z,1,v2,,
1229,MMLU-ProX,Nhu,CS-E,TRA,2026-05-18T20:11:23.582Z,1,v2,,
1230,MMLU-ProX,Dong,CS-E,TRA,2026-05-19T03:08:03.033Z,1,v2,,
1230,MMLU-ProX,vy,CS-E,TRA,2026-05-20T15:16:02.607Z,1,v2,,
1230,MMLU-ProX,Nhu,CS-E,TRA,2026-05-18T20:11:23.582Z,1,v2,,
1231,MMLU-ProX,Dong,CA,TRA,2026-05-19T03:08:03.033Z,1,v2,,
1231,MMLU-ProX,vy,CS-E,TRA,2026-05-20T15:16:02.607Z,1,v2,,
1231,MMLU-ProX,Nhu,CS-E,TRA,2026-05-18T20:11:23.582Z,1,v2,,
1232,MMLU-ProX,Dong,CA,TRA,2026-05-19T03:08:03.033Z,1,v2,,
1232,MMLU-ProX,vy,CS-E,TRA,2026-05-20T15:16:02.607Z,1,v2,,
1232,MMLU-ProX,Nhu,CS-E,TRA,2026-05-18T20:11:23.582Z,1,v2,,
1233,MMLU-ProX,Dong,CA,TRA,2026-05-19T03:08:03.033Z,1,v2,,
1233,MMLU-ProX,vy,CS-H,TRA,2026-05-20T15:16:02.607Z,1,v2,,
1233,MMLU-ProX,Nhu,CS-H,TRA,2026-05-18T20:11:23.582Z,1,v2,,
1234,MMLU-ProX,Dong,CS-E,TRA,2026-05-19T03:08:03.033Z,1,v2,,
1234,MMLU-ProX,vy,CS-E,TRA,2026-05-20T15:16:02.607Z,1,v2,,
1234,MMLU-ProX,Nhu,CS-E,TRA,2026-05-18T20:11:23.582Z,1,v2,,
1235,MMLU-ProX,Dong,CS-E,TRA,2026-05-19T03:08:03.033Z,1,v2,,
1235,MMLU-ProX,vy,CA,TRA,2026-05-20T15:16:02.607Z,1,v2,,
1235,MMLU-ProX,Nhu,CS-E,TRA,2026-05-18T20:11:23.582Z,1,v2,,
1236,MMLU-ProX,Dong,CS-E,TRA,2026-05-19T03:08:03.033Z,1,v2,,
1236,MMLU-ProX,vy,CS-E,TRA,2026-05-20T15:16:02.607Z,1,v2,,
1236,MMLU-ProX,Nhu,CS-E,TRA,2026-05-18T20:11:23.582Z,1,v2,,
1237,MMLU-ProX,Dong,CS-E,TRA,2026-05-19T03:08:03.033Z,1,v2,,
1237,MMLU-ProX,vy,CS-E,TRA,2026-05-20T15:16:02.607Z,1,v2,,
1237,MMLU-ProX,Nhu,CS-E,TRA,2026-05-18T20:11:23.582Z,1,v2,,
1238,MMLU-ProX,Dong,CS-E,TRA,2026-05-19T03:08:03.033Z,1,v2,,
1238,MMLU-ProX,vy,CS-E,TRA,2026-05-20T15:16:02.607Z,1,v2,,
1238,MMLU-ProX,Nhu,CS-E,TRA,2026-05-18T20:11:23.582Z,1,v2,,
1239,MMLU-ProX,Dong,CS-E,TRA,2026-05-19T03:08:03.033Z,1,v2,,
1239,MMLU-ProX,vy,CS-E,TRA,2026-05-20T15:16:02.607Z,1,v2,,
1239,MMLU-ProX,Nhu,CS-E,TRA,2026-05-18T20:11:23.582Z,1,v2,,
1240,MMLU-ProX,Dong,CS-E,TRA,2026-05-19T03:08:03.033Z,1,v2,,
1240,MMLU-ProX,vy,CS-E,TRA,2026-05-20T15:16:02.607Z,1,v2,,
1240,MMLU-ProX,Nhu,CS-E,TRA,2026-05-18T20:11:23.582Z,1,v2,,
1241,MMLU-ProX,Dong,CS-E,TRA,2026-05-19T03:08:03.033Z,1,v2,,
1241,MMLU-ProX,vy,CS-E,TRA,2026-05-20T15:16:02.607Z,1,v2,,
1241,MMLU-ProX,Nhu,CS-E,TRA,2026-05-18T20:11:23.582Z,1,v2,,
1242,MMLU-ProX,Dong,CS-E,TRA,2026-05-19T03:08:03.033Z,1,v2,,
1242,MMLU-ProX,vy,CA,TRA,2026-05-20T15:16:02.607Z,1,v2,,
1242,MMLU-ProX,Nhu,CS-E,TRA,2026-05-18T20:11:23.582Z,1,v2,,
1243,MMLU-ProX,Dong,CS-E,TRA,2026-05-19T03:08:03.033Z,1,v2,,
1243,MMLU-ProX,vy,CS-E,TRA,2026-05-20T15:16:02.607Z,1,v2,,
1243,MMLU-ProX,Nhu,CS-E,TRA,2026-05-18T20:11:23.582Z,1,v2,,
1244,MMLU-ProX,Dong,CS-E,TRA,2026-05-19T03:08:03.033Z,1,v2,,
1244,MMLU-ProX,vy,CA,TRA,2026-05-20T15:16:02.607Z,1,v2,,
1244,MMLU-ProX,Nhu,CS-E,TRA,2026-05-18T20:11:23.582Z,1,v2,,
1245,MMLU-ProX,Dong,CS-E,TRA,2026-05-19T03:08:03.033Z,1,v2,,
1245,MMLU-ProX,vy,CA,TRA,2026-05-20T15:16:02.607Z,1,v2,,
1245,MMLU-ProX,Nhu,CS-E,TRA,2026-05-18T20:11:23.582Z,1,v2,,
1246,MMLU-ProX,Dong,CS-E,TRA,2026-05-19T03:08:03.033Z,1,v2,,
1246,MMLU-ProX,vy,CS-E,TRA,2026-05-20T15:16:02.607Z,1,v2,,
1246,MMLU-ProX,Nhu,CS-E,TRA,2026-05-18T20:11:23.582Z,1,v2,,
1247,MMLU-ProX,Dong,CS-E,TRA,2026-05-19T03:08:03.033Z,1,v2,,
1247,MMLU-ProX,vy,CS-E,TRA,2026-05-20T15:16:02.607Z,1,v2,,
1247,MMLU-ProX,Nhu,CS-E,TRA,2026-05-18T20:11:23.582Z,1,v2,,
1248,MMLU-ProX,Dong,CS-E,TRA,2026-05-19T03:08:03.033Z,1,v2,,
1248,MMLU-ProX,vy,CS-E,TRA,2026-05-20T15:16:02.607Z,1,v2,,
1248,MMLU-ProX,Nhu,CS-E,TRA,2026-05-18T20:11:23.582Z,1,v2,,
1249,MMLU-ProX,Dong,CS-E,TRA,2026-05-19T03:08:03.033Z,1,v2,,
1249,MMLU-ProX,vy,CS-E,TRA,2026-05-20T15:16:02.607Z,1,v2,,
1249,MMLU-ProX,Nhu,CS-E,TRA,2026-05-18T20:11:23.582Z,1,v2,,
1250,MMLU-ProX,Dong,CS-E,TRA,2026-05-19T03:08:03.033Z,1,v2,,
1250,MMLU-ProX,vy,CA,TRA,2026-05-20T15:16:02.607Z,1,v2,,
1250,MMLU-ProX,Nhu,CS-E,TRA,2026-05-18T20:11:23.582Z,1,v2,,
1251,MMLU-ProX,Dong,CS-E,TRA,2026-05-19T03:08:03.033Z,1,v2,,
1251,MMLU-ProX,vy,CA,TRA,2026-05-20T15:16:02.607Z,1,v2,,
1251,MMLU-ProX,Nhu,CS-E,TRA,2026-05-18T20:11:23.582Z,1,v2,,
1252,MMLU-ProX,Dong,CS-E,TRA,2026-05-19T03:08:03.033Z,1,v2,,
1252,MMLU-ProX,vy,CS-E,TRA,2026-05-20T15:16:02.607Z,1,v2,,
1252,MMLU-ProX,Nhu,CS-E,TRA,2026-05-18T20:11:23.582Z,1,v2,,
1253,MMLU-ProX,Dong,CS-E,TRA,2026-05-19T03:08:03.033Z,1,v2,,
1253,MMLU-ProX,vy,CS-E,TRA,2026-05-20T15:16:02.607Z,1,v2,,
1253,MMLU-ProX,Nhu,CS-E,TRA,2026-05-18T20:11:23.582Z,1,v2,,
1254,MMLU-ProX,Dong,CS-E,TRA,2026-05-19T03:08:03.033Z,1,v2,,
1254,MMLU-ProX,vy,CS-E,TRA,2026-05-20T15:16:02.607Z,1,v2,,
1254,MMLU-ProX,Nhu,CS-E,TRA,2026-05-18T20:11:23.582Z,1,v2,,
1255,MMLU-ProX,Dong,CS-E,TRA,2026-05-19T03:08:03.033Z,1,v2,,
1255,MMLU-ProX,vy,CS-E,TRA,2026-05-20T15:16:02.607Z,1,v2,,
1255,MMLU-ProX,Nhu,CS-E,TRA,2026-05-18T20:11:23.582Z,1,v2,,
1256,MMLU-ProX,Dong,CS-E,TRA,2026-05-19T03:08:03.033Z,1,v2,,
1256,MMLU-ProX,vy,CS-E,TRA,2026-05-20T15:16:02.607Z,1,v2,,
1256,MMLU-ProX,Nhu,CS-E,TRA,2026-05-18T20:11:23.582Z,1,v2,,
1257,MMLU-ProX,Dong,CS-E,TRA,2026-05-19T03:08:03.033Z,1,v2,,
1257,MMLU-ProX,vy,CS-E,TRA,2026-05-20T15:16:02.607Z,1,v2,,
1257,MMLU-ProX,Nhu,CS-E,TRA,2026-05-18T20:11:23.582Z,1,v2,,
1258,MMLU-ProX,Dong,CS-E,TRA,2026-05-19T03:08:03.033Z,1,v2,,
1258,MMLU-ProX,vy,CS-E,TRA,2026-05-20T15:16:02.607Z,1,v2,,
1258,MMLU-ProX,Nhu,CS-E,TRA,2026-05-18T20:11:23.582Z,1,v2,,
1259,MMLU-ProX,Dong,CS-E,TRA,2026-05-29T14:13:26.435Z,2,v3,,
1259,MMLU-ProX,Vy,CS-E,TRA,2026-06-01T15:35:27.793Z,2,v3,,
1259,MMLU-ProX,Nhu,CS-E,TRA,2026-06-02T23:33:54.582Z,2,v3,,
1260,MMLU-ProX,Dong,CS-E,TRA,2026-05-29T14:13:26.435Z,2,v3,,
1260,MMLU-ProX,Vy,CS-E,TRA,2026-06-01T15:35:33.245Z,2,v3,,
1260,MMLU-ProX,Nhu,CS-E,TRA,2026-06-02T23:33:54.582Z,2,v3,,
1261,MMLU-ProX,Dong,CS-E,TRA,2026-05-29T14:13:26.435Z,2,v3,,
1261,MMLU-ProX,Vy,CS-E,TRA,2026-06-01T15:35:38.697Z,2,v3,,
1261,MMLU-ProX,Nhu,CS-E,TRA,2026-06-02T23:33:54.582Z,2,v3,,
1262,MMLU-ProX,Dong,CS-E,TRA,2026-05-29T14:13:26.435Z,2,v3,,
1262,MMLU-ProX,Vy,CS-E,TRA,2026-06-01T15:35:44.150Z,2,v3,,
1262,MMLU-ProX,Nhu,CS-E,TRA,2026-06-02T23:33:54.582Z,2,v3,,
1263,MMLU-ProX,Dong,CS-E,TRA,2026-05-29T14:13:26.435Z,2,v3,,
1263,MMLU-ProX,Vy,CS-E,TRA,2026-06-01T15:35:49.602Z,2,v3,,
1263,MMLU-ProX,Nhu,CS-E,TRA,2026-06-02T23:33:54.582Z,2,v3,,
1264,MMLU-ProX,Dong,CS-E,TRA,2026-05-29T14:13:26.435Z,2,v3,,
1264,MMLU-ProX,Vy,CS-E,TRA,2026-06-01T15:35:55.055Z,2,v3,,
1264,MMLU-ProX,Nhu,CS-E,TRA,2026-06-02T23:33:54.582Z,2,v3,,
1265,MMLU-ProX,Dong,CS-E,TRA,2026-05-29T14:13:26.435Z,2,v3,,
1265,MMLU-ProX,Vy,CS-E,TRA,2026-06-01T15:36:00.507Z,2,v3,,
1265,MMLU-ProX,Nhu,CS-E,TRA,2026-06-02T23:33:54.582Z,2,v3,,
1266,MMLU-ProX,Dong,CS-E,TRA,2026-05-29T14:13:26.435Z,2,v3,,
1266,MMLU-ProX,Vy,CS-E,TRA,2026-06-01T15:36:05.959Z,2,v3,,
1266,MMLU-ProX,Nhu,CS-E,TRA,2026-06-02T23:33:54.582Z,2,v3,,
1267,MMLU-ProX,Dong,CS-E,TRA,2026-05-29T14:13:26.435Z,2,v3,,
1267,MMLU-ProX,Vy,CS-E,TRA,2026-06-01T15:36:11.412Z,2,v3,,
1267,MMLU-ProX,Nhu,CS-E,TRA,2026-06-02T23:33:54.582Z,2,v3,,
1268,MMLU-ProX,Dong,CS-E,TRA,2026-05-29T14:13:26.435Z,2,v3,,
1268,MMLU-ProX,Vy,CS-E,TRA,2026-06-01T15:36:16.864Z,2,v3,,
1268,MMLU-ProX,Nhu,CS-E,TRA,2026-06-02T23:33:54.582Z,2,v3,,
1269,MMLU-ProX,Dong,CS-E,TRA,2026-05-29T14:13:26.435Z,2,v3,,
1269,MMLU-ProX,Vy,CS-E,TRA,2026-06-01T15:36:22.317Z,2,v3,,
1269,MMLU-ProX,Nhu,CS-E,TRA,2026-06-02T23:33:54.582Z,2,v3,,
1270,MMLU-ProX,Dong,CS-E,TRA,2026-05-29T14:13:26.435Z,2,v3,,
1270,MMLU-ProX,Vy,CS-E,TRA,2026-06-01T15:36:27.769Z,2,v3,,
1270,MMLU-ProX,Nhu,CS-E,TRA,2026-06-02T23:33:54.582Z,2,v3,,
1271,MMLU-ProX,Dong,CS-E,TRA,2026-05-29T14:13:26.435Z,2,v3,,
1271,MMLU-ProX,Vy,CS-E,TRA,2026-06-01T15:36:33.221Z,2,v3,,
1271,MMLU-ProX,Nhu,CS-E,TRA,2026-06-02T23:33:54.582Z,2,v3,,
1272,MMLU-ProX,Dong,CS-E,TRA,2026-05-29T14:13:26.435Z,2,v3,,
1272,MMLU-ProX,Vy,CS-E,TRA,2026-06-01T15:36:38.674Z,2,v3,,
1272,MMLU-ProX,Nhu,CS-E,TRA,2026-06-02T23:33:54.582Z,2,v3,,
1273,MMLU-ProX,Dong,CS-E,TRA,2026-05-29T14:13:26.435Z,2,v3,,
1273,MMLU-ProX,Vy,CS-E,TRA,2026-06-01T15:36:44.126Z,2,v3,,
1273,MMLU-ProX,Nhu,CS-E,TRA,2026-06-02T23:33:54.582Z,2,v3,,
1274,MMLU-ProX,Dong,CS-E,TRA,2026-05-29T14:13:26.435Z,2,v3,,
1274,MMLU-ProX,Vy,CS-E,TRA,2026-06-01T15:36:49.579Z,2,v3,,
1274,MMLU-ProX,Nhu,CS-E,TRA,2026-06-02T23:33:54.582Z,2,v3,,
1275,MMLU-ProX,Dong,CS-E,TRA,2026-05-29T14:13:26.435Z,2,v3,,
1275,MMLU-ProX,Vy,CS-E,TRA,2026-06-01T15:36:55.031Z,2,v3,,
1275,MMLU-ProX,Nhu,CS-E,TRA,2026-06-02T23:33:54.582Z,2,v3,,
1276,MMLU-ProX,Dong,CS-E,TRA,2026-05-29T14:13:26.435Z,2,v3,,
1276,MMLU-ProX,Vy,CS-E,TRA,2026-06-01T15:37:00.483Z,2,v3,,
1276,MMLU-ProX,Nhu,CS-E,TRA,2026-06-02T23:33:54.582Z,2,v3,,
1277,MMLU-ProX,Dong,CS-E,TRA,2026-05-29T14:13:26.435Z,2,v3,,
1277,MMLU-ProX,Vy,CS-E,TRA,2026-06-01T15:37:05.936Z,2,v3,,
1277,MMLU-ProX,Nhu,CS-E,TRA,2026-06-02T23:33:54.582Z,2,v3,,
1278,MMLU-ProX,Dong,CS-E,TRA,2026-05-29T14:13:26.435Z,2,v3,,
1278,MMLU-ProX,Vy,CS-E,TRA,2026-06-01T15:37:11.388Z,2,v3,,
1278,MMLU-ProX,Nhu,CS-E,TRA,2026-06-02T23:33:54.582Z,2,v3,,
1279,MMLU-ProX,Dong,CS-E,TRA,2026-05-29T14:13:26.435Z,2,v3,,
1279,MMLU-ProX,Vy,CS-E,TRA,2026-06-01T15:37:16.841Z,2,v3,,
1279,MMLU-ProX,Nhu,CS-E,TRA,2026-06-02T23:33:54.582Z,2,v3,,
1280,MMLU-ProX,Dong,CS-E,TRA,2026-05-29T14:13:26.435Z,2,v3,,
1280,MMLU-ProX,Vy,CS-E,TRA,2026-06-01T15:37:22.293Z,2,v3,,
1280,MMLU-ProX,Nhu,CS-E,TRA,2026-06-02T23:33:54.582Z,2,v3,,
1281,MMLU-ProX,Dong,CS-E,TRA,2026-05-29T14:13:26.435Z,2,v3,,
1281,MMLU-ProX,Vy,CS-E,TRA,2026-06-01T15:37:27.745Z,2,v3,,
1281,MMLU-ProX,Nhu,CS-E,TRA,2026-06-02T23:33:54.582Z,2,v3,,
1282,MMLU-ProX,Dong,CS-E,TRA,2026-05-29T14:13:26.435Z,2,v3,,
1282,MMLU-ProX,Vy,CS-E,TRA,2026-06-01T15:37:33.198Z,2,v3,,
1282,MMLU-ProX,Nhu,CS-E,TRA,2026-06-02T23:33:54.582Z,2,v3,,
1283,MMLU-ProX,Dong,CS-E,TRA,2026-05-29T14:13:26.435Z,2,v3,,
1283,MMLU-ProX,Vy,CS-E,TRA,2026-06-01T15:37:38.650Z,2,v3,,
1283,MMLU-ProX,Nhu,CS-E,TRA,2026-06-02T23:33:54.582Z,2,v3,,
1284,MMLU-ProX,Dong,CS-E,TRA,2026-05-29T14:13:26.435Z,2,v3,,
1284,MMLU-ProX,Vy,CS-E,TRA,2026-06-01T15:37:44.103Z,2,v3,,
1284,MMLU-ProX,Nhu,CS-E,TRA,2026-06-02T23:33:54.582Z,2,v3,,
1285,MMLU-ProX,Dong,CS-E,TRA,2026-05-29T14:13:26.435Z,2,v3,,
1285,MMLU-ProX,Vy,CS-E,TRA,2026-06-01T15:37:49.555Z,2,v3,,
1285,MMLU-ProX,Nhu,CS-E,TRA,2026-06-02T23:33:54.582Z,2,v3,,
1286,MMLU-ProX,Dong,CS-E,TRA,2026-05-29T14:13:26.435Z,2,v3,,
1286,MMLU-ProX,Vy,CS-E,TRA,2026-06-01T15:37:55.007Z,2,v3,,
1286,MMLU-ProX,Nhu,CS-E,TRA,2026-06-02T23:33:54.582Z,2,v3,,
1287,MMLU-ProX,Dong,CS-E,TRA,2026-05-29T14:13:26.435Z,2,v3,,
1287,MMLU-ProX,Vy,CS-E,TRA,2026-06-01T15:38:00.460Z,2,v3,,
1287,MMLU-ProX,Nhu,CS-E,TRA,2026-06-02T23:33:54.582Z,2,v3,,
1288,MMLU-ProX,Dong,CS-E,TRA,2026-05-29T14:13:26.435Z,2,v3,,
1288,MMLU-ProX,Vy,CS-E,TRA,2026-06-01T15:38:05.912Z,2,v3,,
1288,MMLU-ProX,Nhu,CS-E,TRA,2026-06-02T23:33:54.582Z,2,v3,,
1289,MMLU-ProX,Dong,CS-E,TRA,2026-05-29T14:13:26.435Z,2,v3,,
1289,MMLU-ProX,Vy,CS-E,TRA,2026-06-01T15:38:11.365Z,2,v3,,
1289,MMLU-ProX,Nhu,CS-E,TRA,2026-06-02T23:33:54.582Z,2,v3,,
1290,MMLU-ProX,Dong,CS-E,TRA,2026-05-29T14:13:26.435Z,2,v3,,
1290,MMLU-ProX,Vy,CS-E,TRA,2026-06-01T15:38:16.817Z,2,v3,,
1290,MMLU-ProX,Nhu,CS-E,TRA,2026-06-02T23:33:54.582Z,2,v3,,
1291,MMLU-ProX,Dong,CS-E,TRA,2026-05-29T14:13:26.435Z,2,v3,,
1291,MMLU-ProX,Vy,CS-E,TRA,2026-06-01T15:38:22.269Z,2,v3,,
1291,MMLU-ProX,Nhu,CS-E,TRA,2026-06-02T23:33:54.582Z,2,v3,,
1292,MMLU-ProX,Dong,CS-E,TRA,2026-05-29T14:13:26.435Z,2,v3,,
1292,MMLU-ProX,Vy,CS-E,TRA,2026-06-01T15:38:27.722Z,2,v3,,
1292,MMLU-ProX,Nhu,CS-E,TRA,2026-06-02T23:33:54.582Z,2,v3,,
1293,MMLU-ProX,Dong,CS-E,TRA,2026-05-29T14:13:26.435Z,2,v3,,
1293,MMLU-ProX,Vy,CS-E,TRA,2026-06-01T15:38:33.174Z,2,v3,,
1293,MMLU-ProX,Nhu,CS-E,TRA,2026-06-02T23:33:54.582Z,2,v3,,
1294,MMLU-ProX,Dong,CS-E,TRA,2026-05-29T14:13:26.435Z,2,v3,,
1294,MMLU-ProX,Vy,CS-E,TRA,2026-06-01T15:38:38.627Z,2,v3,,
1294,MMLU-ProX,Nhu,CS-E,TRA,2026-06-02T23:33:54.582Z,2,v3,,
1295,MMLU-ProX,Dong,CS-E,TRA,2026-05-29T14:13:26.435Z,2,v3,,
1295,MMLU-ProX,Vy,CS-E,TRA,2026-06-01T15:38:44.079Z,2,v3,,
1295,MMLU-ProX,Nhu,CS-E,TRA,2026-06-02T23:33:54.582Z,2,v3,,
1296,MMLU-ProX,Dong,CS-E,TRA,2026-05-29T14:13:26.435Z,2,v3,,
1296,MMLU-ProX,Vy,CS-E,TRA,2026-06-01T15:38:49.531Z,2,v3,,
1296,MMLU-ProX,Nhu,CS-E,TRA,2026-06-02T23:33:54.582Z,2,v3,,
1297,MMLU-ProX,Dong,CS-E,TRA,2026-05-29T14:13:26.435Z,2,v3,,
1297,MMLU-ProX,Vy,CS-E,TRA,2026-06-01T15:38:54.984Z,2,v3,,
1297,MMLU-ProX,Nhu,CS-E,TRA,2026-06-02T23:33:54.582Z,2,v3,,
1298,MMLU-ProX,Dong,CS-E,TRA,2026-05-29T14:13:26.435Z,2,v3,,
1298,MMLU-ProX,Vy,CS-E,TRA,2026-06-01T15:39:00.436Z,2,v3,,
1298,MMLU-ProX,Nhu,CS-E,TRA,2026-06-02T23:33:54.582Z,2,v3,,
1299,MMLU-ProX,Dong,CS-E,TRA,2026-05-29T14:13:26.435Z,2,v3,,
1299,MMLU-ProX,Vy,CS-E,TRA,2026-06-01T15:39:05.889Z,2,v3,,
1299,MMLU-ProX,Nhu,CS-E,TRA,2026-06-02T23:33:54.582Z,2,v3,,
1300,MMLU-ProX,Dong,CA,TRA,2026-05-29T14:13:26.435Z,2,v3,,
1300,MMLU-ProX,Vy,CA,TRA,2026-06-01T15:39:11.341Z,2,v3,,
1300,MMLU-ProX,Nhu,CA,TRA,2026-06-02T23:33:54.582Z,2,v3,,
1301,MMLU-ProX,Dong,CA,TRA,2026-05-29T14:13:26.435Z,2,v3,,
1301,MMLU-ProX,Vy,CA,TRA,2026-06-01T15:39:16.794Z,2,v3,,
1301,MMLU-ProX,Nhu,CA,TRA,2026-06-02T23:33:54.582Z,2,v3,,
1302,MMLU-ProX,Dong,CA,TRA,2026-05-29T14:13:26.435Z,2,v3,,
1302,MMLU-ProX,Vy,CA,TRA,2026-06-01T15:39:22.246Z,2,v3,,
1302,MMLU-ProX,Nhu,CA,TRA,2026-06-02T23:33:54.582Z,2,v3,,
1303,MMLU-ProX,Dong,CA,TRA,2026-05-29T14:13:26.435Z,2,v3,,
1303,MMLU-ProX,Vy,CA,TRA,2026-06-01T15:39:27.698Z,2,v3,,
1303,MMLU-ProX,Nhu,CA,TRA,2026-06-02T23:33:54.582Z,2,v3,,
1304,MMLU-ProX,Dong,CA,TRA,2026-05-29T14:13:26.435Z,2,v3,,
1304,MMLU-ProX,Vy,CA,TRA,2026-06-01T15:39:33.151Z,2,v3,,
1304,MMLU-ProX,Nhu,CA,TRA,2026-06-02T23:33:54.582Z,2,v3,,
1305,MMLU-ProX,Dong,CA,TRA,2026-05-29T14:13:26.435Z,2,v3,,
1305,MMLU-ProX,Vy,CA,TRA,2026-06-01T15:39:38.603Z,2,v3,,
1305,MMLU-ProX,Nhu,CA,TRA,2026-06-02T23:33:54.582Z,2,v3,,
1306,MMLU-ProX,Dong,CA,TRA,2026-05-29T14:13:26.435Z,2,v3,,
1306,MMLU-ProX,Vy,CA,TRA,2026-06-01T15:39:44.056Z,2,v3,,
1306,MMLU-ProX,Nhu,CA,TRA,2026-06-02T23:33:54.582Z,2,v3,,
1307,MMLU-ProX,Dong,CS-E,TRA,2026-05-29T14:13:26.435Z,2,v3,,
1307,MMLU-ProX,Vy,CS-E,TRA,2026-06-01T15:39:49.508Z,2,v3,,
1307,MMLU-ProX,Nhu,CS-E,TRA,2026-06-02T23:33:54.582Z,2,v3,,
1308,MMLU-ProX,Dong,CS-E,TRA,2026-05-29T14:13:26.435Z,2,v3,,
1308,MMLU-ProX,Vy,CS-E,TRA,2026-06-01T15:39:54.960Z,2,v3,,
1308,MMLU-ProX,Nhu,CS-E,TRA,2026-06-02T23:33:54.582Z,2,v3,,
1309,MMLU-ProX,Dong,CS-E,TRA,2026-05-29T14:13:26.435Z,2,v3,,
1309,MMLU-ProX,Vy,CS-E,TRA,2026-06-01T15:40:00.413Z,2,v3,,
1309,MMLU-ProX,Nhu,CS-E,TRA,2026-06-02T23:33:54.582Z,2,v3,,
1310,MMLU-ProX,Dong,CS-E,TRA,2026-05-29T14:13:26.435Z,2,v3,,
1310,MMLU-ProX,Vy,CS-E,TRA,2026-06-01T15:40:05.865Z,2,v3,,
1310,MMLU-ProX,Nhu,CS-E,TRA,2026-06-02T23:33:54.582Z,2,v3,,
1311,MMLU-ProX,Dong,CS-E,TRA,2026-05-29T14:13:26.435Z,2,v3,,
1311,MMLU-ProX,Vy,CS-E,TRA,2026-06-01T15:40:11.318Z,2,v3,,
1311,MMLU-ProX,Nhu,CS-E,TRA,2026-06-02T23:33:54.582Z,2,v3,,
1312,MMLU-ProX,Dong,CS-E,TRA,2026-05-29T14:13:26.435Z,2,v3,,
1312,MMLU-ProX,Vy,CS-E,TRA,2026-06-01T15:40:16.770Z,2,v3,,
1312,MMLU-ProX,Nhu,CS-E,TRA,2026-06-02T23:33:54.582Z,2,v3,,
1313,MMLU-ProX,Dong,CS-E,TRA,2026-05-29T14:13:26.435Z,2,v3,,
1313,MMLU-ProX,Vy,CS-E,TRA,2026-06-01T15:40:22.222Z,2,v3,,
1313,MMLU-ProX,Nhu,CS-E,TRA,2026-06-02T23:33:54.582Z,2,v3,,
1314,MMLU-ProX,Dong,CS-E,TRA,2026-05-29T14:13:26.435Z,2,v3,,
1314,MMLU-ProX,Vy,CS-E,TRA,2026-06-01T15:40:27.675Z,2,v3,,
1314,MMLU-ProX,Nhu,CS-E,TRA,2026-06-02T23:33:54.582Z,2,v3,,
1315,MMLU-ProX,Dong,CS-E,TRA,2026-05-29T14:13:26.435Z,2,v3,,
1315,MMLU-ProX,Vy,CS-E,TRA,2026-06-01T15:40:33.127Z,2,v3,,
1315,MMLU-ProX,Nhu,CS-E,TRA,2026-06-02T23:33:54.582Z,2,v3,,
1316,MMLU-ProX,Dong,CS-E,TRA,2026-05-29T14:13:26.435Z,2,v3,,
1316,MMLU-ProX,Vy,CS-E,TRA,2026-06-01T15:40:38.580Z,2,v3,,
1316,MMLU-ProX,Nhu,CS-E,TRA,2026-06-02T23:33:54.582Z,2,v3,,
1317,MMLU-ProX,Dong,CS-E,TRA,2026-05-29T14:13:26.435Z,2,v3,,
1317,MMLU-ProX,Vy,CS-E,TRA,2026-06-01T15:40:44.032Z,2,v3,,
1317,MMLU-ProX,Nhu,CS-E,TRA,2026-06-02T23:33:54.582Z,2,v3,,
1318,MMLU-ProX,Dong,CS-E,TRA,2026-05-29T14:13:26.435Z,2,v3,,
1318,MMLU-ProX,Vy,CS-E,TRA,2026-06-01T15:40:49.484Z,2,v3,,
1318,MMLU-ProX,Nhu,CS-E,TRA,2026-06-02T23:33:54.582Z,2,v3,,
1319,MMLU-ProX,Dong,CS-E,TRA,2026-05-29T14:13:26.435Z,2,v3,,
1319,MMLU-ProX,Vy,CS-E,TRA,2026-06-01T15:40:54.937Z,2,v3,,
1319,MMLU-ProX,Nhu,CS-E,TRA,2026-06-02T23:33:54.582Z,2,v3,,
1320,MMLU-ProX,Dong,CS-E,TRA,2026-05-29T14:13:26.435Z,2,v3,,
1320,MMLU-ProX,Vy,CS-E,TRA,2026-06-01T15:41:00.389Z,2,v3,,
1320,MMLU-ProX,Nhu,CS-E,TRA,2026-06-02T23:33:54.582Z,2,v3,,
1321,MMLU-ProX,Dong,CS-E,TRA,2026-05-29T14:13:26.435Z,2,v3,,
1321,MMLU-ProX,Vy,CS-E,TRA,2026-06-01T15:41:05.842Z,2,v3,,
1321,MMLU-ProX,Nhu,CS-E,TRA,2026-06-02T23:33:54.582Z,2,v3,,
1322,MMLU-ProX,Dong,CS-E,TRA,2026-05-29T14:13:26.435Z,2,v3,,
1322,MMLU-ProX,Vy,CS-E,TRA,2026-06-01T15:41:11.294Z,2,v3,,
1322,MMLU-ProX,Nhu,CS-E,TRA,2026-06-02T23:33:54.582Z,2,v3,,
1323,MMLU-ProX,Dong,CS-E,TRA,2026-05-29T14:13:26.435Z,2,v3,,
1323,MMLU-ProX,Vy,CS-E,TRA,2026-06-01T15:41:16.746Z,2,v3,,
1323,MMLU-ProX,Nhu,CS-E,TRA,2026-06-02T23:33:54.582Z,2,v3,,
1324,MMLU-ProX,Dong,CS-E,TRA,2026-05-29T14:13:26.435Z,2,v3,,
1324,MMLU-ProX,Vy,CS-E,TRA,2026-06-01T15:41:22.199Z,2,v3,,
1324,MMLU-ProX,Nhu,CS-E,TRA,2026-06-02T23:33:54.582Z,2,v3,,
1325,MMLU-ProX,Dong,CS-E,TRA,2026-05-29T14:13:26.435Z,2,v3,,
1325,MMLU-ProX,Vy,CS-E,TRA,2026-06-01T15:41:27.651Z,2,v3,,
1325,MMLU-ProX,Nhu,CS-E,TRA,2026-06-02T23:33:54.582Z,2,v3,,
1326,MMLU-ProX,Dong,CS-E,TRA,2026-05-29T14:13:26.435Z,2,v3,,
1326,MMLU-ProX,Vy,CS-E,TRA,2026-06-01T15:41:33.104Z,2,v3,,
1326,MMLU-ProX,Nhu,CS-E,TRA,2026-06-02T23:33:54.582Z,2,v3,,
1327,MMLU-ProX,Dong,CS-E,TRA,2026-05-29T14:13:26.435Z,2,v3,,
1327,MMLU-ProX,Vy,CS-E,TRA,2026-06-01T15:41:38.556Z,2,v3,,
1327,MMLU-ProX,Nhu,CS-E,TRA,2026-06-02T23:33:54.582Z,2,v3,,
1328,MMLU-ProX,Dong,CS-E,TRA,2026-05-29T14:13:26.435Z,2,v3,,
1328,MMLU-ProX,Vy,CS-E,TRA,2026-06-01T15:41:44.008Z,2,v3,,
1328,MMLU-ProX,Nhu,CS-E,TRA,2026-06-02T23:33:54.582Z,2,v3,,
1329,MMLU-ProX,Dong,CS-E,TRA,2026-05-29T14:13:26.435Z,2,v3,,
1329,MMLU-ProX,Vy,CS-E,TRA,2026-06-01T15:41:49.461Z,2,v3,,
1329,MMLU-ProX,Nhu,CS-E,TRA,2026-06-02T23:33:54.582Z,2,v3,,
1330,MMLU-ProX,Dong,CS-E,TRA,2026-05-29T14:13:26.435Z,2,v3,,
1330,MMLU-ProX,Vy,CS-E,TRA,2026-06-01T15:41:54.913Z,2,v3,,
1330,MMLU-ProX,Nhu,CS-E,TRA,2026-06-02T23:33:54.582Z,2,v3,,
1331,MMLU-ProX,Dong,CS-E,TRA,2026-05-29T14:13:26.435Z,2,v3,,
1331,MMLU-ProX,Vy,CS-E,TRA,2026-06-01T15:42:00.366Z,2,v3,,
1331,MMLU-ProX,Nhu,CS-E,TRA,2026-06-02T23:33:54.582Z,2,v3,,
1332,MMLU-ProX,Dong,CS-E,TRA,2026-05-29T14:13:26.435Z,2,v3,,
1332,MMLU-ProX,Vy,CS-E,TRA,2026-06-01T15:42:05.818Z,2,v3,,
1332,MMLU-ProX,Nhu,CS-E,TRA,2026-06-02T23:33:54.582Z,2,v3,,
1333,MMLU-ProX,Dong,CS-E,TRA,2026-05-29T14:13:26.435Z,2,v3,,
1333,MMLU-ProX,Vy,CS-E,TRA,2026-06-01T15:42:11.270Z,2,v3,,
1333,MMLU-ProX,Nhu,CS-E,TRA,2026-06-02T23:33:54.582Z,2,v3,,
1334,MMLU-ProX,Dong,CS-E,TRA,2026-05-29T14:13:26.435Z,2,v3,,
1334,MMLU-ProX,Vy,CS-E,TRA,2026-06-01T15:42:16.723Z,2,v3,,
1334,MMLU-ProX,Nhu,CS-E,TRA,2026-06-02T23:33:54.582Z,2,v3,,
1335,MMLU-ProX,Dong,CS-E,TRA,2026-05-29T14:13:26.435Z,2,v3,,
1335,MMLU-ProX,Vy,CS-E,TRA,2026-06-01T15:42:22.175Z,2,v3,,
1335,MMLU-ProX,Nhu,CS-E,TRA,2026-06-02T23:33:54.582Z,2,v3,,
1336,MMLU-ProX,Dong,CS-E,TRA,2026-05-29T14:13:26.435Z,2,v3,,
1336,MMLU-ProX,Vy,CS-E,TRA,2026-06-01T15:42:27.628Z,2,v3,,
1336,MMLU-ProX,Nhu,CS-E,TRA,2026-06-02T23:33:54.582Z,2,v3,,
1337,MMLU-ProX,Dong,CS-E,TRA,2026-05-29T14:13:26.435Z,2,v3,,
1337,MMLU-ProX,Vy,CS-E,TRA,2026-06-01T15:42:33.080Z,2,v3,,
1337,MMLU-ProX,Nhu,CS-E,TRA,2026-06-02T23:33:54.582Z,2,v3,,
1338,MMLU-ProX,Dong,CS-E,TRA,2026-05-29T14:13:26.435Z,2,v3,,
1338,MMLU-ProX,Vy,CS-E,TRA,2026-06-01T15:42:38.532Z,2,v3,,
1338,MMLU-ProX,Nhu,CS-E,TRA,2026-06-02T23:33:54.582Z,2,v3,,
1339,MMLU-ProX,Dong,CS-E,TRA,2026-05-29T14:13:26.435Z,2,v3,,
1339,MMLU-ProX,Vy,CS-E,TRA,2026-06-01T15:42:43.985Z,2,v3,,
1339,MMLU-ProX,Nhu,CS-E,TRA,2026-06-02T23:33:54.582Z,2,v3,,
1340,MMLU-ProX,Dong,CS-E,TRA,2026-05-29T14:13:26.435Z,2,v3,,
1340,MMLU-ProX,Vy,CS-E,TRA,2026-06-01T15:42:49.437Z,2,v3,,
1340,MMLU-ProX,Nhu,CS-E,TRA,2026-06-02T23:33:54.582Z,2,v3,,
1341,MMLU-ProX,Dong,CS-E,TRA,2026-05-29T14:13:26.435Z,2,v3,,
1341,MMLU-ProX,Vy,CS-E,TRA,2026-06-01T15:42:54.890Z,2,v3,,
1341,MMLU-ProX,Nhu,CS-E,TRA,2026-06-02T23:33:54.582Z,2,v3,,
1342,MMLU-ProX,Dong,CS-E,TRA,2026-05-29T14:13:26.435Z,2,v3,,
1342,MMLU-ProX,Vy,CS-E,TRA,2026-06-01T15:43:00.342Z,2,v3,,
1342,MMLU-ProX,Nhu,CS-E,TRA,2026-06-02T23:33:54.582Z,2,v3,,
1343,MMLU-ProX,Dong,CS-E,TRA,2026-05-29T14:13:26.435Z,2,v3,,
1343,MMLU-ProX,Vy,CS-E,TRA,2026-06-01T15:43:05.795Z,2,v3,,
1343,MMLU-ProX,Nhu,CS-E,TRA,2026-06-02T23:33:54.582Z,2,v3,,
1344,MMLU-ProX,Dong,CS-E,TRA,2026-05-29T14:13:26.435Z,2,v3,,
1344,MMLU-ProX,Vy,CS-E,TRA,2026-06-01T15:43:11.247Z,2,v3,,
1344,MMLU-ProX,Nhu,CS-E,TRA,2026-06-02T23:33:54.582Z,2,v3,,
1345,MMLU-ProX,Dong,CS-E,TRA,2026-05-29T14:13:26.435Z,2,v3,,
1345,MMLU-ProX,Vy,CS-E,TRA,2026-06-01T15:43:16.699Z,2,v3,,
1345,MMLU-ProX,Nhu,CS-E,TRA,2026-06-02T23:33:54.582Z,2,v3,,
1346,MMLU-ProX,Dong,CS-E,TRA,2026-05-29T14:13:26.435Z,2,v3,,
1346,MMLU-ProX,Vy,CS-E,TRA,2026-06-01T15:43:22.152Z,2,v3,,
1346,MMLU-ProX,Nhu,CS-E,TRA,2026-06-02T23:33:54.582Z,2,v3,,
1347,MMLU-ProX,Dong,CS-E,TRA,2026-05-29T14:13:26.435Z,2,v3,,
1347,MMLU-ProX,Vy,CS-E,TRA,2026-06-01T15:43:27.604Z,2,v3,,
1347,MMLU-ProX,Nhu,CS-E,TRA,2026-06-02T23:33:54.582Z,2,v3,,
1348,MMLU-ProX,Dong,CS-E,TRA,2026-05-29T14:13:26.435Z,2,v3,,
1348,MMLU-ProX,Vy,CS-E,TRA,2026-06-01T15:43:33.057Z,2,v3,,
1348,MMLU-ProX,Nhu,CS-E,TRA,2026-06-02T23:33:54.582Z,2,v3,,
1349,MMLU-ProX,Dong,CS-E,TRA,2026-05-29T14:13:26.435Z,2,v3,,
1349,MMLU-ProX,Vy,CS-E,TRA,2026-06-01T15:43:38.509Z,2,v3,,
1349,MMLU-ProX,Nhu,CS-E,TRA,2026-06-02T23:33:54.582Z,2,v3,,
1350,MMLU-ProX,Dong,CS-E,TRA,2026-05-29T14:13:26.435Z,2,v3,,
1350,MMLU-ProX,Vy,CS-E,TRA,2026-06-01T15:43:43.961Z,2,v3,,
1350,MMLU-ProX,Nhu,CS-E,TRA,2026-06-02T23:33:54.582Z,2,v3,,
1351,MMLU-ProX,Dong,CS-E,TRA,2026-05-29T14:13:26.435Z,2,v3,,
1351,MMLU-ProX,Vy,CS-E,TRA,2026-06-01T15:43:49.414Z,2,v3,,
1351,MMLU-ProX,Nhu,CS-E,TRA,2026-06-02T23:33:54.582Z,2,v3,,
1352,MMLU-ProX,Dong,CS-E,TRA,2026-05-29T14:13:26.435Z,2,v3,,
1352,MMLU-ProX,Vy,CS-E,TRA,2026-06-01T15:43:54.866Z,2,v3,,
1352,MMLU-ProX,Nhu,CS-E,TRA,2026-06-02T23:33:54.582Z,2,v3,,
1353,MMLU-ProX,Dong,CS-E,TRA,2026-05-29T14:13:26.435Z,2,v3,,
1353,MMLU-ProX,Vy,CS-E,TRA,2026-06-01T15:44:00.319Z,2,v3,,
1353,MMLU-ProX,Nhu,CS-E,TRA,2026-06-02T23:33:54.582Z,2,v3,,
1354,MMLU-ProX,Dong,CS-E,TRA,2026-05-29T14:13:26.435Z,2,v3,,
1354,MMLU-ProX,Vy,CS-E,TRA,2026-06-01T15:44:05.771Z,2,v3,,
1354,MMLU-ProX,Nhu,CS-E,TRA,2026-06-02T23:33:54.582Z,2,v3,,
1355,MMLU-ProX,Dong,CS-E,TRA,2026-05-29T14:13:26.435Z,2,v3,,
1355,MMLU-ProX,Vy,CS-E,TRA,2026-06-01T15:44:11.223Z,2,v3,,
1355,MMLU-ProX,Nhu,CS-E,TRA,2026-06-02T23:33:54.582Z,2,v3,,
1356,MMLU-ProX,Dong,CS-E,TRA,2026-05-29T14:13:26.435Z,2,v3,,
1356,MMLU-ProX,Vy,CS-E,TRA,2026-06-01T15:44:16.676Z,2,v3,,
1356,MMLU-ProX,Nhu,CS-E,TRA,2026-06-02T23:33:54.582Z,2,v3,,
1357,MMLU-ProX,Dong,CS-E,TRA,2026-05-29T14:13:26.435Z,2,v3,,
1357,MMLU-ProX,Vy,CS-E,TRA,2026-06-01T15:44:22.128Z,2,v3,,
1357,MMLU-ProX,Nhu,CS-E,TRA,2026-06-02T23:33:54.582Z,2,v3,,
1358,MMLU-ProX,Dong,CS-E,TRA,2026-05-29T14:13:26.435Z,2,v3,,
1358,MMLU-ProX,Vy,CS-E,TRA,2026-06-01T15:44:27.581Z,2,v3,,
1358,MMLU-ProX,Nhu,CS-E,TRA,2026-06-02T23:33:54.582Z,2,v3,,
1359,MMLU-ProX,Dong,CS-E,TRA,2026-05-30T10:23:44.631Z,2,v3,,
1359,MMLU-ProX,Vy,CS-E,TRA,2026-06-01T15:44:33.033Z,2,v3,,
1359,MMLU-ProX,Nhu,CS-E,TRA,2026-06-02T23:33:54.583Z,2,v3,,
1360,MMLU-ProX,Dong,CS-E,TRA,2026-05-30T10:23:44.631Z,2,v3,,
1360,MMLU-ProX,Vy,CS-E,TRA,2026-06-01T15:44:38.485Z,2,v3,,
1360,MMLU-ProX,Nhu,CS-E,TRA,2026-06-02T23:33:54.583Z,2,v3,,
1361,MMLU-ProX,Dong,CS-E,TRA,2026-05-30T10:23:44.631Z,2,v3,,
1361,MMLU-ProX,Vy,CS-E,TRA,2026-06-01T15:44:43.938Z,2,v3,,
1361,MMLU-ProX,Nhu,CS-E,TRA,2026-06-02T23:33:54.583Z,2,v3,,
1362,MMLU-ProX,Dong,CS-E,TRA,2026-05-30T10:23:44.631Z,2,v3,,
1362,MMLU-ProX,Vy,CS-E,TRA,2026-06-01T15:44:49.390Z,2,v3,,
1362,MMLU-ProX,Nhu,CS-E,TRA,2026-06-02T23:33:54.583Z,2,v3,,
1363,MMLU-ProX,Dong,CS-E,TRA,2026-05-30T10:23:44.631Z,2,v3,,
1363,MMLU-ProX,Vy,CS-E,TRA,2026-06-01T15:44:54.843Z,2,v3,,
1363,MMLU-ProX,Nhu,CS-E,TRA,2026-06-02T23:33:54.583Z,2,v3,,
1364,MMLU-ProX,Dong,CS-E,TRA,2026-05-30T10:23:44.631Z,2,v3,,
1364,MMLU-ProX,Vy,CS-E,TRA,2026-06-01T15:45:00.295Z,2,v3,,
1364,MMLU-ProX,Nhu,CS-E,TRA,2026-06-02T23:33:54.583Z,2,v3,,
1365,MMLU-ProX,Dong,CS-E,TRA,2026-05-30T10:23:44.631Z,2,v3,,
1365,MMLU-ProX,Vy,CS-E,TRA,2026-06-01T15:45:05.747Z,2,v3,,
1365,MMLU-ProX,Nhu,CS-E,TRA,2026-06-02T23:33:54.583Z,2,v3,,
1366,MMLU-ProX,Dong,CS-E,TRA,2026-05-30T10:23:44.631Z,2,v3,,
1366,MMLU-ProX,Vy,CS-E,TRA,2026-06-01T15:45:11.200Z,2,v3,,
1366,MMLU-ProX,Nhu,CS-E,TRA,2026-06-02T23:33:54.583Z,2,v3,,
1367,MMLU-ProX,Dong,CS-E,TRA,2026-05-30T10:23:44.631Z,2,v3,,
1367,MMLU-ProX,Vy,CS-E,TRA,2026-06-01T15:45:16.652Z,2,v3,,
1367,MMLU-ProX,Nhu,CS-E,TRA,2026-06-02T23:33:54.583Z,2,v3,,
1368,MMLU-ProX,Dong,CS-E,TRA,2026-05-30T10:23:44.631Z,2,v3,,
1368,MMLU-ProX,Vy,CS-E,TRA,2026-06-01T15:45:22.105Z,2,v3,,
1368,MMLU-ProX,Nhu,CS-E,TRA,2026-06-02T23:33:54.583Z,2,v3,,
1369,MMLU-ProX,Dong,CS-E,TRA,2026-05-30T10:23:44.631Z,2,v3,,
1369,MMLU-ProX,Vy,CS-E,TRA,2026-06-01T15:45:27.557Z,2,v3,,
1369,MMLU-ProX,Nhu,CS-E,TRA,2026-06-02T23:33:54.583Z,2,v3,,
1370,MMLU-ProX,Dong,CS-E,TRA,2026-05-30T10:23:44.631Z,2,v3,,
1370,MMLU-ProX,Vy,CS-E,TRA,2026-06-01T15:45:33.009Z,2,v3,,
1370,MMLU-ProX,Nhu,CS-E,TRA,2026-06-02T23:33:54.583Z,2,v3,,
1371,MMLU-ProX,Dong,CS-E,TRA,2026-05-30T10:23:44.631Z,2,v3,,
1371,MMLU-ProX,Vy,CS-E,TRA,2026-06-01T15:45:38.462Z,2,v3,,
1371,MMLU-ProX,Nhu,CS-E,TRA,2026-06-02T23:33:54.583Z,2,v3,,
1372,MMLU-ProX,Dong,CS-E,TRA,2026-05-30T10:23:44.631Z,2,v3,,
1372,MMLU-ProX,Vy,CS-E,TRA,2026-06-01T15:45:43.914Z,2,v3,,
1372,MMLU-ProX,Nhu,CS-E,TRA,2026-06-02T23:33:54.583Z,2,v3,,
1373,MMLU-ProX,Dong,CS-E,TRA,2026-05-30T10:23:44.631Z,2,v3,,
1373,MMLU-ProX,Vy,CS-E,TRA,2026-06-01T15:45:49.367Z,2,v3,,
1373,MMLU-ProX,Nhu,CS-E,TRA,2026-06-02T23:33:54.583Z,2,v3,,
1374,MMLU-ProX,Dong,CS-E,TRA,2026-05-30T10:23:44.631Z,2,v3,,
1374,MMLU-ProX,Vy,CS-E,TRA,2026-06-01T15:45:54.819Z,2,v3,,
1374,MMLU-ProX,Nhu,CS-E,TRA,2026-06-02T23:33:54.583Z,2,v3,,
1375,MMLU-ProX,Dong,CS-E,TRA,2026-05-30T10:23:44.631Z,2,v3,,
1375,MMLU-ProX,Vy,CS-E,TRA,2026-06-01T15:46:00.271Z,2,v3,,
1375,MMLU-ProX,Nhu,CS-E,TRA,2026-06-02T23:33:54.583Z,2,v3,,
1376,MMLU-ProX,Dong,CS-E,TRA,2026-05-30T10:23:44.631Z,2,v3,,
1376,MMLU-ProX,Vy,CS-E,TRA,2026-06-01T15:46:05.724Z,2,v3,,
1376,MMLU-ProX,Nhu,CS-E,TRA,2026-06-02T23:33:54.583Z,2,v3,,
1377,MMLU-ProX,Dong,CS-E,TRA,2026-05-30T10:23:44.631Z,2,v3,,
1377,MMLU-ProX,Vy,CS-E,TRA,2026-06-01T15:46:11.176Z,2,v3,,
1377,MMLU-ProX,Nhu,CS-E,TRA,2026-06-02T23:33:54.583Z,2,v3,,
1378,MMLU-ProX,Dong,CS-E,TRA,2026-05-30T10:23:44.631Z,2,v3,,
1378,MMLU-ProX,Vy,CS-E,TRA,2026-06-01T15:46:16.629Z,2,v3,,
1378,MMLU-ProX,Nhu,CS-E,TRA,2026-06-02T23:33:54.583Z,2,v3,,
1379,MMLU-ProX,Dong,CS-E,TRA,2026-05-30T10:23:44.631Z,2,v3,,
1379,MMLU-ProX,Vy,CS-E,TRA,2026-06-01T15:46:22.081Z,2,v3,,
1379,MMLU-ProX,Nhu,CS-E,TRA,2026-06-02T23:33:54.583Z,2,v3,,
1380,MMLU-ProX,Dong,CS-E,TRA,2026-05-30T10:23:44.631Z,2,v3,,
1380,MMLU-ProX,Vy,CS-E,TRA,2026-06-01T15:46:27.534Z,2,v3,,
1380,MMLU-ProX,Nhu,CS-E,TRA,2026-06-02T23:33:54.583Z,2,v3,,
1381,MMLU-ProX,Dong,CS-E,TRA,2026-05-30T10:23:44.631Z,2,v3,,
1381,MMLU-ProX,Vy,CS-E,TRA,2026-06-01T15:46:32.986Z,2,v3,,
1381,MMLU-ProX,Nhu,CS-E,TRA,2026-06-02T23:33:54.583Z,2,v3,,
1382,MMLU-ProX,Dong,CS-E,TRA,2026-05-30T10:23:44.631Z,2,v3,,
1382,MMLU-ProX,Vy,CS-E,TRA,2026-06-01T15:46:38.438Z,2,v3,,
1382,MMLU-ProX,Nhu,CS-E,TRA,2026-06-02T23:33:54.583Z,2,v3,,
1383,MMLU-ProX,Dong,CS-E,TRA,2026-05-30T10:23:44.631Z,2,v3,,
1383,MMLU-ProX,Vy,CS-E,TRA,2026-06-01T15:46:43.891Z,2,v3,,
1383,MMLU-ProX,Nhu,CS-E,TRA,2026-06-02T23:33:54.583Z,2,v3,,
1384,MMLU-ProX,Dong,CS-E,TRA,2026-05-30T10:23:44.631Z,2,v3,,
1384,MMLU-ProX,Vy,CS-E,TRA,2026-06-01T15:46:49.343Z,2,v3,,
1384,MMLU-ProX,Nhu,CS-E,TRA,2026-06-02T23:33:54.583Z,2,v3,,
1385,MMLU-ProX,Dong,CS-E,TRA,2026-05-30T10:23:44.631Z,2,v3,,
1385,MMLU-ProX,Vy,CS-E,TRA,2026-06-01T15:46:54.796Z,2,v3,,
1385,MMLU-ProX,Nhu,CS-E,TRA,2026-06-02T23:33:54.583Z,2,v3,,
1386,MMLU-ProX,Dong,CS-E,TRA,2026-05-30T10:23:44.631Z,2,v3,,
1386,MMLU-ProX,Vy,CS-E,TRA,2026-06-01T15:47:00.248Z,2,v3,,
1386,MMLU-ProX,Nhu,CS-E,TRA,2026-06-02T23:33:54.583Z,2,v3,,
1387,MMLU-ProX,Dong,CS-E,TRA,2026-05-30T10:23:44.631Z,2,v3,,
1387,MMLU-ProX,Vy,CS-E,TRA,2026-06-01T15:47:05.700Z,2,v3,,
1387,MMLU-ProX,Nhu,CS-E,TRA,2026-06-02T23:33:54.583Z,2,v3,,
1388,MMLU-ProX,Dong,CS-E,TRA,2026-05-30T10:23:44.631Z,2,v3,,
1388,MMLU-ProX,Vy,CS-E,TRA,2026-06-01T15:47:11.153Z,2,v3,,
1388,MMLU-ProX,Nhu,CS-E,TRA,2026-06-02T23:33:54.583Z,2,v3,,
1389,MMLU-ProX,Dong,CA,TRA,2026-05-30T10:23:44.631Z,2,v3,,
1389,MMLU-ProX,Vy,CA,TRA,2026-06-01T15:47:16.605Z,2,v3,,
1389,MMLU-ProX,Nhu,CA,TRA,2026-06-02T23:33:54.583Z,2,v3,,
1390,MMLU-ProX,Dong,CS-E,TRA,2026-05-30T10:23:44.631Z,2,v3,,
1390,MMLU-ProX,Vy,CS-E,TRA,2026-06-01T15:47:22.058Z,2,v3,,
1390,MMLU-ProX,Nhu,CS-E,TRA,2026-06-02T23:33:54.583Z,2,v3,,
1391,MMLU-ProX,Dong,CA,TRA,2026-05-30T10:23:44.631Z,2,v3,,
1391,MMLU-ProX,Vy,CA,TRA,2026-06-01T15:47:27.510Z,2,v3,,
1391,MMLU-ProX,Nhu,CA,TRA,2026-06-02T23:33:54.583Z,2,v3,,
1392,MMLU-ProX,Dong,CA,TRA,2026-05-30T10:23:44.631Z,2,v3,,
1392,MMLU-ProX,Vy,CA,TRA,2026-06-01T15:47:32.962Z,2,v3,,
1392,MMLU-ProX,Nhu,CA,TRA,2026-06-02T23:33:54.583Z,2,v3,,
1393,MMLU-ProX,Dong,CA,TRA,2026-05-30T10:23:44.631Z,2,v3,,
1393,MMLU-ProX,Vy,CA,TRA,2026-06-01T15:47:38.415Z,2,v3,,
1393,MMLU-ProX,Nhu,CA,TRA,2026-06-02T23:33:54.583Z,2,v3,,
1394,MMLU-ProX,Dong,CA,TRA,2026-05-30T10:23:44.631Z,2,v3,,
1394,MMLU-ProX,Vy,CA,TRA,2026-06-01T15:47:43.867Z,2,v3,,
1394,MMLU-ProX,Nhu,CA,TRA,2026-06-02T23:33:54.583Z,2,v3,,
1395,MMLU-ProX,Dong,CS-E,TRA,2026-05-30T10:23:44.631Z,2,v3,,
1395,MMLU-ProX,Vy,CS-E,TRA,2026-06-01T15:47:49.320Z,2,v3,,
1395,MMLU-ProX,Nhu,CS-E,TRA,2026-06-02T23:33:54.583Z,2,v3,,
1396,MMLU-ProX,Dong,CA,TRA,2026-05-30T10:23:44.631Z,2,v3,,
1396,MMLU-ProX,Vy,CA,TRA,2026-06-01T15:47:54.772Z,2,v3,,
1396,MMLU-ProX,Nhu,CA,TRA,2026-06-02T23:33:54.583Z,2,v3,,
1397,MMLU-ProX,Dong,CA,TRA,2026-05-30T10:23:44.631Z,2,v3,,
1397,MMLU-ProX,Vy,CA,TRA,2026-06-01T15:48:00.224Z,2,v3,,
1397,MMLU-ProX,Nhu,CA,TRA,2026-06-02T23:33:54.583Z,2,v3,,
1398,MMLU-ProX,Dong,CS-E,TRA,2026-05-30T10:23:44.631Z,2,v3,,
1398,MMLU-ProX,Vy,CS-E,TRA,2026-06-01T15:48:05.677Z,2,v3,,
1398,MMLU-ProX,Nhu,CS-E,TRA,2026-06-02T23:33:54.583Z,2,v3,,
1399,MMLU-ProX,Dong,CS-E,TRA,2026-05-30T10:23:44.631Z,2,v3,,
1399,MMLU-ProX,Vy,CS-E,TRA,2026-06-01T15:48:11.129Z,2,v3,,
1399,MMLU-ProX,Nhu,CS-E,TRA,2026-06-02T23:33:54.583Z,2,v3,,
1400,MMLU-ProX,Dong,CS-E,TRA,2026-05-30T10:23:44.631Z,2,v3,,
1400,MMLU-ProX,Vy,CS-E,TRA,2026-06-01T15:48:16.582Z,2,v3,,
1400,MMLU-ProX,Nhu,CS-E,TRA,2026-06-02T23:33:54.583Z,2,v3,,
1401,MMLU-ProX,Dong,CS-E,TRA,2026-05-30T10:23:44.631Z,2,v3,,
1401,MMLU-ProX,Vy,CS-E,TRA,2026-06-01T15:48:22.034Z,2,v3,,
1401,MMLU-ProX,Nhu,CS-E,TRA,2026-06-02T23:33:54.583Z,2,v3,,
1402,MMLU-ProX,Dong,CS-E,TRA,2026-05-30T10:23:44.631Z,2,v3,,
1402,MMLU-ProX,Vy,CS-E,TRA,2026-06-01T15:48:27.486Z,2,v3,,
1402,MMLU-ProX,Nhu,CS-E,TRA,2026-06-02T23:33:54.583Z,2,v3,,
1403,MMLU-ProX,Dong,CS-E,TRA,2026-05-30T10:23:44.631Z,2,v3,,
1403,MMLU-ProX,Vy,CS-E,TRA,2026-06-01T15:48:32.939Z,2,v3,,
1403,MMLU-ProX,Nhu,CS-E,TRA,2026-06-02T23:33:54.583Z,2,v3,,
1404,MMLU-ProX,Dong,CS-E,TRA,2026-05-30T10:23:44.631Z,2,v3,,
1404,MMLU-ProX,Vy,CS-E,TRA,2026-06-01T15:48:38.391Z,2,v3,,
1404,MMLU-ProX,Nhu,CS-E,TRA,2026-06-02T23:33:54.583Z,2,v3,,
1405,MMLU-ProX,Dong,CS-E,TRA,2026-05-30T10:23:44.631Z,2,v3,,
1405,MMLU-ProX,Vy,CS-E,TRA,2026-06-01T15:48:43.844Z,2,v3,,
1405,MMLU-ProX,Nhu,CS-E,TRA,2026-06-02T23:33:54.583Z,2,v3,,
1406,MMLU-ProX,Dong,CS-E,TRA,2026-05-30T10:23:44.631Z,2,v3,,
1406,MMLU-ProX,Vy,CS-E,TRA,2026-06-01T15:48:49.296Z,2,v3,,
1406,MMLU-ProX,Nhu,CS-E,TRA,2026-06-02T23:33:54.583Z,2,v3,,
1407,MMLU-ProX,Dong,CS-E,TRA,2026-05-30T10:23:44.631Z,2,v3,,
1407,MMLU-ProX,Vy,CS-E,TRA,2026-06-01T15:48:54.748Z,2,v3,,
1407,MMLU-ProX,Nhu,CS-E,TRA,2026-06-02T23:33:54.583Z,2,v3,,
1408,MMLU-ProX,Dong,CS-E,TRA,2026-05-30T10:23:44.631Z,2,v3,,
1408,MMLU-ProX,Vy,CS-E,TRA,2026-06-01T15:49:00.201Z,2,v3,,
1408,MMLU-ProX,Nhu,CS-E,TRA,2026-06-02T23:33:54.583Z,2,v3,,
1409,MMLU-ProX,Dong,CS-E,TRA,2026-05-30T10:23:44.631Z,2,v3,,
1409,MMLU-ProX,Vy,CS-E,TRA,2026-06-01T15:49:05.653Z,2,v3,,
1409,MMLU-ProX,Nhu,CS-E,TRA,2026-06-02T23:33:54.583Z,2,v3,,
1410,MMLU-ProX,Dong,CS-E,TRA,2026-05-30T10:23:44.631Z,2,v3,,
1410,MMLU-ProX,Vy,CS-E,TRA,2026-06-01T15:49:11.106Z,2,v3,,
1410,MMLU-ProX,Nhu,CS-E,TRA,2026-06-02T23:33:54.583Z,2,v3,,
1411,MMLU-ProX,Dong,CS-E,TRA,2026-05-30T10:23:44.631Z,2,v3,,
1411,MMLU-ProX,Vy,CS-E,TRA,2026-06-01T15:49:16.558Z,2,v3,,
1411,MMLU-ProX,Nhu,CS-E,TRA,2026-06-02T23:33:54.583Z,2,v3,,
1412,MMLU-ProX,Dong,CS-E,TRA,2026-05-30T10:23:44.631Z,2,v3,,
1412,MMLU-ProX,Vy,CS-E,TRA,2026-06-01T15:49:22.010Z,2,v3,,
1412,MMLU-ProX,Nhu,CS-E,TRA,2026-06-02T23:33:54.583Z,2,v3,,
1413,MMLU-ProX,Dong,CS-E,TRA,2026-05-30T10:23:44.631Z,2,v3,,
1413,MMLU-ProX,Vy,CS-E,TRA,2026-06-01T15:49:27.463Z,2,v3,,
1413,MMLU-ProX,Nhu,CS-E,TRA,2026-06-02T23:33:54.583Z,2,v3,,
1414,MMLU-ProX,Dong,CS-E,TRA,2026-05-30T10:23:44.631Z,2,v3,,
1414,MMLU-ProX,Vy,CS-E,TRA,2026-06-01T15:49:32.915Z,2,v3,,
1414,MMLU-ProX,Nhu,CS-E,TRA,2026-06-02T23:33:54.583Z,2,v3,,
1415,MMLU-ProX,Dong,CS-E,TRA,2026-05-30T10:23:44.631Z,2,v3,,
1415,MMLU-ProX,Vy,CS-E,TRA,2026-06-01T15:49:38.368Z,2,v3,,
1415,MMLU-ProX,Nhu,CS-E,TRA,2026-06-02T23:33:54.583Z,2,v3,,
1416,MMLU-ProX,Dong,CS-E,TRA,2026-05-30T10:23:44.631Z,2,v3,,
1416,MMLU-ProX,Vy,CS-E,TRA,2026-06-01T15:49:43.820Z,2,v3,,
1416,MMLU-ProX,Nhu,CS-E,TRA,2026-06-02T23:33:54.583Z,2,v3,,
1417,MMLU-ProX,Dong,CS-E,TRA,2026-05-30T10:23:44.631Z,2,v3,,
1417,MMLU-ProX,Vy,CS-E,TRA,2026-06-01T15:49:49.272Z,2,v3,,
1417,MMLU-ProX,Nhu,CS-E,TRA,2026-06-02T23:33:54.583Z,2,v3,,
1418,MMLU-ProX,Dong,CS-E,TRA,2026-05-30T10:23:44.631Z,2,v3,,
1418,MMLU-ProX,Vy,CS-E,TRA,2026-06-01T15:49:54.725Z,2,v3,,
1418,MMLU-ProX,Nhu,CS-E,TRA,2026-06-02T23:33:54.583Z,2,v3,,
1419,MMLU-ProX,Dong,CS-E,TRA,2026-05-30T10:23:44.631Z,2,v3,,
1419,MMLU-ProX,Vy,CS-E,TRA,2026-06-01T15:50:00.177Z,2,v3,,
1419,MMLU-ProX,Nhu,CS-E,TRA,2026-06-02T23:33:54.583Z,2,v3,,
1420,MMLU-ProX,Dong,CS-E,TRA,2026-05-30T10:23:44.631Z,2,v3,,
1420,MMLU-ProX,Vy,CS-E,TRA,2026-06-01T15:50:05.630Z,2,v3,,
1420,MMLU-ProX,Nhu,CS-E,TRA,2026-06-02T23:33:54.583Z,2,v3,,
1421,MMLU-ProX,Dong,CS-E,TRA,2026-05-30T10:23:44.631Z,2,v3,,
1421,MMLU-ProX,Vy,CS-E,TRA,2026-06-01T15:50:11.082Z,2,v3,,
1421,MMLU-ProX,Nhu,CS-E,TRA,2026-06-02T23:33:54.583Z,2,v3,,
1422,MMLU-ProX,Dong,CS-E,TRA,2026-05-30T10:23:44.631Z,2,v3,,
1422,MMLU-ProX,Vy,CS-E,TRA,2026-06-01T15:50:16.535Z,2,v3,,
1422,MMLU-ProX,Nhu,CS-E,TRA,2026-06-02T23:33:54.583Z,2,v3,,
1423,MMLU-ProX,Dong,CS-E,TRA,2026-05-30T10:23:44.631Z,2,v3,,
1423,MMLU-ProX,Vy,CS-E,TRA,2026-06-01T15:50:21.987Z,2,v3,,
1423,MMLU-ProX,Nhu,CS-E,TRA,2026-06-02T23:33:54.583Z,2,v3,,
1424,MMLU-ProX,Dong,CS-E,TRA,2026-05-30T10:23:44.631Z,2,v3,,
1424,MMLU-ProX,Vy,CS-E,TRA,2026-06-01T15:50:27.439Z,2,v3,,
1424,MMLU-ProX,Nhu,CS-E,TRA,2026-06-02T23:33:54.583Z,2,v3,,
1425,MMLU-ProX,Dong,CS-E,TRA,2026-05-30T10:23:44.631Z,2,v3,,
1425,MMLU-ProX,Vy,CS-E,TRA,2026-06-01T15:50:32.892Z,2,v3,,
1425,MMLU-ProX,Nhu,CS-E,TRA,2026-06-02T23:33:54.583Z,2,v3,,
1426,MMLU-ProX,Dong,CS-E,TRA,2026-05-30T10:23:44.631Z,2,v3,,
1426,MMLU-ProX,Vy,CS-E,TRA,2026-06-01T15:50:38.344Z,2,v3,,
1426,MMLU-ProX,Nhu,CS-E,TRA,2026-06-02T23:33:54.583Z,2,v3,,
1427,MMLU-ProX,Dong,CS-E,TRA,2026-05-30T10:23:44.631Z,2,v3,,
1427,MMLU-ProX,Vy,CS-E,TRA,2026-06-01T15:50:43.797Z,2,v3,,
1427,MMLU-ProX,Nhu,CS-E,TRA,2026-06-02T23:33:54.583Z,2,v3,,
1428,MMLU-ProX,Dong,CS-E,TRA,2026-05-30T10:23:44.631Z,2,v3,,
1428,MMLU-ProX,Vy,CS-E,TRA,2026-06-01T15:50:49.249Z,2,v3,,
1428,MMLU-ProX,Nhu,CS-E,TRA,2026-06-02T23:33:54.583Z,2,v3,,
1429,MMLU-ProX,Dong,CS-E,TRA,2026-05-30T10:23:44.631Z,2,v3,,
1429,MMLU-ProX,Vy,CS-E,TRA,2026-06-01T15:50:54.701Z,2,v3,,
1429,MMLU-ProX,Nhu,CS-E,TRA,2026-06-02T23:33:54.583Z,2,v3,,
1430,MMLU-ProX,Dong,CS-E,TRA,2026-05-30T10:23:44.631Z,2,v3,,
1430,MMLU-ProX,Vy,CS-E,TRA,2026-06-01T15:51:00.154Z,2,v3,,
1430,MMLU-ProX,Nhu,CS-E,TRA,2026-06-02T23:33:54.583Z,2,v3,,
1431,MMLU-ProX,Dong,CS-E,TRA,2026-05-30T10:23:44.631Z,2,v3,,
1431,MMLU-ProX,Vy,CS-E,TRA,2026-06-01T15:51:05.606Z,2,v3,,
1431,MMLU-ProX,Nhu,CS-E,TRA,2026-06-02T23:33:54.583Z,2,v3,,
1432,MMLU-ProX,Dong,CS-E,TRA,2026-05-30T10:23:44.631Z,2,v3,,
1432,MMLU-ProX,Vy,CS-E,TRA,2026-06-01T15:51:11.059Z,2,v3,,
1432,MMLU-ProX,Nhu,CS-E,TRA,2026-06-02T23:33:54.583Z,2,v3,,
1433,MMLU-ProX,Dong,CS-E,TRA,2026-05-30T10:23:44.631Z,2,v3,,
1433,MMLU-ProX,Vy,CS-E,TRA,2026-06-01T15:51:16.511Z,2,v3,,
1433,MMLU-ProX,Nhu,CS-E,TRA,2026-06-02T23:33:54.583Z,2,v3,,
1434,MMLU-ProX,Dong,CS-E,TRA,2026-05-30T10:23:44.631Z,2,v3,,
1434,MMLU-ProX,Vy,CS-E,TRA,2026-06-01T15:51:21.963Z,2,v3,,
1434,MMLU-ProX,Nhu,CS-E,TRA,2026-06-02T23:33:54.583Z,2,v3,,
1435,MMLU-ProX,Dong,CS-E,TRA,2026-05-30T10:23:44.631Z,2,v3,,
1435,MMLU-ProX,Vy,CS-E,TRA,2026-06-01T15:51:27.416Z,2,v3,,
1435,MMLU-ProX,Nhu,CS-E,TRA,2026-06-02T23:33:54.583Z,2,v3,,
1436,MMLU-ProX,Dong,CS-E,TRA,2026-05-30T10:23:44.631Z,2,v3,,
1436,MMLU-ProX,Vy,CS-E,TRA,2026-06-01T15:51:32.868Z,2,v3,,
1436,MMLU-ProX,Nhu,CS-E,TRA,2026-06-02T23:33:54.583Z,2,v3,,
1437,MMLU-ProX,Dong,CS-E,TRA,2026-05-30T10:23:44.631Z,2,v3,,
1437,MMLU-ProX,Vy,CS-E,TRA,2026-06-01T15:51:38.321Z,2,v3,,
1437,MMLU-ProX,Nhu,CS-E,TRA,2026-06-02T23:33:54.583Z,2,v3,,
1438,MMLU-ProX,Dong,CS-E,TRA,2026-05-30T10:23:44.631Z,2,v3,,
1438,MMLU-ProX,Vy,CS-E,TRA,2026-06-01T15:51:43.773Z,2,v3,,
1438,MMLU-ProX,Nhu,CS-E,TRA,2026-06-02T23:33:54.583Z,2,v3,,
1439,MMLU-ProX,Dong,CS-E,TRA,2026-05-30T10:23:44.631Z,2,v3,,
1439,MMLU-ProX,Vy,CS-E,TRA,2026-06-01T15:51:49.225Z,2,v3,,
1439,MMLU-ProX,Nhu,CS-E,TRA,2026-06-02T23:33:54.583Z,2,v3,,
1440,MMLU-ProX,Dong,CS-E,TRA,2026-05-30T10:23:44.631Z,2,v3,,
1440,MMLU-ProX,Vy,CS-E,TRA,2026-06-01T15:51:54.678Z,2,v3,,
1440,MMLU-ProX,Nhu,CS-E,TRA,2026-06-02T23:33:54.583Z,2,v3,,
1441,MMLU-ProX,Dong,CS-E,TRA,2026-05-30T10:23:44.631Z,2,v3,,
1441,MMLU-ProX,Vy,CS-E,TRA,2026-06-01T15:52:00.130Z,2,v3,,
1441,MMLU-ProX,Nhu,CS-E,TRA,2026-06-02T23:33:54.583Z,2,v3,,
1442,MMLU-ProX,Dong,CS-E,TRA,2026-05-30T10:23:44.631Z,2,v3,,
1442,MMLU-ProX,Vy,CS-E,TRA,2026-06-01T15:52:05.583Z,2,v3,,
1442,MMLU-ProX,Nhu,CS-E,TRA,2026-06-02T23:33:54.583Z,2,v3,,
1443,MMLU-ProX,Dong,CS-E,TRA,2026-05-30T10:23:44.632Z,2,v3,,
1443,MMLU-ProX,Vy,CS-E,TRA,2026-06-01T15:52:11.035Z,2,v3,,
1443,MMLU-ProX,Nhu,CS-E,TRA,2026-06-02T23:33:54.584Z,2,v3,,
1444,MMLU-ProX,Dong,CS-E,TRA,2026-05-30T10:23:44.632Z,2,v3,,
1444,MMLU-ProX,Vy,CS-E,TRA,2026-06-01T15:52:16.487Z,2,v3,,
1444,MMLU-ProX,Nhu,CS-E,TRA,2026-06-02T23:33:54.584Z,2,v3,,
1445,MMLU-ProX,Dong,CS-E,TRA,2026-05-30T10:23:44.632Z,2,v3,,
1445,MMLU-ProX,Vy,CS-E,TRA,2026-06-01T15:52:21.940Z,2,v3,,
1445,MMLU-ProX,Nhu,CS-E,TRA,2026-06-02T23:33:54.584Z,2,v3,,
1446,MMLU-ProX,Dong,CS-E,TRA,2026-05-30T10:23:44.632Z,2,v3,,
1446,MMLU-ProX,Vy,CS-E,TRA,2026-06-01T15:52:27.392Z,2,v3,,
1446,MMLU-ProX,Nhu,CS-E,TRA,2026-06-02T23:33:54.584Z,2,v3,,
1447,MMLU-ProX,Dong,CS-E,TRA,2026-05-30T10:23:44.632Z,2,v3,,
1447,MMLU-ProX,Vy,CS-E,TRA,2026-06-01T15:52:32.845Z,2,v3,,
1447,MMLU-ProX,Nhu,CS-E,TRA,2026-06-02T23:33:54.584Z,2,v3,,
1448,MMLU-ProX,Dong,CS-E,TRA,2026-05-30T10:23:44.632Z,2,v3,,
1448,MMLU-ProX,Vy,CS-E,TRA,2026-06-01T15:52:38.297Z,2,v3,,
1448,MMLU-ProX,Nhu,CS-E,TRA,2026-06-02T23:33:54.584Z,2,v3,,
1449,MMLU-ProX,Dong,CS-E,TRA,2026-05-30T10:23:44.632Z,2,v3,,
1449,MMLU-ProX,Vy,CS-E,TRA,2026-06-01T15:52:43.749Z,2,v3,,
1449,MMLU-ProX,Nhu,CS-E,TRA,2026-06-02T23:33:54.584Z,2,v3,,
1450,MMLU-ProX,Dong,CS-E,TRA,2026-05-30T10:23:44.632Z,2,v3,,
1450,MMLU-ProX,Vy,CS-E,TRA,2026-06-01T15:52:49.202Z,2,v3,,
1450,MMLU-ProX,Nhu,CS-E,TRA,2026-06-02T23:33:54.584Z,2,v3,,
1451,MMLU-ProX,Dong,CS-E,TRA,2026-05-30T10:23:44.632Z,2,v3,,
1451,MMLU-ProX,Vy,CS-E,TRA,2026-06-01T15:52:54.654Z,2,v3,,
1451,MMLU-ProX,Nhu,CS-E,TRA,2026-06-02T23:33:54.584Z,2,v3,,
1452,MMLU-ProX,Dong,CS-E,TRA,2026-05-30T10:23:44.632Z,2,v3,,
1452,MMLU-ProX,Vy,CS-E,TRA,2026-06-01T15:53:00.107Z,2,v3,,
1452,MMLU-ProX,Nhu,CS-E,TRA,2026-06-02T23:33:54.584Z,2,v3,,
1453,MMLU-ProX,Dong,CS-E,TRA,2026-05-30T10:23:44.632Z,2,v3,,
1453,MMLU-ProX,Vy,CS-E,TRA,2026-06-01T15:53:05.559Z,2,v3,,
1453,MMLU-ProX,Nhu,CS-E,TRA,2026-06-02T23:33:54.584Z,2,v3,,
1454,MMLU-ProX,Dong,CS-E,TRA,2026-05-30T10:23:44.632Z,2,v3,,
1454,MMLU-ProX,Vy,CS-E,TRA,2026-06-01T15:53:11.011Z,2,v3,,
1454,MMLU-ProX,Nhu,CS-E,TRA,2026-06-02T23:33:54.584Z,2,v3,,
1455,MMLU-ProX,Dong,CS-E,TRA,2026-05-30T10:23:44.632Z,2,v3,,
1455,MMLU-ProX,Vy,CS-E,TRA,2026-06-01T15:53:16.464Z,2,v3,,
1455,MMLU-ProX,Nhu,CS-E,TRA,2026-06-02T23:33:54.584Z,2,v3,,
1456,MMLU-ProX,Dong,CS-E,TRA,2026-05-30T10:23:44.632Z,2,v3,,
1456,MMLU-ProX,Vy,CS-E,TRA,2026-06-01T15:53:21.916Z,2,v3,,
1456,MMLU-ProX,Nhu,CS-E,TRA,2026-06-02T23:33:54.584Z,2,v3,,
1457,MMLU-ProX,Dong,CS-E,TRA,2026-05-30T10:23:44.632Z,2,v3,,
1457,MMLU-ProX,Vy,CS-E,TRA,2026-06-01T15:53:27.369Z,2,v3,,
1457,MMLU-ProX,Nhu,CS-E,TRA,2026-06-02T23:33:54.584Z,2,v3,,
1458,MMLU-ProX,Dong,CS-E,TRA,2026-05-30T10:23:44.632Z,2,v3,,
1458,MMLU-ProX,Vy,CS-E,TRA,2026-06-01T15:53:32.821Z,2,v3,,
1458,MMLU-ProX,Nhu,CS-E,TRA,2026-06-02T23:33:54.584Z,2,v3,,
1459,MMLU-ProX,Dong,CS-E,TRA,2026-05-30T10:23:44.632Z,2,v3,,
1459,MMLU-ProX,Vy,CS-E,TRA,2026-06-01T15:53:38.274Z,2,v3,,
1459,MMLU-ProX,Nhu,CS-E,TRA,2026-06-02T23:33:54.584Z,2,v3,,
1460,MMLU-ProX,Dong,CS-E,TRA,2026-05-30T10:23:44.632Z,2,v3,,
1460,MMLU-ProX,Vy,CS-E,TRA,2026-06-01T15:53:43.726Z,2,v3,,
1460,MMLU-ProX,Nhu,CS-E,TRA,2026-06-02T23:33:54.584Z,2,v3,,
1461,MMLU-ProX,Dong,CS-E,TRA,2026-05-30T10:23:44.632Z,2,v3,,
1461,MMLU-ProX,Vy,CS-E,TRA,2026-06-01T15:53:49.178Z,2,v3,,
1461,MMLU-ProX,Nhu,CS-E,TRA,2026-06-02T23:33:54.584Z,2,v3,,
1462,MMLU-ProX,Dong,CS-E,TRA,2026-05-30T10:23:44.632Z,2,v3,,
1462,MMLU-ProX,Vy,CS-E,TRA,2026-06-01T15:53:54.631Z,2,v3,,
1462,MMLU-ProX,Nhu,CS-E,TRA,2026-06-02T23:33:54.584Z,2,v3,,
1463,MMLU-ProX,Dong,CS-E,TRA,2026-05-30T10:23:44.632Z,2,v3,,
1463,MMLU-ProX,Vy,CS-E,TRA,2026-06-01T15:54:00.083Z,2,v3,,
1463,MMLU-ProX,Nhu,CS-E,TRA,2026-06-02T23:33:54.584Z,2,v3,,
1464,MMLU-ProX,Dong,CA,TRA,2026-05-30T10:23:44.632Z,2,v3,,
1464,MMLU-ProX,Vy,CA,TRA,2026-06-01T15:54:05.536Z,2,v3,,
1464,MMLU-ProX,Nhu,CA,TRA,2026-06-02T23:33:54.584Z,2,v3,,
1465,MMLU-ProX,Dong,CA,TRA,2026-05-30T10:23:44.632Z,2,v3,,
1465,MMLU-ProX,Vy,CA,TRA,2026-06-01T15:54:10.988Z,2,v3,,
1465,MMLU-ProX,Nhu,CA,TRA,2026-06-02T23:33:54.584Z,2,v3,,
1466,MMLU-ProX,Dong,CA,TRA,2026-05-30T10:23:44.632Z,2,v3,,
1466,MMLU-ProX,Vy,CA,TRA,2026-06-01T15:54:16.440Z,2,v3,,
1466,MMLU-ProX,Nhu,CA,TRA,2026-06-02T23:33:54.584Z,2,v3,,
1467,MMLU-ProX,Dong,CA,TRA,2026-05-30T10:23:44.632Z,2,v3,,
1467,MMLU-ProX,Vy,CA,TRA,2026-06-01T15:54:21.893Z,2,v3,,
1467,MMLU-ProX,Nhu,CA,TRA,2026-06-02T23:33:54.584Z,2,v3,,
1468,MMLU-ProX,Dong,CA,TRA,2026-05-30T10:23:44.632Z,2,v3,,
1468,MMLU-ProX,Vy,CA,TRA,2026-06-01T15:54:27.345Z,2,v3,,
1468,MMLU-ProX,Nhu,CA,TRA,2026-06-02T23:33:54.584Z,2,v3,,
1469,MMLU-ProX,Dong,CA,TRA,2026-05-30T10:23:44.632Z,2,v3,,
1469,MMLU-ProX,Vy,CA,TRA,2026-06-01T15:54:32.798Z,2,v3,,
1469,MMLU-ProX,Nhu,CA,TRA,2026-06-02T23:33:54.584Z,2,v3,,
1470,MMLU-ProX,Dong,CS-E,TRA,2026-05-30T10:23:44.632Z,2,v3,,
1470,MMLU-ProX,Vy,CS-E,TRA,2026-06-01T15:54:38.250Z,2,v3,,
1470,MMLU-ProX,Nhu,CS-E,TRA,2026-06-02T23:33:54.584Z,2,v3,,
1471,MMLU-ProX,Dong,CS-E,TRA,2026-05-30T10:23:44.632Z,2,v3,,
1471,MMLU-ProX,Vy,CS-E,TRA,2026-06-01T15:54:43.702Z,2,v3,,
1471,MMLU-ProX,Nhu,CS-E,TRA,2026-06-02T23:33:54.584Z,2,v3,,
1472,MMLU-ProX,Dong,CS-E,TRA,2026-05-30T10:23:44.632Z,2,v3,,
1472,MMLU-ProX,Vy,CS-E,TRA,2026-06-01T15:54:49.155Z,2,v3,,
1472,MMLU-ProX,Nhu,CS-E,TRA,2026-06-02T23:33:54.584Z,2,v3,,
1473,MMLU-ProX,Dong,CS-E,TRA,2026-05-30T10:23:44.632Z,2,v3,,
1473,MMLU-ProX,Vy,CS-E,TRA,2026-06-01T15:54:54.607Z,2,v3,,
1473,MMLU-ProX,Nhu,CS-E,TRA,2026-06-02T23:33:54.584Z,2,v3,,
1474,MMLU-ProX,Dong,CS-E,TRA,2026-05-30T10:23:44.632Z,2,v3,,
1474,MMLU-ProX,Vy,CS-E,TRA,2026-06-01T15:55:00.060Z,2,v3,,
1474,MMLU-ProX,Nhu,CS-E,TRA,2026-06-02T23:33:54.584Z,2,v3,,
1475,MMLU-ProX,Dong,CS-E,TRA,2026-05-30T10:23:44.632Z,2,v3,,
1475,MMLU-ProX,Vy,CS-E,TRA,2026-06-01T15:55:05.512Z,2,v3,,
1475,MMLU-ProX,Nhu,CS-E,TRA,2026-06-02T23:33:54.584Z,2,v3,,
1476,MMLU-ProX,Dong,CS-E,TRA,2026-05-30T10:23:44.632Z,2,v3,,
1476,MMLU-ProX,Vy,CS-E,TRA,2026-06-01T15:55:10.964Z,2,v3,,
1476,MMLU-ProX,Nhu,CS-E,TRA,2026-06-02T23:33:54.584Z,2,v3,,
1477,MMLU-ProX,Dong,CS-E,TRA,2026-05-30T10:23:44.632Z,2,v3,,
1477,MMLU-ProX,Vy,CS-E,TRA,2026-06-01T15:55:16.417Z,2,v3,,
1477,MMLU-ProX,Nhu,CS-E,TRA,2026-06-02T23:33:54.584Z,2,v3,,
1478,MMLU-ProX,Dong,CS-E,TRA,2026-05-30T10:23:44.632Z,2,v3,,
1478,MMLU-ProX,Vy,CS-E,TRA,2026-06-01T15:55:21.869Z,2,v3,,
1478,MMLU-ProX,Nhu,CS-E,TRA,2026-06-02T23:33:54.584Z,2,v3,,
1479,MMLU-ProX,Dong,CS-E,TRA,2026-05-30T10:23:44.632Z,2,v3,,
1479,MMLU-ProX,Vy,CS-E,TRA,2026-06-01T15:55:27.322Z,2,v3,,
1479,MMLU-ProX,Nhu,CS-E,TRA,2026-06-02T23:33:54.584Z,2,v3,,
1480,MMLU-ProX,Dong,CS-E,TRA,2026-05-30T10:23:44.632Z,2,v3,,
1480,MMLU-ProX,Vy,CS-E,TRA,2026-06-01T15:55:32.774Z,2,v3,,
1480,MMLU-ProX,Nhu,CS-E,TRA,2026-06-02T23:33:54.584Z,2,v3,,
1481,MMLU-ProX,Dong,CS-E,TRA,2026-05-30T10:23:44.632Z,2,v3,,
1481,MMLU-ProX,Vy,CS-E,TRA,2026-06-01T15:55:38.226Z,2,v3,,
1481,MMLU-ProX,Nhu,CS-E,TRA,2026-06-02T23:33:54.584Z,2,v3,,
1482,MMLU-ProX,Dong,CS-E,TRA,2026-05-30T10:23:44.632Z,2,v3,,
1482,MMLU-ProX,Vy,CS-E,TRA,2026-06-01T15:55:43.679Z,2,v3,,
1482,MMLU-ProX,Nhu,CS-E,TRA,2026-06-02T23:33:54.584Z,2,v3,,
1483,MMLU-ProX,Dong,CS-E,TRA,2026-05-30T10:23:44.632Z,2,v3,,
1483,MMLU-ProX,Vy,CS-E,TRA,2026-06-01T15:55:49.131Z,2,v3,,
1483,MMLU-ProX,Nhu,CS-E,TRA,2026-06-02T23:33:54.584Z,2,v3,,
1484,MMLU-ProX,Dong,CS-E,TRA,2026-05-30T10:23:44.632Z,2,v3,,
1484,MMLU-ProX,Vy,CS-E,TRA,2026-06-01T15:55:54.584Z,2,v3,,
1484,MMLU-ProX,Nhu,CS-E,TRA,2026-06-02T23:33:54.584Z,2,v3,,
1485,MMLU-ProX,Dong,CS-E,TRA,2026-05-30T10:23:44.632Z,2,v3,,
1485,MMLU-ProX,Vy,CS-E,TRA,2026-06-01T15:56:00.036Z,2,v3,,
1485,MMLU-ProX,Nhu,CS-E,TRA,2026-06-02T23:33:54.584Z,2,v3,,
1486,MMLU-ProX,Dong,CS-E,TRA,2026-05-30T10:23:44.632Z,2,v3,,
1486,MMLU-ProX,Vy,CS-E,TRA,2026-06-01T15:56:05.488Z,2,v3,,
1486,MMLU-ProX,Nhu,CS-E,TRA,2026-06-02T23:33:54.584Z,2,v3,,
1487,MMLU-ProX,Dong,CS-E,TRA,2026-05-30T10:23:44.632Z,2,v3,,
1487,MMLU-ProX,Vy,CS-E,TRA,2026-06-01T15:56:10.941Z,2,v3,,
1487,MMLU-ProX,Nhu,CS-E,TRA,2026-06-02T23:33:54.584Z,2,v3,,
1488,MMLU-ProX,Dong,CS-E,TRA,2026-05-30T10:23:44.632Z,2,v3,,
1488,MMLU-ProX,Vy,CS-E,TRA,2026-06-01T15:56:16.393Z,2,v3,,
1488,MMLU-ProX,Nhu,CS-E,TRA,2026-06-02T23:33:54.584Z,2,v3,,
1489,MMLU-ProX,Dong,CS-E,TRA,2026-05-30T10:23:44.632Z,2,v3,,
1489,MMLU-ProX,Vy,CS-E,TRA,2026-06-01T15:56:21.846Z,2,v3,,
1489,MMLU-ProX,Nhu,CS-E,TRA,2026-06-02T23:33:54.584Z,2,v3,,
1490,MMLU-ProX,Dong,CS-E,TRA,2026-05-30T10:23:44.632Z,2,v3,,
1490,MMLU-ProX,Vy,CS-E,TRA,2026-06-01T15:56:27.298Z,2,v3,,
1490,MMLU-ProX,Nhu,CS-E,TRA,2026-06-02T23:33:54.584Z,2,v3,,
1491,MMLU-ProX,Dong,CS-E,TRA,2026-05-30T10:23:44.632Z,2,v3,,
1491,MMLU-ProX,Vy,CS-E,TRA,2026-06-01T15:56:32.750Z,2,v3,,
1491,MMLU-ProX,Nhu,CS-E,TRA,2026-06-02T23:33:54.584Z,2,v3,,
1492,MMLU-ProX,Dong,CS-E,TRA,2026-05-30T10:23:44.632Z,2,v3,,
1492,MMLU-ProX,Vy,CS-E,TRA,2026-06-01T15:56:38.203Z,2,v3,,
1492,MMLU-ProX,Nhu,CS-E,TRA,2026-06-02T23:33:54.584Z,2,v3,,
1493,MMLU-ProX,Dong,CS-E,TRA,2026-05-30T10:23:44.632Z,2,v3,,
1493,MMLU-ProX,Vy,CS-E,TRA,2026-06-01T15:56:43.655Z,2,v3,,
1493,MMLU-ProX,Nhu,CS-E,TRA,2026-06-02T23:33:54.584Z,2,v3,,
1494,MMLU-ProX,Dong,CS-E,TRA,2026-05-30T10:23:44.632Z,2,v3,,
1494,MMLU-ProX,Vy,CS-E,TRA,2026-06-01T15:56:49.108Z,2,v3,,
1494,MMLU-ProX,Nhu,CS-E,TRA,2026-06-02T23:33:54.584Z,2,v3,,
1495,MMLU-ProX,Dong,CS-E,TRA,2026-05-30T10:23:44.632Z,2,v3,,
1495,MMLU-ProX,Vy,CS-E,TRA,2026-06-01T15:56:54.560Z,2,v3,,
1495,MMLU-ProX,Nhu,CS-E,TRA,2026-06-02T23:33:54.584Z,2,v3,,
1496,MMLU-ProX,Dong,CS-E,TRA,2026-05-30T10:23:44.632Z,2,v3,,
1496,MMLU-ProX,Vy,CS-E,TRA,2026-06-01T15:57:00.012Z,2,v3,,
1496,MMLU-ProX,Nhu,CS-E,TRA,2026-06-02T23:33:54.584Z,2,v3,,
1497,MMLU-ProX,Dong,CS-E,TRA,2026-05-30T10:23:44.632Z,2,v3,,
1497,MMLU-ProX,Vy,CS-E,TRA,2026-06-01T15:57:05.465Z,2,v3,,
1497,MMLU-ProX,Nhu,CS-E,TRA,2026-06-02T23:33:54.584Z,2,v3,,
1498,MMLU-ProX,Dong,CS-E,TRA,2026-05-30T10:23:44.632Z,2,v3,,
1498,MMLU-ProX,Vy,CS-E,TRA,2026-06-01T15:57:10.917Z,2,v3,,
1498,MMLU-ProX,Nhu,CS-E,TRA,2026-06-02T23:33:54.584Z,2,v3,,
1499,MMLU-ProX,Dong,CS-E,TRA,2026-05-30T10:23:44.632Z,2,v3,,
1499,MMLU-ProX,Vy,CS-E,TRA,2026-06-01T15:57:16.370Z,2,v3,,
1499,MMLU-ProX,Nhu,CS-E,TRA,2026-06-02T23:33:54.584Z,2,v3,,
1500,MMLU-ProX,Dong,CS-E,TRA,2026-05-30T10:23:44.632Z,2,v3,,
1500,MMLU-ProX,Vy,CS-E,TRA,2026-06-01T15:57:21.822Z,2,v3,,
1500,MMLU-ProX,Nhu,CS-E,TRA,2026-06-02T23:33:54.584Z,2,v3,,
1501,MMLU-ProX,Dong,CS-E,TRA,2026-05-30T10:23:44.632Z,2,v3,,
1501,MMLU-ProX,Vy,CS-E,TRA,2026-06-01T15:57:27.275Z,2,v3,,
1501,MMLU-ProX,Nhu,CS-E,TRA,2026-06-02T23:33:54.584Z,2,v3,,
1502,MMLU-ProX,Dong,CS-E,TRA,2026-05-30T10:23:44.632Z,2,v3,,
1502,MMLU-ProX,Vy,CS-E,TRA,2026-06-01T15:57:32.727Z,2,v3,,
1502,MMLU-ProX,Nhu,CS-E,TRA,2026-06-02T23:33:54.584Z,2,v3,,
1503,MMLU-ProX,Dong,CA,TRA,2026-05-30T10:23:44.632Z,2,v3,,
1503,MMLU-ProX,Vy,CA,TRA,2026-06-01T15:57:38.179Z,2,v3,,
1503,MMLU-ProX,Nhu,CA,TRA,2026-06-02T23:33:54.584Z,2,v3,,
1504,MMLU-ProX,Dong,CS-E,TRA,2026-05-30T10:23:44.632Z,2,v3,,
1504,MMLU-ProX,Vy,CS-E,TRA,2026-06-01T15:57:43.632Z,2,v3,,
1504,MMLU-ProX,Nhu,CS-E,TRA,2026-06-02T23:33:54.584Z,2,v3,,
1505,MMLU-ProX,Dong,CS-E,TRA,2026-05-30T10:23:44.632Z,2,v3,,
1505,MMLU-ProX,Vy,CS-E,TRA,2026-06-01T15:57:49.084Z,2,v3,,
1505,MMLU-ProX,Nhu,CS-E,TRA,2026-06-02T23:33:54.584Z,2,v3,,
1506,MMLU-ProX,Dong,CS-E,TRA,2026-05-30T10:23:44.632Z,2,v3,,
1506,MMLU-ProX,Vy,CS-E,TRA,2026-06-01T15:57:54.537Z,2,v3,,
1506,MMLU-ProX,Nhu,CS-E,TRA,2026-06-02T23:33:54.584Z,2,v3,,
1507,MMLU-ProX,Dong,CS-E,TRA,2026-05-30T10:23:44.632Z,2,v3,,
1507,MMLU-ProX,Vy,CS-E,TRA,2026-06-01T15:57:59.989Z,2,v3,,
1507,MMLU-ProX,Nhu,CS-E,TRA,2026-06-02T23:33:54.584Z,2,v3,,
1508,MMLU-ProX,Dong,CS-E,TRA,2026-05-30T10:23:44.632Z,2,v3,,
1508,MMLU-ProX,Vy,CS-E,TRA,2026-06-01T15:58:05.441Z,2,v3,,
1508,MMLU-ProX,Nhu,CS-E,TRA,2026-06-02T23:33:54.584Z,2,v3,,
1509,MMLU-ProX,Dong,CS-E,TRA,2026-05-30T10:23:44.632Z,2,v3,,
1509,MMLU-ProX,Vy,CS-E,TRA,2026-06-01T15:58:10.894Z,2,v3,,
1509,MMLU-ProX,Nhu,CS-E,TRA,2026-06-02T23:33:54.584Z,2,v3,,
1510,MMLU-ProX,Dong,CS-E,TRA,2026-05-30T10:23:44.632Z,2,v3,,
1510,MMLU-ProX,Vy,CS-E,TRA,2026-06-01T15:58:16.346Z,2,v3,,
1510,MMLU-ProX,Nhu,CS-E,TRA,2026-06-02T23:33:54.584Z,2,v3,,
1511,MMLU-ProX,Dong,CS-E,TRA,2026-05-30T10:23:44.632Z,2,v3,,
1511,MMLU-ProX,Vy,CS-E,TRA,2026-06-01T15:58:21.799Z,2,v3,,
1511,MMLU-ProX,Nhu,CS-E,TRA,2026-06-02T23:33:54.584Z,2,v3,,
1512,MMLU-ProX,Dong,CS-E,TRA,2026-05-30T10:23:44.632Z,2,v3,,
1512,MMLU-ProX,Vy,CS-E,TRA,2026-06-01T15:58:27.251Z,2,v3,,
1512,MMLU-ProX,Nhu,CS-E,TRA,2026-06-02T23:33:54.584Z,2,v3,,
1513,MMLU-ProX,Dong,CS-E,TRA,2026-05-30T10:23:44.632Z,2,v3,,
1513,MMLU-ProX,Vy,CS-E,TRA,2026-06-01T15:58:32.703Z,2,v3,,
1513,MMLU-ProX,Nhu,CS-E,TRA,2026-06-02T23:33:54.584Z,2,v3,,
1514,MMLU-ProX,Dong,CS-E,TRA,2026-05-30T10:23:44.632Z,2,v3,,
1514,MMLU-ProX,Vy,CS-E,TRA,2026-06-01T15:58:38.156Z,2,v3,,
1514,MMLU-ProX,Nhu,CS-E,TRA,2026-06-02T23:33:54.584Z,2,v3,,
1515,MMLU-ProX,Dong,CS-E,TRA,2026-05-30T10:23:44.632Z,2,v3,,
1515,MMLU-ProX,Vy,CS-E,TRA,2026-06-01T15:58:43.608Z,2,v3,,
1515,MMLU-ProX,Nhu,CS-E,TRA,2026-06-02T23:33:54.584Z,2,v3,,
1516,MMLU-ProX,Dong,CS-E,TRA,2026-05-30T10:23:44.632Z,2,v3,,
1516,MMLU-ProX,Vy,CS-E,TRA,2026-06-01T15:58:49.061Z,2,v3,,
1516,MMLU-ProX,Nhu,CS-E,TRA,2026-06-02T23:33:54.584Z,2,v3,,
1517,MMLU-ProX,Dong,CS-E,TRA,2026-05-30T10:23:44.632Z,2,v3,,
1517,MMLU-ProX,Vy,CS-E,TRA,2026-06-01T15:58:54.513Z,2,v3,,
1517,MMLU-ProX,Nhu,CS-E,TRA,2026-06-02T23:33:54.584Z,2,v3,,
1518,MMLU-ProX,Dong,CS-E,TRA,2026-05-30T10:23:44.632Z,2,v3,,
1518,MMLU-ProX,Vy,CS-E,TRA,2026-06-01T15:58:59.965Z,2,v3,,
1518,MMLU-ProX,Nhu,CS-E,TRA,2026-06-02T23:33:54.584Z,2,v3,,
1519,MMLU-ProX,Dong,CS-E,TRA,2026-05-30T10:23:44.632Z,2,v3,,
1519,MMLU-ProX,Vy,CS-E,TRA,2026-06-01T15:59:05.418Z,2,v3,,
1519,MMLU-ProX,Nhu,CS-E,TRA,2026-06-02T23:33:54.584Z,2,v3,,
1520,MMLU-ProX,Dong,CS-E,TRA,2026-05-30T10:23:44.632Z,2,v3,,
1520,MMLU-ProX,Vy,CS-E,TRA,2026-06-01T15:59:10.870Z,2,v3,,
1520,MMLU-ProX,Nhu,CS-E,TRA,2026-06-02T23:33:54.584Z,2,v3,,
1521,MMLU-ProX,Dong,CS-E,TRA,2026-05-30T10:23:44.632Z,2,v3,,
1521,MMLU-ProX,Vy,CS-E,TRA,2026-06-01T15:59:16.323Z,2,v3,,
1521,MMLU-ProX,Nhu,CS-E,TRA,2026-06-02T23:33:54.584Z,2,v3,,
1522,MMLU-ProX,Dong,CS-E,TRA,2026-05-30T10:23:44.632Z,2,v3,,
1522,MMLU-ProX,Vy,CS-E,TRA,2026-06-01T15:59:21.775Z,2,v3,,
1522,MMLU-ProX,Nhu,CS-E,TRA,2026-06-02T23:33:54.584Z,2,v3,,
1523,MMLU-ProX,Dong,CS-E,TRA,2026-05-30T10:23:44.632Z,2,v3,,
1523,MMLU-ProX,Vy,CS-E,TRA,2026-06-01T15:59:27.227Z,2,v3,,
1523,MMLU-ProX,Nhu,CS-E,TRA,2026-06-02T23:33:54.584Z,2,v3,,
1524,MMLU-ProX,Dong,CS-E,TRA,2026-05-30T10:23:44.632Z,2,v3,,
1524,MMLU-ProX,Vy,CS-E,TRA,2026-06-01T15:59:32.680Z,2,v3,,
1524,MMLU-ProX,Nhu,CS-E,TRA,2026-06-02T23:33:54.584Z,2,v3,,
1525,MMLU-ProX,Dong,CS-E,TRA,2026-05-30T10:23:44.632Z,2,v3,,
1525,MMLU-ProX,Vy,CS-E,TRA,2026-06-01T15:59:38.132Z,2,v3,,
1525,MMLU-ProX,Nhu,CS-E,TRA,2026-06-02T23:33:54.584Z,2,v3,,
1526,MMLU-ProX,Dong,CS-E,TRA,2026-05-30T10:23:44.632Z,2,v3,,
1526,MMLU-ProX,Vy,CS-E,TRA,2026-06-01T15:59:43.585Z,2,v3,,
1526,MMLU-ProX,Nhu,CS-E,TRA,2026-06-02T23:33:54.584Z,2,v3,,
1527,MMLU-ProX,Dong,CS-E,TRA,2026-05-30T10:23:44.632Z,2,v3,,
1527,MMLU-ProX,Vy,CS-E,TRA,2026-06-01T15:59:49.037Z,2,v3,,
1527,MMLU-ProX,Nhu,CS-E,TRA,2026-06-02T23:33:54.584Z,2,v3,,
1528,MMLU-ProX,Dong,CS-E,TRA,2026-05-30T10:23:44.632Z,2,v3,,
1528,MMLU-ProX,Vy,CS-E,TRA,2026-06-01T15:59:54.489Z,2,v3,,
1528,MMLU-ProX,Nhu,CS-E,TRA,2026-06-02T23:33:54.584Z,2,v3,,
1529,MMLU-ProX,Dong,CS-E,TRA,2026-05-30T10:23:44.632Z,2,v3,,
1529,MMLU-ProX,Vy,CS-E,TRA,2026-06-01T15:59:59.942Z,2,v3,,
1529,MMLU-ProX,Nhu,CS-E,TRA,2026-06-02T23:33:54.584Z,2,v3,,
1530,MMLU-ProX,Dong,CS-E,TRA,2026-05-30T10:23:44.632Z,2,v3,,
1530,MMLU-ProX,Vy,CS-E,TRA,2026-06-01T16:00:05.394Z,2,v3,,
1530,MMLU-ProX,Nhu,CS-E,TRA,2026-06-02T23:33:54.584Z,2,v3,,
1531,MMLU-ProX,Dong,CS-E,TRA,2026-05-30T10:23:44.632Z,2,v3,,
1531,MMLU-ProX,Vy,CS-E,TRA,2026-06-01T16:00:10.847Z,2,v3,,
1531,MMLU-ProX,Nhu,CS-E,TRA,2026-06-02T23:33:54.584Z,2,v3,,
1532,MMLU-ProX,Dong,CS-E,TRA,2026-05-30T10:23:44.632Z,2,v3,,
1532,MMLU-ProX,Vy,CS-E,TRA,2026-06-01T16:00:16.299Z,2,v3,,
1532,MMLU-ProX,Nhu,CS-E,TRA,2026-06-02T23:33:54.584Z,2,v3,,
1533,MMLU-ProX,Dong,CS-E,TRA,2026-05-30T10:23:44.632Z,2,v3,,
1533,MMLU-ProX,Vy,CS-E,TRA,2026-06-01T16:00:21.751Z,2,v3,,
1533,MMLU-ProX,Nhu,CS-E,TRA,2026-06-02T23:33:54.584Z,2,v3,,
1534,MMLU-ProX,Dong,CS-E,TRA,2026-05-30T10:23:44.632Z,2,v3,,
1534,MMLU-ProX,Vy,CS-E,TRA,2026-06-01T16:00:27.204Z,2,v3,,
1534,MMLU-ProX,Nhu,CS-E,TRA,2026-06-02T23:33:54.584Z,2,v3,,
1535,MMLU-ProX,Dong,CS-E,TRA,2026-05-30T10:23:44.632Z,2,v3,,
1535,MMLU-ProX,Vy,CS-E,TRA,2026-06-01T16:00:32.656Z,2,v3,,
1535,MMLU-ProX,Nhu,CS-E,TRA,2026-06-02T23:33:54.584Z,2,v3,,
1536,MMLU-ProX,Dong,CS-E,TRA,2026-05-30T10:23:44.632Z,2,v3,,
1536,MMLU-ProX,Vy,CS-E,TRA,2026-06-01T16:00:38.109Z,2,v3,,
1536,MMLU-ProX,Nhu,CS-E,TRA,2026-06-02T23:33:54.584Z,2,v3,,
1537,MMLU-ProX,Dong,CS-E,TRA,2026-05-30T10:23:44.632Z,2,v3,,
1537,MMLU-ProX,Vy,CS-E,TRA,2026-06-01T16:00:43.561Z,2,v3,,
1537,MMLU-ProX,Nhu,CS-E,TRA,2026-06-02T23:33:54.584Z,2,v3,,
1538,MMLU-ProX,Dong,CS-E,TRA,2026-05-30T10:23:44.632Z,2,v3,,
1538,MMLU-ProX,Vy,CS-E,TRA,2026-06-01T16:00:49.013Z,2,v3,,
1538,MMLU-ProX,Nhu,CS-E,TRA,2026-06-02T23:33:54.584Z,2,v3,,
1539,MMLU-ProX,Dong,CS-E,TRA,2026-05-30T10:23:44.632Z,2,v3,,
1539,MMLU-ProX,Vy,CS-E,TRA,2026-06-01T16:00:54.466Z,2,v3,,
1539,MMLU-ProX,Nhu,CS-E,TRA,2026-06-02T23:33:54.584Z,2,v3,,
1540,MMLU-ProX,Dong,CS-E,TRA,2026-05-30T10:23:44.632Z,2,v3,,
1540,MMLU-ProX,Vy,CS-E,TRA,2026-06-01T16:00:59.918Z,2,v3,,
1540,MMLU-ProX,Nhu,CS-E,TRA,2026-06-02T23:33:54.584Z,2,v3,,
1541,MMLU-ProX,Dong,CA,TRA,2026-05-30T10:23:44.632Z,2,v3,,
1541,MMLU-ProX,Vy,CA,TRA,2026-06-01T16:01:05.371Z,2,v3,,
1541,MMLU-ProX,Nhu,CA,TRA,2026-06-02T23:33:54.584Z,2,v3,,
1542,MMLU-ProX,Dong,CA,TRA,2026-05-30T10:23:44.632Z,2,v3,,
1542,MMLU-ProX,Vy,CA,TRA,2026-06-01T16:01:10.823Z,2,v3,,
1542,MMLU-ProX,Nhu,CA,TRA,2026-06-02T23:33:54.584Z,2,v3,,
1543,MMLU-ProX,Dong,CA,TRA,2026-05-30T10:23:44.632Z,2,v3,,
1543,MMLU-ProX,Vy,CA,TRA,2026-06-01T16:01:16.276Z,2,v3,,
1543,MMLU-ProX,Nhu,CA,TRA,2026-06-02T23:33:54.584Z,2,v3,,
1544,MMLU-ProX,Dong,CA,TRA,2026-05-30T10:23:44.632Z,2,v3,,
1544,MMLU-ProX,Vy,CA,TRA,2026-06-01T16:01:21.728Z,2,v3,,
1544,MMLU-ProX,Nhu,CA,TRA,2026-06-02T23:33:54.584Z,2,v3,,
1545,MMLU-ProX,Dong,CS-E,TRA,2026-05-30T10:23:44.632Z,2,v3,,
1545,MMLU-ProX,Vy,CS-E,TRA,2026-06-01T16:01:27.180Z,2,v3,,
1545,MMLU-ProX,Nhu,CS-E,TRA,2026-06-02T23:33:54.584Z,2,v3,,
1546,MMLU-ProX,Dong,CS-E,TRA,2026-05-30T10:23:44.632Z,2,v3,,
1546,MMLU-ProX,Vy,CS-E,TRA,2026-06-01T16:01:32.633Z,2,v3,,
1546,MMLU-ProX,Nhu,CS-E,TRA,2026-06-02T23:33:54.584Z,2,v3,,
1547,MMLU-ProX,Dong,CS-E,TRA,2026-05-30T10:23:44.632Z,2,v3,,
1547,MMLU-ProX,Vy,CS-E,TRA,2026-06-01T16:01:38.085Z,2,v3,,
1547,MMLU-ProX,Nhu,CS-E,TRA,2026-06-02T23:33:54.584Z,2,v3,,
1548,MMLU-ProX,Dong,CS-E,TRA,2026-05-30T10:23:44.632Z,2,v3,,
1548,MMLU-ProX,Vy,CS-E,TRA,2026-06-01T16:01:43.538Z,2,v3,,
1548,MMLU-ProX,Nhu,CS-E,TRA,2026-06-02T23:33:54.584Z,2,v3,,
1549,MMLU-ProX,Dong,CS-E,TRA,2026-05-30T10:23:44.632Z,2,v3,,
1549,MMLU-ProX,Vy,CS-E,TRA,2026-06-01T16:01:48.990Z,2,v3,,
1549,MMLU-ProX,Nhu,CS-E,TRA,2026-06-02T23:33:54.584Z,2,v3,,
1550,MMLU-ProX,Dong,CS-E,TRA,2026-05-30T10:23:44.632Z,2,v3,,
1550,MMLU-ProX,Vy,CS-E,TRA,2026-06-01T16:01:54.442Z,2,v3,,
1550,MMLU-ProX,Nhu,CS-E,TRA,2026-06-02T23:33:54.584Z,2,v3,,
1551,MMLU-ProX,Dong,CS-E,TRA,2026-05-30T10:23:44.632Z,2,v3,,
1551,MMLU-ProX,Vy,CS-E,TRA,2026-06-01T16:01:59.895Z,2,v3,,
1551,MMLU-ProX,Nhu,CS-E,TRA,2026-06-02T23:33:54.584Z,2,v3,,
1552,MMLU-ProX,Dong,CS-E,TRA,2026-05-30T10:23:44.632Z,2,v3,,
1552,MMLU-ProX,Vy,CS-E,TRA,2026-06-01T16:02:05.347Z,2,v3,,
1552,MMLU-ProX,Nhu,CS-E,TRA,2026-06-02T23:33:54.584Z,2,v3,,
1553,MMLU-ProX,Dong,CS-E,TRA,2026-05-30T10:23:44.632Z,2,v3,,
1553,MMLU-ProX,Vy,CS-E,TRA,2026-06-01T16:02:10.800Z,2,v3,,
1553,MMLU-ProX,Nhu,CS-E,TRA,2026-06-02T23:33:54.584Z,2,v3,,
1554,MMLU-ProX,Dong,CS-E,TRA,2026-05-30T10:23:44.632Z,2,v3,,
1554,MMLU-ProX,Vy,CS-E,TRA,2026-06-01T16:02:16.252Z,2,v3,,
1554,MMLU-ProX,Nhu,CS-E,TRA,2026-06-02T23:33:54.584Z,2,v3,,
1555,MMLU-ProX,Dong,CS-E,TRA,2026-05-30T10:23:44.632Z,2,v3,,
1555,MMLU-ProX,Vy,CS-E,TRA,2026-06-01T16:02:21.704Z,2,v3,,
1555,MMLU-ProX,Nhu,CS-E,TRA,2026-06-02T23:33:54.584Z,2,v3,,
1556,MMLU-ProX,Dong,CS-E,TRA,2026-05-30T10:23:44.632Z,2,v3,,
1556,MMLU-ProX,Vy,CS-E,TRA,2026-06-01T16:02:27.157Z,2,v3,,
1556,MMLU-ProX,Nhu,CS-E,TRA,2026-06-02T23:33:54.584Z,2,v3,,
1557,MMLU-ProX,Dong,CS-E,TRA,2026-05-30T10:23:44.632Z,2,v3,,
1557,MMLU-ProX,Vy,CS-E,TRA,2026-06-01T16:02:32.609Z,2,v3,,
1557,MMLU-ProX,Nhu,CS-E,TRA,2026-06-02T23:33:54.584Z,2,v3,,
1558,MMLU-ProX,Dong,CS-E,TRA,2026-05-30T10:23:44.632Z,2,v3,,
1558,MMLU-ProX,Vy,CS-E,TRA,2026-06-01T16:02:38.062Z,2,v3,,
1558,MMLU-ProX,Nhu,CS-E,TRA,2026-06-02T23:33:54.584Z,2,v3,,
1559,MMLU-ProX,Dong,CS-E,TRA,2026-05-31T12:43:16.322Z,2,v3,,
1559,MMLU-ProX,Vy,CS-E,TRA,2026-06-01T16:02:43.514Z,2,v3,,
1559,MMLU-ProX,Nhu,CS-E,TRA,2026-06-02T23:33:54.585Z,2,v3,,
1560,MMLU-ProX,Dong,CS-E,TRA,2026-05-31T12:43:16.322Z,2,v3,,
1560,MMLU-ProX,Vy,CS-E,TRA,2026-06-01T16:02:48.966Z,2,v3,,
1560,MMLU-ProX,Nhu,CS-E,TRA,2026-06-02T23:33:54.585Z,2,v3,,
1561,MMLU-ProX,Dong,CS-E,TRA,2026-05-31T12:43:16.322Z,2,v3,,
1561,MMLU-ProX,Vy,CS-E,TRA,2026-06-01T16:02:54.419Z,2,v3,,
1561,MMLU-ProX,Nhu,CS-E,TRA,2026-06-02T23:33:54.585Z,2,v3,,
1562,MMLU-ProX,Dong,CS-E,TRA,2026-05-31T12:43:16.322Z,2,v3,,
1562,MMLU-ProX,Vy,CS-E,TRA,2026-06-01T16:02:59.871Z,2,v3,,
1562,MMLU-ProX,Nhu,CS-E,TRA,2026-06-02T23:33:54.585Z,2,v3,,
1563,MMLU-ProX,Dong,CS-E,TRA,2026-05-31T12:43:16.322Z,2,v3,,
1563,MMLU-ProX,Vy,CS-E,TRA,2026-06-01T16:03:05.324Z,2,v3,,
1563,MMLU-ProX,Nhu,CS-E,TRA,2026-06-02T23:33:54.585Z,2,v3,,
1564,MMLU-ProX,Dong,CS-E,TRA,2026-05-31T12:43:16.322Z,2,v3,,
1564,MMLU-ProX,Vy,CS-E,TRA,2026-06-01T16:03:10.776Z,2,v3,,
1564,MMLU-ProX,Nhu,CS-E,TRA,2026-06-02T23:33:54.585Z,2,v3,,
1565,MMLU-ProX,Dong,CS-E,TRA,2026-05-31T12:43:16.322Z,2,v3,,
1565,MMLU-ProX,Vy,CS-E,TRA,2026-06-01T16:03:16.228Z,2,v3,,
1565,MMLU-ProX,Nhu,CS-E,TRA,2026-06-02T23:33:54.585Z,2,v3,,
1566,MMLU-ProX,Dong,CS-E,TRA,2026-05-31T12:43:16.322Z,2,v3,,
1566,MMLU-ProX,Vy,CS-E,TRA,2026-06-01T16:03:21.681Z,2,v3,,
1566,MMLU-ProX,Nhu,CS-E,TRA,2026-06-02T23:33:54.585Z,2,v3,,
1567,MMLU-ProX,Dong,CS-E,TRA,2026-05-31T12:43:16.322Z,2,v3,,
1567,MMLU-ProX,Vy,CS-E,TRA,2026-06-01T16:03:27.133Z,2,v3,,
1567,MMLU-ProX,Nhu,CS-E,TRA,2026-06-02T23:33:54.585Z,2,v3,,
1568,MMLU-ProX,Dong,CS-E,TRA,2026-05-31T12:43:16.322Z,2,v3,,
1568,MMLU-ProX,Vy,CS-E,TRA,2026-06-01T16:03:32.586Z,2,v3,,
1568,MMLU-ProX,Nhu,CS-E,TRA,2026-06-02T23:33:54.585Z,2,v3,,
1569,MMLU-ProX,Dong,CS-E,TRA,2026-05-31T12:43:16.322Z,2,v3,,
1569,MMLU-ProX,Vy,CS-E,TRA,2026-06-01T16:03:38.038Z,2,v3,,
1569,MMLU-ProX,Nhu,CS-E,TRA,2026-06-02T23:33:54.585Z,2,v3,,
1570,MMLU-ProX,Dong,CS-E,TRA,2026-05-31T12:43:16.322Z,2,v3,,
1570,MMLU-ProX,Vy,CS-E,TRA,2026-06-01T16:03:43.490Z,2,v3,,
1570,MMLU-ProX,Nhu,CS-E,TRA,2026-06-02T23:33:54.585Z,2,v3,,
1571,MMLU-ProX,Dong,CS-E,TRA,2026-05-31T12:43:16.322Z,2,v3,,
1571,MMLU-ProX,Vy,CS-E,TRA,2026-06-01T16:03:48.943Z,2,v3,,
1571,MMLU-ProX,Nhu,CS-E,TRA,2026-06-02T23:33:54.585Z,2,v3,,
1572,MMLU-ProX,Dong,CS-E,TRA,2026-05-31T12:43:16.322Z,2,v3,,
1572,MMLU-ProX,Vy,CS-E,TRA,2026-06-01T16:03:54.395Z,2,v3,,
1572,MMLU-ProX,Nhu,CS-E,TRA,2026-06-02T23:33:54.585Z,2,v3,,
1573,MMLU-ProX,Dong,CS-E,TRA,2026-05-31T12:43:16.322Z,2,v3,,
1573,MMLU-ProX,Vy,CS-E,TRA,2026-06-01T16:03:59.848Z,2,v3,,
1573,MMLU-ProX,Nhu,CS-E,TRA,2026-06-02T23:33:54.585Z,2,v3,,
1574,MMLU-ProX,Dong,CS-E,TRA,2026-05-31T12:43:16.322Z,2,v3,,
1574,MMLU-ProX,Vy,CS-E,TRA,2026-06-01T16:04:05.300Z,2,v3,,
1574,MMLU-ProX,Nhu,CS-E,TRA,2026-06-02T23:33:54.585Z,2,v3,,
1575,MMLU-ProX,Dong,CS-E,TRA,2026-05-31T12:43:16.322Z,2,v3,,
1575,MMLU-ProX,Vy,CS-E,TRA,2026-06-01T16:04:10.752Z,2,v3,,
1575,MMLU-ProX,Nhu,CS-E,TRA,2026-06-02T23:33:54.585Z,2,v3,,
1576,MMLU-ProX,Dong,CS-E,TRA,2026-05-31T12:43:16.322Z,2,v3,,
1576,MMLU-ProX,Vy,CS-E,TRA,2026-06-01T16:04:16.205Z,2,v3,,
1576,MMLU-ProX,Nhu,CS-E,TRA,2026-06-02T23:33:54.585Z,2,v3,,
1577,MMLU-ProX,Dong,CS-E,TRA,2026-05-31T12:43:16.322Z,2,v3,,
1577,MMLU-ProX,Vy,CS-E,TRA,2026-06-01T16:04:21.657Z,2,v3,,
1577,MMLU-ProX,Nhu,CS-E,TRA,2026-06-02T23:33:54.585Z,2,v3,,
1578,MMLU-ProX,Dong,CS-E,TRA,2026-05-31T12:43:16.322Z,2,v3,,
1578,MMLU-ProX,Vy,CS-E,TRA,2026-06-01T16:04:27.110Z,2,v3,,
1578,MMLU-ProX,Nhu,CS-E,TRA,2026-06-02T23:33:54.585Z,2,v3,,
1579,MMLU-ProX,Dong,CS-E,TRA,2026-05-31T12:43:16.322Z,2,v3,,
1579,MMLU-ProX,Vy,CS-E,TRA,2026-06-01T16:04:32.562Z,2,v3,,
1579,MMLU-ProX,Nhu,CS-E,TRA,2026-06-02T23:33:54.585Z,2,v3,,
1580,MMLU-ProX,Dong,CS-E,TRA,2026-05-31T12:43:16.322Z,2,v3,,
1580,MMLU-ProX,Vy,CS-E,TRA,2026-06-01T16:04:38.015Z,2,v3,,
1580,MMLU-ProX,Nhu,CS-E,TRA,2026-06-02T23:33:54.585Z,2,v3,,
1581,MMLU-ProX,Dong,CS-E,TRA,2026-05-31T12:43:16.322Z,2,v3,,
1581,MMLU-ProX,Vy,CS-E,TRA,2026-06-01T16:04:43.467Z,2,v3,,
1581,MMLU-ProX,Nhu,CS-E,TRA,2026-06-02T23:33:54.585Z,2,v3,,
1582,MMLU-ProX,Dong,CS-E,TRA,2026-05-31T12:43:16.322Z,2,v3,,
1582,MMLU-ProX,Vy,CS-E,TRA,2026-06-01T16:04:48.919Z,2,v3,,
1582,MMLU-ProX,Nhu,CS-E,TRA,2026-06-02T23:33:54.585Z,2,v3,,
1583,MMLU-ProX,Dong,CS-E,TRA,2026-05-31T12:43:16.322Z,2,v3,,
1583,MMLU-ProX,Vy,CS-E,TRA,2026-06-01T16:04:54.372Z,2,v3,,
1583,MMLU-ProX,Nhu,CS-E,TRA,2026-06-02T23:33:54.585Z,2,v3,,
1584,MMLU-ProX,Dong,CS-E,TRA,2026-05-31T12:43:16.322Z,2,v3,,
1584,MMLU-ProX,Vy,CS-E,TRA,2026-06-01T16:04:59.824Z,2,v3,,
1584,MMLU-ProX,Nhu,CS-E,TRA,2026-06-02T23:33:54.585Z,2,v3,,
1585,MMLU-ProX,Dong,CS-E,TRA,2026-05-31T12:43:16.322Z,2,v3,,
1585,MMLU-ProX,Vy,CS-E,TRA,2026-06-01T16:05:05.277Z,2,v3,,
1585,MMLU-ProX,Nhu,CS-E,TRA,2026-06-02T23:33:54.585Z,2,v3,,
1586,MMLU-ProX,Dong,CS-E,TRA,2026-05-31T12:43:16.322Z,2,v3,,
1586,MMLU-ProX,Vy,CS-E,TRA,2026-06-01T16:05:10.729Z,2,v3,,
1586,MMLU-ProX,Nhu,CS-E,TRA,2026-06-02T23:33:54.585Z,2,v3,,
1587,MMLU-ProX,Dong,CS-E,TRA,2026-05-31T12:43:16.322Z,2,v3,,
1587,MMLU-ProX,Vy,CS-E,TRA,2026-06-01T16:05:16.181Z,2,v3,,
1587,MMLU-ProX,Nhu,CS-E,TRA,2026-06-02T23:33:54.585Z,2,v3,,
1588,MMLU-ProX,Dong,CA,TRA,2026-05-31T12:43:16.322Z,2,v3,,
1588,MMLU-ProX,Vy,CS-E,TRA,2026-06-01T16:05:21.634Z,2,v3,,
1588,MMLU-ProX,Nhu,CS-E,TRA,2026-06-02T23:33:54.585Z,2,v3,,
1589,MMLU-ProX,Dong,CS-E,TRA,2026-05-31T12:43:16.322Z,2,v3,,
1589,MMLU-ProX,Vy,CS-E,TRA,2026-06-01T16:05:27.086Z,2,v3,,
1589,MMLU-ProX,Nhu,CS-E,TRA,2026-06-02T23:33:54.585Z,2,v3,,
1590,MMLU-ProX,Dong,CS-E,TRA,2026-05-31T12:43:16.322Z,2,v3,,
1590,MMLU-ProX,Vy,CS-E,TRA,2026-06-01T16:05:32.539Z,2,v3,,
1590,MMLU-ProX,Nhu,CS-E,TRA,2026-06-02T23:33:54.585Z,2,v3,,
1591,MMLU-ProX,Dong,CS-E,TRA,2026-05-31T12:43:16.322Z,2,v3,,
1591,MMLU-ProX,Vy,CS-E,TRA,2026-06-01T16:05:37.991Z,2,v3,,
1591,MMLU-ProX,Nhu,CS-E,TRA,2026-06-02T23:33:54.585Z,2,v3,,
1592,MMLU-ProX,Dong,CS-E,TRA,2026-05-31T12:43:16.322Z,2,v3,,
1592,MMLU-ProX,Vy,CS-E,TRA,2026-06-01T16:05:43.443Z,2,v3,,
1592,MMLU-ProX,Nhu,CS-E,TRA,2026-06-02T23:33:54.585Z,2,v3,,
1593,MMLU-ProX,Dong,CS-E,TRA,2026-05-31T12:43:16.322Z,2,v3,,
1593,MMLU-ProX,Vy,CS-E,TRA,2026-06-01T16:05:48.896Z,2,v3,,
1593,MMLU-ProX,Nhu,CS-E,TRA,2026-06-02T23:33:54.585Z,2,v3,,
1594,MMLU-ProX,Dong,CS-E,TRA,2026-05-31T12:43:16.322Z,2,v3,,
1594,MMLU-ProX,Vy,CS-E,TRA,2026-06-01T16:05:54.348Z,2,v3,,
1594,MMLU-ProX,Nhu,CS-E,TRA,2026-06-02T23:33:54.585Z,2,v3,,
1595,MMLU-ProX,Dong,CS-E,TRA,2026-05-31T12:43:16.322Z,2,v3,,
1595,MMLU-ProX,Vy,CS-E,TRA,2026-06-01T16:05:59.801Z,2,v3,,
1595,MMLU-ProX,Nhu,CS-E,TRA,2026-06-02T23:33:54.585Z,2,v3,,
1596,MMLU-ProX,Dong,CS-E,TRA,2026-05-31T12:43:16.322Z,2,v3,,
1596,MMLU-ProX,Vy,CS-E,TRA,2026-06-01T16:06:05.253Z,2,v3,,
1596,MMLU-ProX,Nhu,CS-E,TRA,2026-06-02T23:33:54.585Z,2,v3,,
1597,MMLU-ProX,Dong,CS-E,TRA,2026-05-31T12:43:16.322Z,2,v3,,
1597,MMLU-ProX,Vy,CS-E,TRA,2026-06-01T16:06:10.705Z,2,v3,,
1597,MMLU-ProX,Nhu,CS-E,TRA,2026-06-02T23:33:54.585Z,2,v3,,
1598,MMLU-ProX,Dong,CS-E,TRA,2026-05-31T12:43:16.322Z,2,v3,,
1598,MMLU-ProX,Vy,CS-E,TRA,2026-06-01T16:06:16.158Z,2,v3,,
1598,MMLU-ProX,Nhu,CS-E,TRA,2026-06-02T23:33:54.585Z,2,v3,,
1599,MMLU-ProX,Dong,CS-E,TRA,2026-05-31T12:43:16.322Z,2,v3,,
1599,MMLU-ProX,Vy,CS-E,TRA,2026-06-01T16:06:21.610Z,2,v3,,
1599,MMLU-ProX,Nhu,CS-E,TRA,2026-06-02T23:33:54.585Z,2,v3,,
1600,MMLU-ProX,Dong,CS-E,TRA,2026-05-31T12:43:16.322Z,2,v3,,
1600,MMLU-ProX,Vy,CS-E,TRA,2026-06-01T16:06:27.063Z,2,v3,,
1600,MMLU-ProX,Nhu,CS-E,TRA,2026-06-02T23:33:54.585Z,2,v3,,
1601,MMLU-ProX,Dong,CS-E,TRA,2026-05-31T12:43:16.322Z,2,v3,,
1601,MMLU-ProX,Vy,CS-E,TRA,2026-06-01T16:06:32.515Z,2,v3,,
1601,MMLU-ProX,Nhu,CS-E,TRA,2026-06-02T23:33:54.585Z,2,v3,,
1602,MMLU-ProX,Dong,CS-E,TRA,2026-05-31T12:43:16.322Z,2,v3,,
1602,MMLU-ProX,Vy,CS-E,TRA,2026-06-01T16:06:37.967Z,2,v3,,
1602,MMLU-ProX,Nhu,CS-E,TRA,2026-06-02T23:33:54.585Z,2,v3,,
1603,MMLU-ProX,Dong,CS-E,TRA,2026-05-31T12:43:16.322Z,2,v3,,
1603,MMLU-ProX,Vy,CS-E,TRA,2026-06-01T16:06:43.420Z,2,v3,,
1603,MMLU-ProX,Nhu,CS-E,TRA,2026-06-02T23:33:54.585Z,2,v3,,
1604,MMLU-ProX,Dong,CS-E,TRA,2026-05-31T12:43:16.322Z,2,v3,,
1604,MMLU-ProX,Vy,CS-E,TRA,2026-06-01T16:06:48.872Z,2,v3,,
1604,MMLU-ProX,Nhu,CS-E,TRA,2026-06-02T23:33:54.585Z,2,v3,,
1605,MMLU-ProX,Dong,CS-E,TRA,2026-05-31T12:43:16.322Z,2,v3,,
1605,MMLU-ProX,Vy,CS-E,TRA,2026-06-01T16:06:54.325Z,2,v3,,
1605,MMLU-ProX,Nhu,CS-E,TRA,2026-06-02T23:33:54.585Z,2,v3,,
1606,MMLU-ProX,Dong,CS-E,TRA,2026-05-31T12:43:16.322Z,2,v3,,
1606,MMLU-ProX,Vy,CS-E,TRA,2026-06-01T16:06:59.777Z,2,v3,,
1606,MMLU-ProX,Nhu,CS-E,TRA,2026-06-02T23:33:54.585Z,2,v3,,
1607,MMLU-ProX,Dong,CS-E,TRA,2026-05-31T12:43:16.322Z,2,v3,,
1607,MMLU-ProX,Vy,CS-E,TRA,2026-06-01T16:07:05.229Z,2,v3,,
1607,MMLU-ProX,Nhu,CS-E,TRA,2026-06-02T23:33:54.585Z,2,v3,,
1608,MMLU-ProX,Dong,CS-E,TRA,2026-05-31T12:43:16.322Z,2,v3,,
1608,MMLU-ProX,Vy,CS-E,TRA,2026-06-01T16:07:10.682Z,2,v3,,
1608,MMLU-ProX,Nhu,CS-E,TRA,2026-06-02T23:33:54.585Z,2,v3,,
1609,MMLU-ProX,Dong,CS-E,TRA,2026-05-31T12:43:16.322Z,2,v3,,
1609,MMLU-ProX,Vy,CS-E,TRA,2026-06-01T16:07:16.134Z,2,v3,,
1609,MMLU-ProX,Nhu,CS-E,TRA,2026-06-02T23:33:54.585Z,2,v3,,
1610,MMLU-ProX,Dong,CS-E,TRA,2026-05-31T12:43:16.322Z,2,v3,,
1610,MMLU-ProX,Vy,CS-E,TRA,2026-06-01T16:07:21.587Z,2,v3,,
1610,MMLU-ProX,Nhu,CS-E,TRA,2026-06-02T23:33:54.585Z,2,v3,,
1611,MMLU-ProX,Dong,CS-E,TRA,2026-05-31T12:43:16.322Z,2,v3,,
1611,MMLU-ProX,Vy,CS-E,TRA,2026-06-01T16:07:27.039Z,2,v3,,
1611,MMLU-ProX,Nhu,CS-E,TRA,2026-06-02T23:33:54.585Z,2,v3,,
1612,MMLU-ProX,Dong,CS-E,TRA,2026-05-31T12:43:16.322Z,2,v3,,
1612,MMLU-ProX,Vy,CS-E,TRA,2026-06-01T16:07:32.491Z,2,v3,,
1612,MMLU-ProX,Nhu,CS-E,TRA,2026-06-02T23:33:54.585Z,2,v3,,
1613,MMLU-ProX,Dong,CS-E,TRA,2026-05-31T12:43:16.322Z,2,v3,,
1613,MMLU-ProX,Vy,CS-E,TRA,2026-06-01T16:07:37.944Z,2,v3,,
1613,MMLU-ProX,Nhu,CS-E,TRA,2026-06-02T23:33:54.585Z,2,v3,,
1614,MMLU-ProX,Dong,CS-E,TRA,2026-05-31T12:43:16.322Z,2,v3,,
1614,MMLU-ProX,Vy,CS-E,TRA,2026-06-01T16:07:43.396Z,2,v3,,
1614,MMLU-ProX,Nhu,CS-E,TRA,2026-06-02T23:33:54.585Z,2,v3,,
1615,MMLU-ProX,Dong,CS-E,TRA,2026-05-31T12:43:16.322Z,2,v3,,
1615,MMLU-ProX,Vy,CS-E,TRA,2026-06-01T16:07:48.849Z,2,v3,,
1615,MMLU-ProX,Nhu,CS-E,TRA,2026-06-02T23:33:54.585Z,2,v3,,
1616,MMLU-ProX,Dong,CS-E,TRA,2026-05-31T12:43:16.322Z,2,v3,,
1616,MMLU-ProX,Vy,CS-E,TRA,2026-06-01T16:07:54.301Z,2,v3,,
1616,MMLU-ProX,Nhu,CS-E,TRA,2026-06-02T23:33:54.585Z,2,v3,,
1617,MMLU-ProX,Dong,CS-E,TRA,2026-05-31T12:43:16.322Z,2,v3,,
1617,MMLU-ProX,Vy,CS-E,TRA,2026-06-01T16:07:59.753Z,2,v3,,
1617,MMLU-ProX,Nhu,CS-E,TRA,2026-06-02T23:33:54.585Z,2,v3,,
1618,MMLU-ProX,Dong,CA,TRA,2026-05-31T12:43:16.322Z,2,v3,,
1618,MMLU-ProX,Vy,CA,TRA,2026-06-01T16:08:05.206Z,2,v3,,
1618,MMLU-ProX,Nhu,CA,TRA,2026-06-02T23:33:54.585Z,2,v3,,
1619,MMLU-ProX,Dong,CA,TRA,2026-05-31T12:43:16.322Z,2,v3,,
1619,MMLU-ProX,Vy,CA,TRA,2026-06-01T16:08:10.658Z,2,v3,,
1619,MMLU-ProX,Nhu,CA,TRA,2026-06-02T23:33:54.585Z,2,v3,,
1620,MMLU-ProX,Dong,CA,TRA,2026-05-31T12:43:16.322Z,2,v3,,
1620,MMLU-ProX,Vy,CA,TRA,2026-06-01T16:08:16.111Z,2,v3,,
1620,MMLU-ProX,Nhu,CA,TRA,2026-06-02T23:33:54.585Z,2,v3,,
1621,MMLU-ProX,Dong,CA,TRA,2026-05-31T12:43:16.322Z,2,v3,,
1621,MMLU-ProX,Vy,CA,TRA,2026-06-01T16:08:21.563Z,2,v3,,
1621,MMLU-ProX,Nhu,CA,TRA,2026-06-02T23:33:54.585Z,2,v3,,
1622,MMLU-ProX,Dong,CA,TRA,2026-05-31T12:43:16.322Z,2,v3,,
1622,MMLU-ProX,Vy,CA,TRA,2026-06-01T16:08:27.016Z,2,v3,,
1622,MMLU-ProX,Nhu,CA,TRA,2026-06-02T23:33:54.585Z,2,v3,,
1623,MMLU-ProX,Dong,CA,TRA,2026-05-31T12:43:16.322Z,2,v3,,
1623,MMLU-ProX,Vy,CA,TRA,2026-06-01T16:08:32.468Z,2,v3,,
1623,MMLU-ProX,Nhu,CA,TRA,2026-06-02T23:33:54.585Z,2,v3,,
1624,MMLU-ProX,Dong,CA,TRA,2026-05-31T12:43:16.322Z,2,v3,,
1624,MMLU-ProX,Vy,CA,TRA,2026-06-01T16:08:37.920Z,2,v3,,
1624,MMLU-ProX,Nhu,CA,TRA,2026-06-02T23:33:54.585Z,2,v3,,
1625,MMLU-ProX,Dong,CS-E,TRA,2026-05-31T12:43:16.322Z,2,v3,,
1625,MMLU-ProX,Vy,CS-E,TRA,2026-06-01T16:08:43.373Z,2,v3,,
1625,MMLU-ProX,Nhu,CS-E,TRA,2026-06-02T23:33:54.585Z,2,v3,,
1626,MMLU-ProX,Dong,CS-E,TRA,2026-05-31T12:43:16.322Z,2,v3,,
1626,MMLU-ProX,Vy,CS-E,TRA,2026-06-01T16:08:48.825Z,2,v3,,
1626,MMLU-ProX,Nhu,CS-E,TRA,2026-06-02T23:33:54.585Z,2,v3,,
1627,MMLU-ProX,Dong,CS-E,TRA,2026-05-31T12:43:16.322Z,2,v3,,
1627,MMLU-ProX,Vy,CS-E,TRA,2026-06-01T16:08:54.278Z,2,v3,,
1627,MMLU-ProX,Nhu,CS-E,TRA,2026-06-02T23:33:54.585Z,2,v3,,
1628,MMLU-ProX,Dong,CS-E,TRA,2026-05-31T12:43:16.322Z,2,v3,,
1628,MMLU-ProX,Vy,CS-E,TRA,2026-06-01T16:08:59.730Z,2,v3,,
1628,MMLU-ProX,Nhu,CS-E,TRA,2026-06-02T23:33:54.585Z,2,v3,,
1629,MMLU-ProX,Dong,CS-E,TRA,2026-05-31T12:43:16.322Z,2,v3,,
1629,MMLU-ProX,Vy,CS-E,TRA,2026-06-01T16:09:05.182Z,2,v3,,
1629,MMLU-ProX,Nhu,CS-E,TRA,2026-06-02T23:33:54.585Z,2,v3,,
1630,MMLU-ProX,Dong,CS-E,TRA,2026-05-31T12:43:16.322Z,2,v3,,
1630,MMLU-ProX,Vy,CS-E,TRA,2026-06-01T16:09:10.635Z,2,v3,,
1630,MMLU-ProX,Nhu,CS-E,TRA,2026-06-02T23:33:54.585Z,2,v3,,
1631,MMLU-ProX,Dong,CS-E,TRA,2026-05-31T12:43:16.322Z,2,v3,,
1631,MMLU-ProX,Vy,CS-E,TRA,2026-06-01T16:09:16.087Z,2,v3,,
1631,MMLU-ProX,Nhu,CS-E,TRA,2026-06-02T23:33:54.585Z,2,v3,,
1632,MMLU-ProX,Dong,CS-E,TRA,2026-05-31T12:43:16.322Z,2,v3,,
1632,MMLU-ProX,Vy,CS-E,TRA,2026-06-01T16:09:21.540Z,2,v3,,
1632,MMLU-ProX,Nhu,CS-E,TRA,2026-06-02T23:33:54.585Z,2,v3,,
1633,MMLU-ProX,Dong,CS-E,TRA,2026-05-31T12:43:16.322Z,2,v3,,
1633,MMLU-ProX,Vy,CS-E,TRA,2026-06-01T16:09:26.992Z,2,v3,,
1633,MMLU-ProX,Nhu,CS-E,TRA,2026-06-02T23:33:54.585Z,2,v3,,
1634,MMLU-ProX,Dong,CS-E,TRA,2026-05-31T12:43:16.322Z,2,v3,,
1634,MMLU-ProX,Vy,CS-E,TRA,2026-06-01T16:09:32.444Z,2,v3,,
1634,MMLU-ProX,Nhu,CS-E,TRA,2026-06-02T23:33:54.585Z,2,v3,,
1635,MMLU-ProX,Dong,CS-E,TRA,2026-05-31T12:43:16.322Z,2,v3,,
1635,MMLU-ProX,Vy,CS-E,TRA,2026-06-01T16:09:37.897Z,2,v3,,
1635,MMLU-ProX,Nhu,CS-E,TRA,2026-06-02T23:33:54.585Z,2,v3,,
1636,MMLU-ProX,Dong,CS-E,TRA,2026-05-31T12:43:16.322Z,2,v3,,
1636,MMLU-ProX,Vy,CS-E,TRA,2026-06-01T16:09:43.349Z,2,v3,,
1636,MMLU-ProX,Nhu,CS-E,TRA,2026-06-02T23:33:54.585Z,2,v3,,
1637,MMLU-ProX,Dong,CS-E,TRA,2026-05-31T12:43:16.322Z,2,v3,,
1637,MMLU-ProX,Vy,CS-E,TRA,2026-06-01T16:09:48.802Z,2,v3,,
1637,MMLU-ProX,Nhu,CS-E,TRA,2026-06-02T23:33:54.585Z,2,v3,,
1638,MMLU-ProX,Dong,CS-E,TRA,2026-05-31T12:43:16.322Z,2,v3,,
1638,MMLU-ProX,Vy,CS-E,TRA,2026-06-01T16:09:54.254Z,2,v3,,
1638,MMLU-ProX,Nhu,CS-E,TRA,2026-06-02T23:33:54.585Z,2,v3,,
1639,MMLU-ProX,Dong,CS-E,TRA,2026-05-31T12:43:16.322Z,2,v3,,
1639,MMLU-ProX,Vy,CS-E,TRA,2026-06-01T16:09:59.706Z,2,v3,,
1639,MMLU-ProX,Nhu,CS-E,TRA,2026-06-02T23:33:54.585Z,2,v3,,
1640,MMLU-ProX,Dong,CS-E,TRA,2026-05-31T12:43:16.322Z,2,v3,,
1640,MMLU-ProX,Vy,CS-E,TRA,2026-06-01T16:10:05.159Z,2,v3,,
1640,MMLU-ProX,Nhu,CS-E,TRA,2026-06-02T23:33:54.585Z,2,v3,,
1641,MMLU-ProX,Dong,CS-E,TRA,2026-05-31T12:43:16.322Z,2,v3,,
1641,MMLU-ProX,Vy,CS-E,TRA,2026-06-01T16:10:10.611Z,2,v3,,
1641,MMLU-ProX,Nhu,CS-E,TRA,2026-06-02T23:33:54.585Z,2,v3,,
1642,MMLU-ProX,Dong,CS-E,TRA,2026-05-31T12:43:16.322Z,2,v3,,
1642,MMLU-ProX,Vy,CS-E,TRA,2026-06-01T16:10:16.064Z,2,v3,,
1642,MMLU-ProX,Nhu,CS-E,TRA,2026-06-02T23:33:54.585Z,2,v3,,
1643,MMLU-ProX,Dong,CS-E,TRA,2026-05-31T12:43:16.322Z,2,v3,,
1643,MMLU-ProX,Vy,CS-E,TRA,2026-06-01T16:10:21.516Z,2,v3,,
1643,MMLU-ProX,Nhu,CS-E,TRA,2026-06-02T23:33:54.585Z,2,v3,,
1644,MMLU-ProX,Dong,CS-E,TRA,2026-05-31T12:43:16.322Z,2,v3,,
1644,MMLU-ProX,Vy,CS-E,TRA,2026-06-01T16:10:26.968Z,2,v3,,
1644,MMLU-ProX,Nhu,CS-E,TRA,2026-06-02T23:33:54.585Z,2,v3,,
1645,MMLU-ProX,Dong,CS-E,TRA,2026-05-31T12:43:16.322Z,2,v3,,
1645,MMLU-ProX,Vy,CS-E,TRA,2026-06-01T16:10:32.421Z,2,v3,,
1645,MMLU-ProX,Nhu,CS-E,TRA,2026-06-02T23:33:54.585Z,2,v3,,
1646,MMLU-ProX,Dong,CS-E,TRA,2026-05-31T12:43:16.322Z,2,v3,,
1646,MMLU-ProX,Vy,CS-E,TRA,2026-06-01T16:10:37.873Z,2,v3,,
1646,MMLU-ProX,Nhu,CS-E,TRA,2026-06-02T23:33:54.585Z,2,v3,,
1647,MMLU-ProX,Dong,CS-E,TRA,2026-05-31T12:43:16.322Z,2,v3,,
1647,MMLU-ProX,Vy,CS-E,TRA,2026-06-01T16:10:43.326Z,2,v3,,
1647,MMLU-ProX,Nhu,CS-E,TRA,2026-06-02T23:33:54.585Z,2,v3,,
1648,MMLU-ProX,Dong,CS-E,TRA,2026-05-31T12:43:16.322Z,2,v3,,
1648,MMLU-ProX,Vy,CS-E,TRA,2026-06-01T16:10:48.778Z,2,v3,,
1648,MMLU-ProX,Nhu,CS-E,TRA,2026-06-02T23:33:54.585Z,2,v3,,
1649,MMLU-ProX,Dong,CS-E,TRA,2026-05-31T12:43:16.322Z,2,v3,,
1649,MMLU-ProX,Vy,CS-E,TRA,2026-06-01T16:10:54.230Z,2,v3,,
1649,MMLU-ProX,Nhu,CS-E,TRA,2026-06-02T23:33:54.585Z,2,v3,,
1650,MMLU-ProX,Dong,CS-E,TRA,2026-05-31T12:43:16.322Z,2,v3,,
1650,MMLU-ProX,Vy,CS-E,TRA,2026-06-01T16:10:59.683Z,2,v3,,
1650,MMLU-ProX,Nhu,CS-E,TRA,2026-06-02T23:33:54.585Z,2,v3,,
1651,MMLU-ProX,Dong,CS-E,TRA,2026-05-31T12:43:16.322Z,2,v3,,
1651,MMLU-ProX,Vy,CS-E,TRA,2026-06-01T16:11:05.135Z,2,v3,,
1651,MMLU-ProX,Nhu,CS-E,TRA,2026-06-02T23:33:54.585Z,2,v3,,
1652,MMLU-ProX,Dong,CS-E,TRA,2026-05-31T12:43:16.322Z,2,v3,,
1652,MMLU-ProX,Vy,CS-E,TRA,2026-06-01T16:11:10.588Z,2,v3,,
1652,MMLU-ProX,Nhu,CS-E,TRA,2026-06-02T23:33:54.585Z,2,v3,,
1653,MMLU-ProX,Dong,CS-E,TRA,2026-05-31T12:43:16.322Z,2,v3,,
1653,MMLU-ProX,Vy,CS-E,TRA,2026-06-01T16:11:16.040Z,2,v3,,
1653,MMLU-ProX,Nhu,CS-E,TRA,2026-06-02T23:33:54.585Z,2,v3,,
1654,MMLU-ProX,Dong,CS-E,TRA,2026-05-31T12:43:16.322Z,2,v3,,
1654,MMLU-ProX,Vy,CS-E,TRA,2026-06-01T16:11:21.492Z,2,v3,,
1654,MMLU-ProX,Nhu,CS-E,TRA,2026-06-02T23:33:54.585Z,2,v3,,
1655,MMLU-ProX,Dong,CS-E,TRA,2026-05-31T12:43:16.322Z,2,v3,,
1655,MMLU-ProX,Vy,CS-E,TRA,2026-06-01T16:11:26.945Z,2,v3,,
1655,MMLU-ProX,Nhu,CS-E,TRA,2026-06-02T23:33:54.585Z,2,v3,,
1656,MMLU-ProX,Dong,CS-E,TRA,2026-05-31T12:43:16.322Z,2,v3,,
1656,MMLU-ProX,Vy,CS-E,TRA,2026-06-01T16:11:32.397Z,2,v3,,
1656,MMLU-ProX,Nhu,CS-E,TRA,2026-06-02T23:33:54.585Z,2,v3,,
1657,MMLU-ProX,Dong,CS-E,TRA,2026-05-31T12:43:16.322Z,2,v3,,
1657,MMLU-ProX,Vy,CS-E,TRA,2026-06-01T16:11:37.850Z,2,v3,,
1657,MMLU-ProX,Nhu,CS-E,TRA,2026-06-02T23:33:54.585Z,2,v3,,
1658,MMLU-ProX,Dong,CS-E,TRA,2026-05-31T12:43:16.322Z,2,v3,,
1658,MMLU-ProX,Vy,CS-E,TRA,2026-06-01T16:11:43.302Z,2,v3,,
1658,MMLU-ProX,Nhu,CS-E,TRA,2026-06-02T23:33:54.585Z,2,v3,,
1659,MMLU-ProX,Dong,CS-E,TRA,2026-05-31T12:43:16.322Z,2,v3,,
1659,MMLU-ProX,Vy,CS-E,TRA,2026-06-01T16:11:48.755Z,2,v3,,
1659,MMLU-ProX,Nhu,CS-E,TRA,2026-06-02T23:33:54.585Z,2,v3,,
1660,MMLU-ProX,Dong,CS-E,TRA,2026-05-31T12:43:16.322Z,2,v3,,
1660,MMLU-ProX,Vy,CS-E,TRA,2026-06-01T16:11:54.207Z,2,v3,,
1660,MMLU-ProX,Nhu,CS-E,TRA,2026-06-02T23:33:54.585Z,2,v3,,
1661,MMLU-ProX,Dong,CS-E,TRA,2026-05-31T12:43:16.322Z,2,v3,,
1661,MMLU-ProX,Vy,CS-E,TRA,2026-06-01T16:11:59.659Z,2,v3,,
1661,MMLU-ProX,Nhu,CS-E,TRA,2026-06-02T23:33:54.585Z,2,v3,,
1662,MMLU-ProX,Dong,CS-E,TRA,2026-05-31T12:43:16.322Z,2,v3,,
1662,MMLU-ProX,Vy,CS-E,TRA,2026-06-01T16:12:05.112Z,2,v3,,
1662,MMLU-ProX,Nhu,CS-E,TRA,2026-06-02T23:33:54.585Z,2,v3,,
1663,MMLU-ProX,Dong,CS-E,TRA,2026-05-31T12:43:16.322Z,2,v3,,
1663,MMLU-ProX,Vy,CS-E,TRA,2026-06-01T16:12:10.564Z,2,v3,,
1663,MMLU-ProX,Nhu,CS-E,TRA,2026-06-02T23:33:54.585Z,2,v3,,
1664,MMLU-ProX,Dong,CS-E,TRA,2026-05-31T12:43:16.322Z,2,v3,,
1664,MMLU-ProX,Vy,CS-E,TRA,2026-06-01T16:12:16.017Z,2,v3,,
1664,MMLU-ProX,Nhu,CS-E,TRA,2026-06-02T23:33:54.585Z,2,v3,,
1665,MMLU-ProX,Dong,CS-E,TRA,2026-05-31T12:43:16.322Z,2,v3,,
1665,MMLU-ProX,Vy,CS-E,TRA,2026-06-01T16:12:21.469Z,2,v3,,
1665,MMLU-ProX,Nhu,CS-E,TRA,2026-06-02T23:33:54.585Z,2,v3,,
1666,MMLU-ProX,Dong,CS-E,TRA,2026-05-31T12:43:16.322Z,2,v3,,
1666,MMLU-ProX,Vy,CS-E,TRA,2026-06-01T16:12:26.921Z,2,v3,,
1666,MMLU-ProX,Nhu,CS-E,TRA,2026-06-02T23:33:54.585Z,2,v3,,
1667,MMLU-ProX,Dong,CS-E,TRA,2026-05-31T12:43:16.322Z,2,v3,,
1667,MMLU-ProX,Vy,CS-E,TRA,2026-06-01T16:12:32.374Z,2,v3,,
1667,MMLU-ProX,Nhu,CS-E,TRA,2026-06-02T23:33:54.585Z,2,v3,,
1668,MMLU-ProX,Dong,CS-E,TRA,2026-05-31T12:43:16.322Z,2,v3,,
1668,MMLU-ProX,Vy,CS-E,TRA,2026-06-01T16:12:37.826Z,2,v3,,
1668,MMLU-ProX,Nhu,CS-E,TRA,2026-06-02T23:33:54.585Z,2,v3,,
1669,MMLU-ProX,Dong,CS-E,TRA,2026-05-31T12:43:16.322Z,2,v3,,
1669,MMLU-ProX,Vy,CS-E,TRA,2026-06-01T16:12:43.279Z,2,v3,,
1669,MMLU-ProX,Nhu,CS-E,TRA,2026-06-02T23:33:54.585Z,2,v3,,
1670,MMLU-ProX,Dong,CS-E,TRA,2026-05-31T12:43:16.322Z,2,v3,,
1670,MMLU-ProX,Vy,CS-E,TRA,2026-06-01T16:12:48.731Z,2,v3,,
1670,MMLU-ProX,Nhu,CS-E,TRA,2026-06-02T23:33:54.585Z,2,v3,,
1671,MMLU-ProX,Dong,CS-E,TRA,2026-05-31T12:43:16.322Z,2,v3,,
1671,MMLU-ProX,Vy,CS-E,TRA,2026-06-01T16:12:54.183Z,2,v3,,
1671,MMLU-ProX,Nhu,CS-E,TRA,2026-06-02T23:33:54.585Z,2,v3,,
1672,MMLU-ProX,Dong,CA,TRA,2026-05-31T12:43:16.322Z,2,v3,,
1672,MMLU-ProX,Vy,CA,TRA,2026-06-01T16:12:59.636Z,2,v3,,
1672,MMLU-ProX,Nhu,CA,TRA,2026-06-02T23:33:54.585Z,2,v3,,
1673,MMLU-ProX,Dong,CS-E,TRA,2026-05-31T12:43:16.322Z,2,v3,,
1673,MMLU-ProX,Vy,CS-E,TRA,2026-06-01T16:13:05.088Z,2,v3,,
1673,MMLU-ProX,Nhu,CS-E,TRA,2026-06-02T23:33:54.585Z,2,v3,,
1674,MMLU-ProX,Dong,CS-E,TRA,2026-05-31T12:43:16.322Z,2,v3,,
1674,MMLU-ProX,Vy,CS-E,TRA,2026-06-01T16:13:10.541Z,2,v3,,
1674,MMLU-ProX,Nhu,CS-E,TRA,2026-06-02T23:33:54.585Z,2,v3,,
1675,MMLU-ProX,Dong,CS-E,TRA,2026-05-31T12:43:16.322Z,2,v3,,
1675,MMLU-ProX,Vy,CS-E,TRA,2026-06-01T16:13:15.993Z,2,v3,,
1675,MMLU-ProX,Nhu,CS-E,TRA,2026-06-02T23:33:54.585Z,2,v3,,
1676,MMLU-ProX,Dong,CS-E,TRA,2026-05-31T12:43:16.322Z,2,v3,,
1676,MMLU-ProX,Vy,CS-E,TRA,2026-06-01T16:13:21.445Z,2,v3,,
1676,MMLU-ProX,Nhu,CS-E,TRA,2026-06-02T23:33:54.585Z,2,v3,,
1677,MMLU-ProX,Dong,CS-E,TRA,2026-05-31T12:43:16.322Z,2,v3,,
1677,MMLU-ProX,Vy,CS-E,TRA,2026-06-01T16:13:26.898Z,2,v3,,
1677,MMLU-ProX,Nhu,CS-E,TRA,2026-06-02T23:33:54.585Z,2,v3,,
1678,MMLU-ProX,Dong,CS-E,TRA,2026-05-31T12:43:16.322Z,2,v3,,
1678,MMLU-ProX,Vy,CS-E,TRA,2026-06-01T16:13:32.350Z,2,v3,,
1678,MMLU-ProX,Nhu,CS-E,TRA,2026-06-02T23:33:54.585Z,2,v3,,
1679,MMLU-ProX,Dong,CS-E,TRA,2026-05-31T12:43:16.322Z,2,v3,,
1679,MMLU-ProX,Vy,CS-E,TRA,2026-06-01T16:13:37.803Z,2,v3,,
1679,MMLU-ProX,Nhu,CS-E,TRA,2026-06-02T23:33:54.585Z,2,v3,,
1680,MMLU-ProX,Dong,CS-E,TRA,2026-05-31T12:43:16.322Z,2,v3,,
1680,MMLU-ProX,Vy,CS-E,TRA,2026-06-01T16:13:43.255Z,2,v3,,
1680,MMLU-ProX,Nhu,CS-E,TRA,2026-06-02T23:33:54.585Z,2,v3,,
1681,MMLU-ProX,Dong,CS-E,TRA,2026-05-31T12:43:16.322Z,2,v3,,
1681,MMLU-ProX,Vy,CS-E,TRA,2026-06-01T16:13:48.707Z,2,v3,,
1681,MMLU-ProX,Nhu,CS-E,TRA,2026-06-02T23:33:54.585Z,2,v3,,
1682,MMLU-ProX,Dong,CS-E,TRA,2026-05-31T12:43:16.322Z,2,v3,,
1682,MMLU-ProX,Vy,CS-E,TRA,2026-06-01T16:13:54.160Z,2,v3,,
1682,MMLU-ProX,Nhu,CS-E,TRA,2026-06-02T23:33:54.585Z,2,v3,,
1683,MMLU-ProX,Dong,CS-E,TRA,2026-05-31T12:43:16.322Z,2,v3,,
1683,MMLU-ProX,Vy,CS-E,TRA,2026-06-01T16:13:59.612Z,2,v3,,
1683,MMLU-ProX,Nhu,CS-E,TRA,2026-06-02T23:33:54.585Z,2,v3,,
1684,MMLU-ProX,Dong,CS-E,TRA,2026-05-31T12:43:16.322Z,2,v3,,
1684,MMLU-ProX,Vy,CS-E,TRA,2026-06-01T16:14:05.065Z,2,v3,,
1684,MMLU-ProX,Nhu,CS-E,TRA,2026-06-02T23:33:54.585Z,2,v3,,
1685,MMLU-ProX,Dong,CS-E,TRA,2026-05-31T12:43:16.322Z,2,v3,,
1685,MMLU-ProX,Vy,CS-E,TRA,2026-06-01T16:14:10.517Z,2,v3,,
1685,MMLU-ProX,Nhu,CS-E,TRA,2026-06-02T23:33:54.585Z,2,v3,,
1686,MMLU-ProX,Dong,CS-E,TRA,2026-05-31T12:43:16.322Z,2,v3,,
1686,MMLU-ProX,Vy,CS-E,TRA,2026-06-01T16:14:15.969Z,2,v3,,
1686,MMLU-ProX,Nhu,CS-E,TRA,2026-06-02T23:33:54.585Z,2,v3,,
1687,MMLU-ProX,Dong,CS-E,TRA,2026-05-31T12:43:16.322Z,2,v3,,
1687,MMLU-ProX,Vy,CS-E,TRA,2026-06-01T16:14:21.422Z,2,v3,,
1687,MMLU-ProX,Nhu,CS-E,TRA,2026-06-02T23:33:54.585Z,2,v3,,
1688,MMLU-ProX,Dong,CS-E,TRA,2026-05-31T12:43:16.322Z,2,v3,,
1688,MMLU-ProX,Vy,CS-E,TRA,2026-06-01T16:14:26.874Z,2,v3,,
1688,MMLU-ProX,Nhu,CS-E,TRA,2026-06-02T23:33:54.585Z,2,v3,,
1689,MMLU-ProX,Dong,CS-E,TRA,2026-05-31T12:43:16.322Z,2,v3,,
1689,MMLU-ProX,Vy,CS-E,TRA,2026-06-01T16:14:32.327Z,2,v3,,
1689,MMLU-ProX,Nhu,CS-E,TRA,2026-06-02T23:33:54.585Z,2,v3,,
1690,MMLU-ProX,Dong,CS-E,TRA,2026-05-31T12:43:16.322Z,2,v3,,
1690,MMLU-ProX,Vy,CS-E,TRA,2026-06-01T16:14:37.779Z,2,v3,,
1690,MMLU-ProX,Nhu,CS-E,TRA,2026-06-02T23:33:54.585Z,2,v3,,
1691,MMLU-ProX,Dong,CS-E,TRA,2026-05-31T12:43:16.322Z,2,v3,,
1691,MMLU-ProX,Vy,CS-E,TRA,2026-06-01T16:14:43.231Z,2,v3,,
1691,MMLU-ProX,Nhu,CS-E,TRA,2026-06-02T23:33:54.585Z,2,v3,,
1692,MMLU-ProX,Dong,CS-E,TRA,2026-05-31T12:43:16.322Z,2,v3,,
1692,MMLU-ProX,Vy,CS-E,TRA,2026-06-01T16:14:48.684Z,2,v3,,
1692,MMLU-ProX,Nhu,CS-E,TRA,2026-06-02T23:33:54.585Z,2,v3,,
1693,MMLU-ProX,Dong,CS-E,TRA,2026-05-31T12:43:16.322Z,2,v3,,
1693,MMLU-ProX,Vy,CS-E,TRA,2026-06-01T16:14:54.136Z,2,v3,,
1693,MMLU-ProX,Nhu,CS-E,TRA,2026-06-02T23:33:54.585Z,2,v3,,
1694,MMLU-ProX,Dong,CS-E,TRA,2026-05-31T12:43:16.322Z,2,v3,,
1694,MMLU-ProX,Vy,CS-E,TRA,2026-06-01T16:14:59.589Z,2,v3,,
1694,MMLU-ProX,Nhu,CS-E,TRA,2026-06-02T23:33:54.585Z,2,v3,,
1695,MMLU-ProX,Dong,CS-E,TRA,2026-05-31T12:43:16.322Z,2,v3,,
1695,MMLU-ProX,Vy,CS-E,TRA,2026-06-01T16:15:05.041Z,2,v3,,
1695,MMLU-ProX,Nhu,CS-E,TRA,2026-06-02T23:33:54.585Z,2,v3,,
1696,MMLU-ProX,Dong,CS-E,TRA,2026-05-31T12:43:16.322Z,2,v3,,
1696,MMLU-ProX,Vy,CS-E,TRA,2026-06-01T16:15:10.493Z,2,v3,,
1696,MMLU-ProX,Nhu,CS-E,TRA,2026-06-02T23:33:54.585Z,2,v3,,
1697,MMLU-ProX,Dong,CS-E,TRA,2026-05-31T12:43:16.322Z,2,v3,,
1697,MMLU-ProX,Vy,CS-E,TRA,2026-06-01T16:15:15.946Z,2,v3,,
1697,MMLU-ProX,Nhu,CS-E,TRA,2026-06-02T23:33:54.585Z,2,v3,,
1698,MMLU-ProX,Dong,CS-E,TRA,2026-05-31T12:43:16.322Z,2,v3,,
1698,MMLU-ProX,Vy,CS-E,TRA,2026-06-01T16:15:21.398Z,2,v3,,
1698,MMLU-ProX,Nhu,CS-E,TRA,2026-06-02T23:33:54.585Z,2,v3,,
1699,MMLU-ProX,Dong,CA,TRA,2026-05-31T12:43:16.322Z,2,v3,,
1699,MMLU-ProX,Vy,CA,TRA,2026-06-01T16:15:26.851Z,2,v3,,
1699,MMLU-ProX,Nhu,CA,TRA,2026-06-02T23:33:54.585Z,2,v3,,
1700,MMLU-ProX,Dong,CA,TRA,2026-05-31T12:43:16.322Z,2,v3,,
1700,MMLU-ProX,Vy,CA,TRA,2026-06-01T16:15:32.303Z,2,v3,,
1700,MMLU-ProX,Nhu,CA,TRA,2026-06-02T23:33:54.585Z,2,v3,,
1701,MMLU-ProX,Dong,CA,TRA,2026-05-31T12:43:16.322Z,2,v3,,
1701,MMLU-ProX,Vy,CA,TRA,2026-06-01T16:15:37.756Z,2,v3,,
1701,MMLU-ProX,Nhu,CA,TRA,2026-06-02T23:33:54.585Z,2,v3,,
1702,MMLU-ProX,Dong,CS-E,TRA,2026-05-31T12:43:16.322Z,2,v3,,
1702,MMLU-ProX,Vy,CS-E,TRA,2026-06-01T16:15:43.208Z,2,v3,,
1702,MMLU-ProX,Nhu,CS-E,TRA,2026-06-02T23:33:54.585Z,2,v3,,
1703,MMLU-ProX,Dong,CS-E,TRA,2026-05-31T12:43:16.322Z,2,v3,,
1703,MMLU-ProX,Vy,CS-E,TRA,2026-06-01T16:15:48.660Z,2,v3,,
1703,MMLU-ProX,Nhu,CS-E,TRA,2026-06-02T23:33:54.585Z,2,v3,,
1704,MMLU-ProX,Dong,CS-E,TRA,2026-05-31T12:43:16.322Z,2,v3,,
1704,MMLU-ProX,Vy,CS-E,TRA,2026-06-01T16:15:54.113Z,2,v3,,
1704,MMLU-ProX,Nhu,CS-E,TRA,2026-06-02T23:33:54.585Z,2,v3,,
1705,MMLU-ProX,Dong,CS-E,TRA,2026-05-31T12:43:16.322Z,2,v3,,
1705,MMLU-ProX,Vy,CS-E,TRA,2026-06-01T16:15:59.565Z,2,v3,,
1705,MMLU-ProX,Nhu,CS-E,TRA,2026-06-02T23:33:54.585Z,2,v3,,
1706,MMLU-ProX,Dong,CS-E,TRA,2026-05-31T12:43:16.322Z,2,v3,,
1706,MMLU-ProX,Vy,CS-E,TRA,2026-06-01T16:16:05.018Z,2,v3,,
1706,MMLU-ProX,Nhu,CS-E,TRA,2026-06-02T23:33:54.585Z,2,v3,,
1707,MMLU-ProX,Dong,CS-E,TRA,2026-05-31T12:43:16.322Z,2,v3,,
1707,MMLU-ProX,Vy,CS-E,TRA,2026-06-01T16:16:10.470Z,2,v3,,
1707,MMLU-ProX,Nhu,CS-E,TRA,2026-06-02T23:33:54.585Z,2,v3,,
1708,MMLU-ProX,Dong,CS-E,TRA,2026-05-31T12:43:16.322Z,2,v3,,
1708,MMLU-ProX,Vy,CS-E,TRA,2026-06-01T16:16:15.922Z,2,v3,,
1708,MMLU-ProX,Nhu,CS-E,TRA,2026-06-02T23:33:54.585Z,2,v3,,
1709,MMLU-ProX,Dong,CS-E,TRA,2026-05-31T12:43:16.322Z,2,v3,,
1709,MMLU-ProX,Vy,CS-E,TRA,2026-06-01T16:16:21.375Z,2,v3,,
1709,MMLU-ProX,Nhu,CS-E,TRA,2026-06-02T23:33:54.585Z,2,v3,,
1710,MMLU-ProX,Dong,CS-E,TRA,2026-05-31T12:43:16.322Z,2,v3,,
1710,MMLU-ProX,Vy,CS-E,TRA,2026-06-01T16:16:26.827Z,2,v3,,
1710,MMLU-ProX,Nhu,CS-E,TRA,2026-06-02T23:33:54.585Z,2,v3,,
1711,MMLU-ProX,Dong,CS-E,TRA,2026-05-31T12:43:16.322Z,2,v3,,
1711,MMLU-ProX,Vy,CS-E,TRA,2026-06-01T16:16:32.280Z,2,v3,,
1711,MMLU-ProX,Nhu,CS-E,TRA,2026-06-02T23:33:54.585Z,2,v3,,
1712,MMLU-ProX,Dong,CS-E,TRA,2026-05-31T12:43:16.322Z,2,v3,,
1712,MMLU-ProX,Vy,CS-E,TRA,2026-06-01T16:16:37.732Z,2,v3,,
1712,MMLU-ProX,Nhu,CS-E,TRA,2026-06-02T23:33:54.585Z,2,v3,,
1713,MMLU-ProX,Dong,CS-E,TRA,2026-05-31T12:43:16.322Z,2,v3,,
1713,MMLU-ProX,Vy,CS-E,TRA,2026-06-01T16:16:43.184Z,2,v3,,
1713,MMLU-ProX,Nhu,CS-E,TRA,2026-06-02T23:33:54.585Z,2,v3,,
1714,MMLU-ProX,Dong,CS-E,TRA,2026-05-31T12:43:16.322Z,2,v3,,
1714,MMLU-ProX,Vy,CS-E,TRA,2026-06-01T16:16:48.637Z,2,v3,,
1714,MMLU-ProX,Nhu,CS-E,TRA,2026-06-02T23:33:54.585Z,2,v3,,
1715,MMLU-ProX,Dong,CS-E,TRA,2026-05-31T12:43:16.322Z,2,v3,,
1715,MMLU-ProX,Vy,CS-E,TRA,2026-06-01T16:16:54.089Z,2,v3,,
1715,MMLU-ProX,Nhu,CS-E,TRA,2026-06-02T23:33:54.585Z,2,v3,,
1716,MMLU-ProX,Dong,CS-E,TRA,2026-05-31T12:43:16.322Z,2,v3,,
1716,MMLU-ProX,Vy,CS-E,TRA,2026-06-01T16:16:59.542Z,2,v3,,
1716,MMLU-ProX,Nhu,CS-E,TRA,2026-06-02T23:33:54.585Z,2,v3,,
1717,MMLU-ProX,Dong,CS-E,TRA,2026-05-31T12:43:16.322Z,2,v3,,
1717,MMLU-ProX,Vy,CS-E,TRA,2026-06-01T16:17:04.994Z,2,v3,,
1717,MMLU-ProX,Nhu,CS-E,TRA,2026-06-02T23:33:54.585Z,2,v3,,
1718,MMLU-ProX,Dong,CS-E,TRA,2026-05-31T12:43:16.322Z,2,v3,,
1718,MMLU-ProX,Vy,CS-E,TRA,2026-06-01T16:17:10.446Z,2,v3,,
1718,MMLU-ProX,Nhu,CS-E,TRA,2026-06-02T23:33:54.585Z,2,v3,,
1719,MMLU-ProX,Dong,CS-E,TRA,2026-05-31T12:43:16.322Z,2,v3,,
1719,MMLU-ProX,Vy,CS-E,TRA,2026-06-01T16:17:15.899Z,2,v3,,
1719,MMLU-ProX,Nhu,CS-E,TRA,2026-06-02T23:33:54.585Z,2,v3,,
1720,MMLU-ProX,Dong,CS-E,TRA,2026-05-31T12:43:16.322Z,2,v3,,
1720,MMLU-ProX,Vy,CS-E,TRA,2026-06-01T16:17:21.351Z,2,v3,,
1720,MMLU-ProX,Nhu,CS-E,TRA,2026-06-02T23:33:54.585Z,2,v3,,
1721,MMLU-ProX,Dong,CS-E,TRA,2026-05-31T12:43:16.322Z,2,v3,,
1721,MMLU-ProX,Vy,CS-E,TRA,2026-06-01T16:17:26.804Z,2,v3,,
1721,MMLU-ProX,Nhu,CS-E,TRA,2026-06-02T23:33:54.585Z,2,v3,,
1722,MMLU-ProX,Dong,CS-E,TRA,2026-05-31T12:43:16.322Z,2,v3,,
1722,MMLU-ProX,Vy,CS-E,TRA,2026-06-01T16:17:32.256Z,2,v3,,
1722,MMLU-ProX,Nhu,CS-E,TRA,2026-06-02T23:33:54.585Z,2,v3,,
1723,MMLU-ProX,Dong,CS-E,TRA,2026-05-31T12:43:16.322Z,2,v3,,
1723,MMLU-ProX,Vy,CS-E,TRA,2026-06-01T16:17:37.708Z,2,v3,,
1723,MMLU-ProX,Nhu,CS-E,TRA,2026-06-02T23:33:54.585Z,2,v3,,
1724,MMLU-ProX,Dong,CS-E,TRA,2026-05-31T12:43:16.322Z,2,v3,,
1724,MMLU-ProX,Vy,CS-E,TRA,2026-06-01T16:17:43.161Z,2,v3,,
1724,MMLU-ProX,Nhu,CS-E,TRA,2026-06-02T23:33:54.585Z,2,v3,,
1725,MMLU-ProX,Dong,CS-E,TRA,2026-05-31T12:43:16.322Z,2,v3,,
1725,MMLU-ProX,Vy,CS-E,TRA,2026-06-01T16:17:48.613Z,2,v3,,
1725,MMLU-ProX,Nhu,CS-E,TRA,2026-06-02T23:33:54.585Z,2,v3,,
1726,MMLU-ProX,Dong,CS-E,TRA,2026-05-31T12:43:16.322Z,2,v3,,
1726,MMLU-ProX,Vy,CS-E,TRA,2026-06-01T16:17:54.066Z,2,v3,,
1726,MMLU-ProX,Nhu,CS-E,TRA,2026-06-02T23:33:54.585Z,2,v3,,
1727,MMLU-ProX,Dong,CS-E,TRA,2026-05-31T12:43:16.322Z,2,v3,,
1727,MMLU-ProX,Vy,CS-E,TRA,2026-06-01T16:17:59.518Z,2,v3,,
1727,MMLU-ProX,Nhu,CS-E,TRA,2026-06-02T23:33:54.585Z,2,v3,,
1728,MMLU-ProX,Dong,CA,TRA,2026-05-31T12:43:16.322Z,2,v3,,
1728,MMLU-ProX,Vy,CS-E,TRA,2026-06-01T16:18:04.970Z,2,v3,,
1728,MMLU-ProX,Nhu,CS-E,TRA,2026-06-02T23:33:54.585Z,2,v3,,
1729,MMLU-ProX,Dong,CS-E,TRA,2026-05-31T12:43:16.322Z,2,v3,,
1729,MMLU-ProX,Vy,CS-E,TRA,2026-06-01T16:18:10.423Z,2,v3,,
1729,MMLU-ProX,Nhu,CS-E,TRA,2026-06-02T23:33:54.585Z,2,v3,,
1730,MMLU-ProX,Dong,CS-E,TRA,2026-05-31T12:43:16.322Z,2,v3,,
1730,MMLU-ProX,Vy,CS-E,TRA,2026-06-01T16:18:15.875Z,2,v3,,
1730,MMLU-ProX,Nhu,CS-E,TRA,2026-06-02T23:33:54.585Z,2,v3,,
1731,MMLU-ProX,Dong,CS-E,TRA,2026-05-31T12:43:16.322Z,2,v3,,
1731,MMLU-ProX,Vy,CS-E,TRA,2026-06-01T16:18:21.328Z,2,v3,,
1731,MMLU-ProX,Nhu,CS-E,TRA,2026-06-02T23:33:54.585Z,2,v3,,
1732,MMLU-ProX,Dong,CS-E,TRA,2026-05-31T12:43:16.322Z,2,v3,,
1732,MMLU-ProX,Vy,CS-E,TRA,2026-06-01T16:18:26.780Z,2,v3,,
1732,MMLU-ProX,Nhu,CS-E,TRA,2026-06-02T23:33:54.585Z,2,v3,,
1733,MMLU-ProX,Dong,CS-E,TRA,2026-05-31T12:43:16.322Z,2,v3,,
1733,MMLU-ProX,Vy,CS-E,TRA,2026-06-01T16:18:32.232Z,2,v3,,
1733,MMLU-ProX,Nhu,CS-E,TRA,2026-06-02T23:33:54.585Z,2,v3,,
1734,MMLU-ProX,Dong,CS-E,TRA,2026-05-31T12:43:16.322Z,2,v3,,
1734,MMLU-ProX,Vy,CS-E,TRA,2026-06-01T16:18:37.685Z,2,v3,,
1734,MMLU-ProX,Nhu,CS-E,TRA,2026-06-02T23:33:54.585Z,2,v3,,
1735,MMLU-ProX,Dong,CS-E,TRA,2026-05-31T12:43:16.322Z,2,v3,,
1735,MMLU-ProX,Vy,CS-E,TRA,2026-06-01T16:18:43.137Z,2,v3,,
1735,MMLU-ProX,Nhu,CS-E,TRA,2026-06-02T23:33:54.585Z,2,v3,,
1736,MMLU-ProX,Dong,CS-E,TRA,2026-05-31T12:43:16.322Z,2,v3,,
1736,MMLU-ProX,Vy,CS-E,TRA,2026-06-01T16:18:48.590Z,2,v3,,
1736,MMLU-ProX,Nhu,CS-E,TRA,2026-06-02T23:33:54.585Z,2,v3,,
1737,MMLU-ProX,Dong,CS-E,TRA,2026-05-31T12:43:16.322Z,2,v3,,
1737,MMLU-ProX,Vy,CS-E,TRA,2026-06-01T16:18:54.042Z,2,v3,,
1737,MMLU-ProX,Nhu,CS-E,TRA,2026-06-02T23:33:54.585Z,2,v3,,
1738,MMLU-ProX,Dong,CS-E,TRA,2026-05-31T12:43:16.322Z,2,v3,,
1738,MMLU-ProX,Vy,CS-E,TRA,2026-06-01T16:18:59.494Z,2,v3,,
1738,MMLU-ProX,Nhu,CS-E,TRA,2026-06-02T23:33:54.585Z,2,v3,,
1739,MMLU-ProX,Dong,CS-E,TRA,2026-05-31T12:43:16.322Z,2,v3,,
1739,MMLU-ProX,Vy,CS-E,TRA,2026-06-01T16:19:04.947Z,2,v3,,
1739,MMLU-ProX,Nhu,CS-E,TRA,2026-06-02T23:33:54.585Z,2,v3,,
1740,MMLU-ProX,Dong,CS-E,TRA,2026-05-31T12:43:16.322Z,2,v3,,
1740,MMLU-ProX,Vy,CS-E,TRA,2026-06-01T16:19:10.399Z,2,v3,,
1740,MMLU-ProX,Nhu,CS-E,TRA,2026-06-02T23:33:54.585Z,2,v3,,
1741,MMLU-ProX,Dong,CS-E,TRA,2026-05-31T12:43:16.322Z,2,v3,,
1741,MMLU-ProX,Vy,CS-E,TRA,2026-06-01T16:19:15.852Z,2,v3,,
1741,MMLU-ProX,Nhu,CS-E,TRA,2026-06-02T23:33:54.585Z,2,v3,,
1742,MMLU-ProX,Dong,CS-E,TRA,2026-05-31T12:43:16.322Z,2,v3,,
1742,MMLU-ProX,Vy,CS-E,TRA,2026-06-01T16:19:21.304Z,2,v3,,
1742,MMLU-ProX,Nhu,CS-E,TRA,2026-06-02T23:33:54.585Z,2,v3,,
1743,MMLU-ProX,Dong,CS-E,TRA,2026-05-31T12:43:16.322Z,2,v3,,
1743,MMLU-ProX,Vy,CS-E,TRA,2026-06-01T16:19:26.757Z,2,v3,,
1743,MMLU-ProX,Nhu,CS-E,TRA,2026-06-02T23:33:54.585Z,2,v3,,
1744,MMLU-ProX,Dong,CS-E,TRA,2026-05-31T12:43:16.322Z,2,v3,,
1744,MMLU-ProX,Vy,CS-E,TRA,2026-06-01T16:19:32.209Z,2,v3,,
1744,MMLU-ProX,Nhu,CS-E,TRA,2026-06-02T23:33:54.585Z,2,v3,,
1745,MMLU-ProX,Dong,CS-E,TRA,2026-05-31T12:43:16.322Z,2,v3,,
1745,MMLU-ProX,Vy,CS-E,TRA,2026-06-01T16:19:37.661Z,2,v3,,
1745,MMLU-ProX,Nhu,CS-E,TRA,2026-06-02T23:33:54.585Z,2,v3,,
1746,MMLU-ProX,Dong,CS-E,TRA,2026-05-31T12:43:16.322Z,2,v3,,
1746,MMLU-ProX,Vy,CS-E,TRA,2026-06-01T16:19:43.114Z,2,v3,,
1746,MMLU-ProX,Nhu,CS-E,TRA,2026-06-02T23:33:54.585Z,2,v3,,
1747,MMLU-ProX,Dong,CS-E,TRA,2026-05-31T12:43:16.322Z,2,v3,,
1747,MMLU-ProX,Vy,CS-E,TRA,2026-06-01T16:19:48.566Z,2,v3,,
1747,MMLU-ProX,Nhu,CS-E,TRA,2026-06-02T23:33:54.585Z,2,v3,,
1748,MMLU-ProX,Dong,CS-E,TRA,2026-05-31T12:43:16.322Z,2,v3,,
1748,MMLU-ProX,Vy,CS-E,TRA,2026-06-01T16:19:54.019Z,2,v3,,
1748,MMLU-ProX,Nhu,CS-E,TRA,2026-06-02T23:33:54.585Z,2,v3,,
1749,MMLU-ProX,Dong,CS-E,TRA,2026-05-31T12:43:16.322Z,2,v3,,
1749,MMLU-ProX,Vy,CS-E,TRA,2026-06-01T16:19:59.471Z,2,v3,,
1749,MMLU-ProX,Nhu,CS-E,TRA,2026-06-02T23:33:54.585Z,2,v3,,
1750,MMLU-ProX,Dong,CS-E,TRA,2026-05-31T12:43:16.322Z,2,v3,,
1750,MMLU-ProX,Vy,CS-E,TRA,2026-06-01T16:20:04.923Z,2,v3,,
1750,MMLU-ProX,Nhu,CS-E,TRA,2026-06-02T23:33:54.585Z,2,v3,,
1751,MMLU-ProX,Dong,CS-E,TRA,2026-05-31T12:43:16.322Z,2,v3,,
1751,MMLU-ProX,Vy,CS-E,TRA,2026-06-01T16:20:10.376Z,2,v3,,
1751,MMLU-ProX,Nhu,CS-E,TRA,2026-06-02T23:33:54.585Z,2,v3,,
1752,MMLU-ProX,Dong,CS-E,TRA,2026-05-31T12:43:16.322Z,2,v3,,
1752,MMLU-ProX,Vy,CS-E,TRA,2026-06-01T16:20:15.828Z,2,v3,,
1752,MMLU-ProX,Nhu,CS-E,TRA,2026-06-02T23:33:54.585Z,2,v3,,
1753,MMLU-ProX,Dong,CS-E,TRA,2026-05-31T12:43:16.322Z,2,v3,,
1753,MMLU-ProX,Vy,CS-E,TRA,2026-06-01T16:20:21.281Z,2,v3,,
1753,MMLU-ProX,Nhu,CS-E,TRA,2026-06-02T23:33:54.585Z,2,v3,,
1754,MMLU-ProX,Dong,CS-E,TRA,2026-05-31T12:43:16.322Z,2,v3,,
1754,MMLU-ProX,Vy,CS-E,TRA,2026-06-01T16:20:26.733Z,2,v3,,
1754,MMLU-ProX,Nhu,CS-E,TRA,2026-06-02T23:33:54.585Z,2,v3,,
1755,MMLU-ProX,Dong,CS-E,TRA,2026-05-31T12:43:16.322Z,2,v3,,
1755,MMLU-ProX,Vy,CS-E,TRA,2026-06-01T16:20:32.185Z,2,v3,,
1755,MMLU-ProX,Nhu,CS-E,TRA,2026-06-02T23:33:54.585Z,2,v3,,
1756,MMLU-ProX,Dong,CS-E,TRA,2026-05-31T12:43:16.322Z,2,v3,,
1756,MMLU-ProX,Vy,CS-E,TRA,2026-06-01T16:20:37.638Z,2,v3,,
1756,MMLU-ProX,Nhu,CS-E,TRA,2026-06-02T23:33:54.585Z,2,v3,,
1757,MMLU-ProX,Dong,CS-E,TRA,2026-05-31T12:43:16.322Z,2,v3,,
1757,MMLU-ProX,Vy,CS-E,TRA,2026-06-01T16:20:43.090Z,2,v3,,
1757,MMLU-ProX,Nhu,CS-E,TRA,2026-06-02T23:33:54.585Z,2,v3,,
1758,MMLU-ProX,Dong,CS-E,TRA,2026-05-31T12:43:16.322Z,2,v3,,
1758,MMLU-ProX,Vy,CS-E,TRA,2026-06-01T16:20:48.543Z,2,v3,,
1758,MMLU-ProX,Nhu,CS-E,TRA,2026-06-02T23:33:54.585Z,2,v3,,
